Date,Ticker,Open,High,Low,Close,Adj_Close,Volume,Sentiment_Mean,Sentiment_Std,Headline_Count,Has_News
2021-02-01,AAPL,133.75,135.3800048828125,130.92999267578125,134.13999938964844,130.2244415283203,106239800,-0.15379976,0.23551,5,True
2021-02-01,MSFT,235.05999755859375,242.5,232.42999267578125,239.64999389648438,228.9342041015625,33314200,0.16188341,0.79323775,2,True
2021-02-01,NVDA,13.053250312805176,13.270750045776367,12.902750015258789,13.237000465393066,13.18380069732666,217204000,-0.65717775,0.36508965,2,True
2021-02-01,TSLA,271.42999267578125,280.6666564941406,265.1866760253906,279.9366760253906,279.9366760253906,76174200,0.23714289,0.6208068,11,True
2021-02-02,AAPL,135.72999572753906,136.30999755859375,134.61000061035156,134.99000549316406,131.04962158203125,83305400,0.022793416,0.5543057,4,True
2021-02-02,MSFT,241.3000030517578,242.30999755859375,238.69000244140625,239.50999450683594,228.80043029785156,25916300,-0.9683831,0.0,1,True
2021-02-02,NVDA,13.398750305175781,13.571999549865723,13.285499572753906,13.556750297546387,13.502265930175781,220440000,-0.94037855,0.0,1,True
2021-02-02,TSLA,281.55999755859375,293.5,280.73333740234375,290.92999267578125,290.92999267578125,73038600,-0.2901972,0.4654688,10,True
2021-02-03,AAPL,135.75999450683594,135.77000427246094,133.61000061035156,133.94000244140625,130.03025817871094,89880900,-0.25691277,0.43509403,5,True
2021-02-03,MSFT,239.57000732421875,245.08999633789062,239.25999450683594,243.0,232.13441467285156,27158100,0.049415853,0.6318799,9,True
2021-02-03,NVDA,13.63599967956543,13.931750297546387,13.516500473022461,13.530500411987305,13.476119041442871,245408000,0.0,0.0,0,False
2021-02-03,TSLA,292.3399963378906,292.6933288574219,284.35333251953125,284.89666748046875,284.89666748046875,55030500,0.34223396,0.3182066,8,True
2021-02-04,AAPL,136.3000030517578,137.39999389648438,134.58999633789062,137.38999938964844,133.3795166015625,84183100,0.38967967,0.5820256,4,True
2021-02-04,MSFT,242.66000366210938,243.24000549316406,240.3699951171875,242.00999450683594,231.1886749267578,25296100,0.16792093,0.0,1,True
2021-02-04,NVDA,13.531000137329102,13.673500061035156,13.337750434875488,13.664250373840332,13.609332084655762,201340000,0.0,0.0,0,False
2021-02-04,TSLA,285.0,285.5,277.8066711425781,283.3299865722656,283.3299865722656,47438100,0.24994805,0.44851404,4,True
2021-02-05,AAPL,137.35000610351562,137.4199981689453,135.86000061035156,136.75999450683594,132.96632385253906,75693800,0.30312946,0.46304902,8,True
2021-02-05,MSFT,242.22999572753906,243.27999877929688,240.4199981689453,242.1999969482422,231.37017822265625,18054800,0.7786804,0.0,1,True
2021-02-05,NVDA,13.725000381469727,13.737250328063965,13.54574966430664,13.590999603271484,13.536375045776367,169152000,0.5342049,0.0,1,True
2021-02-05,TSLA,281.6666564941406,288.25665283203125,279.65667724609375,284.07666015625,284.07666015625,55699800,0.199928,0.5482945,7,True
2021-02-08,AAPL,136.02999877929688,136.9600067138672,134.9199981689453,136.91000366210938,133.1121826171875,71297200,0.15996777,0.5811808,5,True
2021-02-08,MSFT,243.14999389648438,243.67999267578125,240.80999755859375,242.47000122070312,231.6280975341797,22211900,0.7535813,0.0,1,True
2021-02-08,NVDA,13.727250099182129,14.473750114440918,13.727250099182129,14.438750267028809,14.380721092224121,434624000,0.15872669,0.7260061,3,True
2021-02-08,TSLA,289.8900146484375,292.5899963378906,284.9166564941406,287.8066711425781,287.8066711425781,60485100,0.16644235,0.32387903,10,True
2021-02-09,AAPL,136.6199951171875,137.8800048828125,135.85000610351562,136.00999450683594,132.23715209960938,76774200,-0.52211446,0.34161842,3,True
2021-02-09,MSFT,241.8699951171875,244.75999450683594,241.3800048828125,243.77000427246094,232.87001037597656,23565000,0.20681304,0.49770865,4,True
2021-02-09,NVDA,14.340749740600586,14.583250045776367,14.22249984741211,14.263250350952148,14.205924034118652,287560000,0.0,0.0,0,False
2021-02-09,TSLA,285.0400085449219,286.6000061035156,280.5833435058594,283.1533203125,283.1533203125,45473100,0.072441645,0.6357934,11,True
2021-02-10,AAPL,136.47999572753906,136.99000549316406,134.39999389648438,135.38999938964844,131.6343536376953,73046600,0.17568247,0.46241167,6,True
2021-02-10,MSFT,245.0,245.9199981689453,240.88999938964844,242.82000732421875,231.96246337890625,22186700,-0.17146306,0.3181944,3,True
2021-02-10,NVDA,14.463250160217285,14.904999732971191,14.341500282287598,14.764249801635742,14.704913139343262,485352000,0.14178005,0.0,1,True
2021-02-10,TSLA,281.21331787109375,281.6066589355469,266.67333984375,268.2733459472656,268.2733459472656,108648300,0.16888632,0.49076393,11,True
2021-02-11,AAPL,135.89999389648438,136.38999938964844,133.77000427246094,135.1300048828125,131.38157653808594,64280000,-0.19955917,0.4194946,6,True
2021-02-11,MSFT,244.77999877929688,245.14999389648438,242.14999389648438,244.49000549316406,233.5578155517578,15751100,0.24795699,0.4825309,3,True
2021-02-11,NVDA,14.980250358581543,15.272250175476074,14.925000190734863,15.250749588012695,15.18945598602295,450828000,0.4265093,0.70821506,4,True
2021-02-11,TSLA,270.8133239746094,276.6266784667969,267.24334716796875,270.5533447265625,270.5533447265625,64868400,-0.06433298,0.6052754,10,True
2021-02-12,AAPL,134.35000610351562,135.52999877929688,133.69000244140625,135.3699951171875,131.6148681640625,60145100,0.045533642,0.58586544,6,True
2021-02-12,MSFT,243.92999267578125,245.3000030517578,242.72999572753906,244.99000549316406,234.035400390625,16561100,0.34024712,0.18057409,2,True
2021-02-12,NVDA,15.050000190734863,15.291250228881836,14.774999618530273,14.961250305175781,14.901121139526367,374756000,-0.77413726,0.0,1,True
2021-02-12,TSLA,267.086669921875,272.4433288574219,261.77667236328125,272.0400085449219,272.0400085449219,71304900,0.18939795,0.3091546,10,True
2021-02-16,AAPL,135.49000549316406,136.00999450683594,132.7899932861328,133.19000244140625,129.49537658691406,80576300,-0.10385214,0.45392218,10,True
2021-02-16,MSFT,245.02999877929688,246.1300048828125,242.9199981689453,243.6999969482422,232.80311584472656,26728500,0.5030893,0.5973902,2,True
2021-02-16,NVDA,15.064249992370605,15.3725004196167,14.949999809265137,15.330249786376953,15.268638610839844,321960000,0.8533143,0.0,1,True
2021-02-16,TSLA,272.6666564941406,273.6666564941406,264.14666748046875,265.40667724609375,265.40667724609375,59406900,0.18290377,0.4917699,10,True
2021-02-17,AAPL,131.25,132.22000122070312,129.47000122070312,130.83999633789062,127.21056365966797,97918500,-0.19883299,0.63884175,7,True
2021-02-17,MSFT,241.32000732421875,244.30999755859375,240.94000244140625,244.1999969482422,233.8179931640625,21653500,-0.07134334,0.5285693,6,True
2021-02-17,NVDA,15.170999526977539,15.22350025177002,14.779999732971191,14.906000137329102,14.84609317779541,274756000,0.9242689,0.0,1,True
2021-02-17,TSLA,259.6966552734375,266.61334228515625,254.00332641601562,266.04998779296875,266.04998779296875,77989500,0.2497592,0.5452716,9,True
2021-02-18,AAPL,129.1999969482422,130.0,127.41000366210938,129.7100067138672,126.11194610595703,96856700,0.18600191,0.65762603,3,True
2021-02-18,MSFT,241.8000030517578,243.92999267578125,240.86000061035156,243.7899932861328,233.4254608154297,16925600,-0.2370431,0.36007553,3,True
2021-02-18,NVDA,14.729000091552734,14.873250007629395,14.574999809265137,14.829000473022461,14.769401550292969,233868000,-0.3507258,0.7931727,2,True
2021-02-18,TSLA,260.29998779296875,264.89666748046875,258.75665283203125,262.4599914550781,262.4599914550781,53871300,-0.0619764,0.4578095,11,True
2021-02-19,AAPL,130.24000549316406,130.7100067138672,128.8000030517578,129.8699951171875,126.26744842529297,87668800,-0.28113547,0.4479396,6,True
2021-02-19,MSFT,243.75,243.86000061035156,240.17999267578125,240.97000122070312,230.725341796875,25262600,0.264653,0.41003957,4,True
2021-02-19,NVDA,15.024499893188477,15.177000045776367,14.846750259399414,14.92650032043457,14.866510391235352,271724000,0.0,0.0,0,False
2021-02-19,TSLA,265.0,265.5966796875,259.1233215332031,260.4333190917969,260.4333190917969,56874900,-0.12455863,0.5656615,7,True
2021-02-22,AAPL,128.00999450683594,129.72000122070312,125.5999984741211,126.0,122.50482177734375,103916400,-0.19218256,0.7863997,9,True
2021-02-22,MSFT,237.4199981689453,237.92999267578125,232.39999389648438,234.50999450683594,224.54002380371094,36446900,-0.20946762,0.33288914,2,True
2021-02-22,NVDA,14.774749755859375,15.13325023651123,14.324999809265137,14.35575008392334,14.298054695129395,325884000,-0.06438293,0.6124403,3,True
2021-02-22,TSLA,254.2133331298828,256.1666564941406,236.73333740234375,238.1666717529297,238.1666717529297,111809100,0.07690344,0.5339736,10,True
2021-02-23,AAPL,123.76000213623047,126.70999908447266,118.38999938964844,125.86000061035156,122.36869812011719,158273000,0.042760234,0.488002,3,True
2021-02-23,MSFT,230.3300018310547,234.8300018310547,228.72999572753906,233.27000427246094,223.35276794433594,30228700,-0.25608978,0.20844857,4,True
2021-02-23,NVDA,14.075249671936035,14.238750457763672,13.38949966430664,14.142000198364258,14.085163116455078,391780000,0.029576028,0.0,1,True
2021-02-23,TSLA,220.7100067138672,237.8699951171875,206.3333282470703,232.94667053222656,232.94667053222656,199820700,-0.19962995,0.6803923,12,True
2021-02-24,AAPL,124.94000244140625,125.55999755859375,122.2300033569336,125.3499984741211,121.87286376953125,111039900,0.0001978064,0.50533503,8,True
2021-02-24,MSFT,230.00999450683594,235.1999969482422,229.0,234.5500030517578,224.57826232910156,26339700,0.71901864,0.28452244,3,True
2021-02-24,NVDA,14.122750282287598,14.506750106811523,13.755999565124512,14.49899959564209,14.440726280212402,448320000,0.27922106,0.57413954,6,True
2021-02-24,TSLA,237.28334045410156,248.3333282470703,231.38999938964844,247.33999633789062,247.33999633789062,110301000,-0.07831492,0.7064884,10,True
2021-02-25,AAPL,124.68000030517578,126.45999908447266,120.54000091552734,120.98999786376953,117.63380432128906,148199500,-0.12708737,0.4493924,2,True
2021-02-25,MSFT,232.0800018310547,234.58999633789062,227.8800048828125,228.99000549316406,219.25466918945312,39542200,-0.27509558,0.24007718,2,True
2021-02-25,NVDA,14.045499801635742,14.374750137329102,13.2162504196167,13.307499885559082,13.254015922546387,824436000,-0.09007031,0.8080789,7,True
2021-02-25,TSLA,242.0500030517578,245.73666381835938,223.52667236328125,227.4066619873047,227.4066619873047,117071700,-0.15852818,0.73716176,8,True
2021-02-26,AAPL,122.58999633789062,124.8499984741211,121.19999694824219,121.26000213623047,117.89630889892578,164560400,-0.13628031,0.68971,4,True
2021-02-26,MSFT,231.52999877929688,235.3699951171875,229.5399932861328,232.3800048828125,222.50054931640625,37819200,0.022359641,0.0,1,True
2021-02-26,NVDA,13.7524995803833,13.854499816894531,13.361000061035156,13.714500427246094,13.659381866455078,500932000,-0.09576076,0.17767079,2,True
2021-02-26,TSLA,233.3333282470703,235.56666564941406,219.836669921875,225.1666717529297,225.1666717529297,123267600,-0.31934908,0.68725526,9,True
2021-03-01,AAPL,123.75,127.93000030517578,122.79000091552734,127.79000091552734,124.24517822265625,116307900,0.1974307,0.3753048,7,True
2021-03-01,MSFT,235.89999389648438,237.47000122070312,233.14999389648438,236.94000244140625,226.86668395996094,25324000,0.060408965,0.3516192,4,True
2021-03-01,NVDA,13.875,13.925000190734863,13.553250312805176,13.841750144958496,13.78611946105957,353184000,0.0,0.0,0,False
2021-03-01,TSLA,230.0366668701172,239.6666717529297,228.35000610351562,239.47666931152344,239.47666931152344,81408600,-0.13947205,0.39688957,9,True
2021-03-02,AAPL,128.41000366210938,128.72000122070312,125.01000213623047,125.12000274658203,121.64925384521484,102260900,0.040487297,0.3930943,4,True
2021-03-02,MSFT,237.00999450683594,237.3000030517578,233.4499969482422,233.8699951171875,223.9272003173828,22812500,-0.21612439,0.3935238,2,True
2021-03-02,NVDA,13.899999618530273,13.920499801635742,13.395999908447266,13.40625,13.352368354797363,264116000,0.0,0.0,0,False
2021-03-02,TSLA,239.42666625976562,240.3699951171875,228.3333282470703,228.81333923339844,228.81333923339844,71196600,-0.24072666,0.636209,10,True
2021-03-03,AAPL,124.80999755859375,125.70999908447266,121.83999633789062,122.05999755859375,118.67411804199219,112966300,-0.22747508,0.46837118,8,True
2021-03-03,MSFT,232.16000366210938,233.5800018310547,227.25999450683594,227.55999755859375,217.88546752929688,34029500,-0.40086105,0.4286536,3,True
2021-03-03,NVDA,13.426250457763672,13.451499938964844,12.798749923706055,12.804750442504883,12.753286361694336,377592000,0.0,0.0,0,False
2021-03-03,TSLA,229.3300018310547,233.56666564941406,217.23666381835938,217.73333740234375,217.73333740234375,90624000,-0.0240448,0.24491875,11,True
2021-03-04,AAPL,121.75,123.5999984741211,118.62000274658203,120.12999725341797,116.79764556884766,178155000,-0.44959933,0.6936604,5,True
2021-03-04,MSFT,226.74000549316406,232.49000549316406,224.25999450683594,226.72999572753906,217.09075927734375,44727800,-0.46634144,0.6157879,4,True
2021-03-04,NVDA,12.800749778747559,12.975000381469727,12.083749771118164,12.37024974822998,12.32053279876709,573344000,0.0,0.0,0,False
2021-03-04,TSLA,218.60000610351562,222.81666564941406,200.0,207.14666748046875,207.14666748046875,197758500,-0.04932149,0.6238919,10,True
2021-03-05,AAPL,120.9800033569336,121.94000244140625,117.56999969482422,121.41999816894531,118.0518569946289,153766600,-0.33876592,0.54821223,4,True
2021-03-05,MSFT,229.52000427246094,233.27000427246094,226.4600067138672,231.60000610351562,221.7537078857422,41872800,-0.1750117,0.89008325,4,True
2021-03-05,NVDA,12.550000190734863,12.550000190734863,11.67924976348877,12.46150016784668,12.411416053771973,542840000,-0.9414926,0.0,1,True
2021-03-05,TSLA,208.68666076660156,209.27999877929688,179.8300018310547,199.31666564941406,199.31666564941406,268189500,-0.11293944,0.6292558,5,True
2021-03-08,AAPL,120.93000030517578,121.0,116.20999908447266,116.36000061035156,113.1322250366211,154376600,-0.31744006,0.47128218,6,True
2021-03-08,MSFT,231.3699951171875,233.3699951171875,227.1300048828125,227.38999938964844,217.7227020263672,35267400,-0.040338505,0.49919564,6,True
2021-03-08,NVDA,12.449999809265137,12.4712495803833,11.566499710083008,11.593250274658203,11.546656608581543,543112000,0.0,0.0,0,False
2021-03-08,TSLA,200.18333435058594,206.7100067138672,186.26333618164062,187.6666717529297,187.6666717529297,155361000,0.20412974,0.5206913,11,True
2021-03-09,AAPL,119.02999877929688,122.05999755859375,118.79000091552734,121.08999633789062,117.73102569580078,129525800,-0.37356916,0.5485358,9,True
2021-03-09,MSFT,232.8800048828125,235.3800048828125,231.6699981689453,233.77999877929688,223.84103393554688,33080500,-0.067147374,0.926804,3,True
2021-03-09,NVDA,12.130249977111816,12.61674976348877,12.059249877929688,12.52025032043457,12.474234580993652,521824000,0.0,0.0,0,False
2021-03-09,TSLA,202.72666931152344,226.02999877929688,198.40333557128906,224.52667236328125,224.52667236328125,202569900,0.041181255,0.56144714,10,True
2021-03-10,AAPL,121.69000244140625,122.16999816894531,119.44999694824219,119.9800033569336,116.65182495117188,111943300,-0.0055240556,0.54428935,12,True
2021-03-10,MSFT,237.0,237.0,232.0399932861328,232.4199981689453,222.5388641357422,29746800,-0.041400384,0.22426476,4,True
2021-03-10,NVDA,12.840499877929688,12.979999542236328,12.457500457763672,12.468250274658203,12.42242431640625,384376000,0.017128656,0.013887134,3,True
2021-03-10,TSLA,233.43333435058594,239.28334045410156,218.35333251953125,222.68666076660156,222.68666076660156,181817100,0.14311767,0.60448116,14,True
2021-03-11,AAPL,122.54000091552734,123.20999908447266,121.26000213623047,121.95999908447266,118.5768814086914,103026500,-0.2296046,0.56540346,10,True
2021-03-11,MSFT,234.9600067138672,239.1699981689453,234.30999755859375,237.1300048828125,227.04861450195312,29907600,-0.13681933,0.5056781,2,True
2021-03-11,NVDA,12.949999809265137,13.046250343322754,12.73449993133545,12.993499755859375,12.945746421813965,299916000,0.0,0.0,0,False
2021-03-11,TSLA,233.13333129882812,234.1666717529297,225.72666931152344,233.1999969482422,233.1999969482422,108761700,0.31785083,0.4148372,11,True
2021-03-12,AAPL,120.4000015258789,121.16999816894531,119.16000366210938,121.02999877929688,117.67269134521484,88105100,-0.3479277,0.64059395,8,True
2021-03-12,MSFT,234.00999450683594,235.82000732421875,233.22999572753906,235.75,225.72726440429688,22653700,-0.54350454,0.3607009,3,True
2021-03-12,NVDA,12.648249626159668,12.888750076293945,12.59000015258789,12.855999946594238,12.808751106262207,243964000,0.0,0.0,0,False
2021-03-12,TSLA,223.3333282470703,231.6266632080078,222.04666137695312,231.2433319091797,231.2433319091797,100751400,-0.21695963,0.47173774,10,True
2021-03-15,AAPL,121.41000366210938,124.0,120.41999816894531,123.98999786376953,120.55058288574219,92403800,-0.1210325,0.42076144,2,True
2021-03-15,MSFT,234.9600067138672,235.19000244140625,231.80999755859375,234.80999755859375,224.82725524902344,26034900,0.10721878,0.6446383,8,True
2021-03-15,NVDA,12.864749908447266,13.20674991607666,12.767250061035156,13.19124984741211,13.142769813537598,221988000,0.0,0.0,0,False
2021-03-15,TSLA,231.3633270263672,237.72666931152344,228.01333618164062,235.97999572753906,235.97999572753906,88006800,-0.066034004,0.48060536,10,True
2021-03-16,AAPL,125.69999694824219,127.22000122070312,124.72000122070312,125.56999969482422,122.08675384521484,115227900,0.0035995245,0.7571974,13,True
2021-03-16,MSFT,236.27999877929688,240.05999755859375,235.94000244140625,237.7100067138672,227.60397338867188,28092200,-0.08263548,0.4440998,5,True
2021-03-16,NVDA,13.356499671936035,13.512499809265137,13.11674976348877,13.291250228881836,13.242401123046875,272128000,0.76361954,0.0,1,True
2021-03-16,TSLA,234.4499969482422,235.97332763671875,223.6666717529297,225.6266632080078,225.6266632080078,96587100,-0.10844495,0.3844996,10,True
2021-03-17,AAPL,124.05000305175781,125.86000061035156,122.33999633789062,124.76000213623047,121.2992172241211,111932600,-0.18607567,0.7156724,7,True
2021-03-17,MSFT,236.14999389648438,238.5500030517578,233.22999572753906,237.0399932861328,226.96240234375,29562100,0.19989178,1.007074,2,True
2021-03-17,NVDA,13.039750099182129,13.45324993133545,12.989500045776367,13.3412504196167,13.292217254638672,243864000,0.0,0.0,0,False
2021-03-17,TSLA,218.9566650390625,234.57666015625,217.00332641601562,233.93666076660156,233.93666076660156,121117500,-0.24602325,0.6312693,7,True
2021-03-18,AAPL,122.87999725341797,123.18000030517578,120.31999969482422,120.52999877929688,117.18656921386719,121229700,-0.15982683,0.44131032,10,True
2021-03-18,MSFT,232.55999755859375,234.19000244140625,230.3300018310547,230.72000122070312,220.91110229492188,34833000,0.21484926,0.64081585,4,True
2021-03-18,NVDA,13.136500358581543,13.184000015258789,12.717000007629395,12.72249984741211,12.675742149353027,293896000,0.0,0.0,0,False
2021-03-18,TSLA,228.09666442871094,229.7433319091797,217.3333282470703,217.72000122070312,217.72000122070312,99674400,0.0140473135,0.60607153,11,True
2021-03-19,AAPL,119.9000015258789,121.43000030517578,119.68000030517578,119.98999786376953,116.66153717041016,185549500,0.18421526,0.5281418,11,True
2021-03-19,MSFT,231.02000427246094,232.47000122070312,229.35000610351562,230.35000610351562,220.55686950683594,46430700,0.8928935,0.011744894,2,True
2021-03-19,NVDA,12.75,12.921500205993652,12.612500190734863,12.845749855041504,12.798538208007812,299208000,-0.8514679,0.0,1,True
2021-03-19,TSLA,215.53334045410156,219.07666015625,208.2066650390625,218.2899932861328,218.2899932861328,128682000,-0.12753345,0.5644578,11,True
2021-03-22,AAPL,120.33000183105469,123.87000274658203,120.26000213623047,123.38999938964844,119.96720886230469,111912300,-0.110408336,0.7276648,8,True
2021-03-22,MSFT,230.27000427246094,236.89999389648438,230.13999938964844,235.99000549316406,225.95706176757812,30127000,-0.19178948,0.29306874,2,True
2021-03-22,NVDA,12.912750244140625,13.394499778747559,12.906749725341797,13.186249732971191,13.137784957885742,297804000,-0.45779014,0.07604199,3,True
2021-03-22,TSLA,228.19667053222656,233.2066650390625,222.9166717529297,223.3333282470703,223.3333282470703,118536600,0.023851983,0.44526786,9,True
2021-03-23,AAPL,123.33000183105469,124.23999786376953,122.13999938964844,122.54000091552734,119.14078521728516,95467100,-0.25214934,0.46557215,9,True
2021-03-23,MSFT,237.49000549316406,241.0500030517578,237.07000732421875,237.5800018310547,227.4794921875,31638400,-0.32322374,0.772515,6,True
2021-03-23,NVDA,13.254249572753906,13.344499588012695,13.021249771118164,13.07075023651123,13.022711753845215,222048000,0.9162383,0.0,1,True
2021-03-23,TSLA,225.2566680908203,225.93333435058594,219.1699981689453,220.72000122070312,220.72000122070312,91475700,-0.13007377,0.4911214,11,True
2021-03-24,AAPL,122.81999969482422,122.9000015258789,120.06999969482422,120.08999633789062,116.75875854492188,88530500,-0.045977514,0.5944155,7,True
2021-03-24,MSFT,237.85000610351562,238.0,235.32000732421875,235.4600067138672,225.44960021972656,25620100,0.09322731,0.4654989,5,True
2021-03-24,NVDA,13.151249885559082,13.159250259399414,12.636750221252441,12.642999649047852,12.59653091430664,245840000,0.0,0.0,0,False
2021-03-24,TSLA,222.6366729736328,222.67333984375,210.0366668701172,210.08999633789062,210.08999633789062,101385600,-0.04313482,0.52570546,10,True
2021-03-25,AAPL,119.54000091552734,121.66000366210938,119.0,120.58999633789062,117.24488830566406,98844700,-0.010439783,0.74849916,5,True
2021-03-25,MSFT,235.3000030517578,236.94000244140625,231.57000732421875,232.33999633789062,222.4622344970703,34061900,-0.14661396,0.96291,3,True
2021-03-25,NVDA,12.499500274658203,12.714750289916992,12.272000312805176,12.535249710083008,12.489180564880371,295144000,0.0,0.0,0,False
2021-03-25,TSLA,204.3333282470703,215.1666717529297,203.1666717529297,213.4633331298828,213.4633331298828,117674700,0.09559353,0.59791636,11,True
2021-03-26,AAPL,120.3499984741211,121.4800033569336,118.91999816894531,121.20999908447266,117.84768676757812,94071200,-0.112822406,0.29208598,6,True
2021-03-26,MSFT,231.5500030517578,236.7100067138672,231.5500030517578,236.47999572753906,226.42626953125,25479900,-0.29471272,0.50344634,4,True
2021-03-26,NVDA,12.554499626159668,12.856249809265137,12.373499870300293,12.839249610900879,12.792059898376465,363968000,0.0,0.0,0,False
2021-03-26,TSLA,213.9566650390625,214.60667419433594,199.9633331298828,206.23666381835938,206.23666381835938,101558400,0.16417024,0.62259114,11,True
2021-03-29,AAPL,121.6500015258789,122.58000183105469,120.7300033569336,121.38999938964844,118.02271270751953,80819200,-0.38843685,0.47827548,8,True
2021-03-29,MSFT,236.58999633789062,236.8000030517578,231.8800048828125,235.24000549316406,225.2389678955078,25227500,-0.5878753,0.42368662,3,True
2021-03-29,NVDA,12.820249557495117,13.0625,12.699999809265137,12.948249816894531,12.90066146850586,273520000,0.08914879,0.07278047,2,True
2021-03-29,TSLA,205.2133331298828,205.4933319091797,198.67333984375,203.76333618164062,203.76333618164062,85911000,-0.43452683,0.4941368,9,True
2021-03-30,AAPL,120.11000061035156,120.4000015258789,118.86000061035156,119.9000015258789,116.57403564453125,85671900,-0.2076925,0.6741319,10,True
2021-03-30,MSFT,233.52999877929688,233.85000610351562,231.10000610351562,231.85000610351562,221.99305725097656,24792000,-0.8032177,0.26765686,3,True
2021-03-30,NVDA,12.842000007629395,12.975250244140625,12.704999923706055,12.871749877929688,12.824441909790039,200204000,0.8692753,0.0,1,True
2021-03-30,TSLA,200.5833282470703,212.55332946777344,197.00332641601562,211.8733367919922,211.8733367919922,118297200,-0.30236384,0.57940054,10,True
2021-03-31,AAPL,121.6500015258789,123.5199966430664,121.1500015258789,122.1500015258789,118.7616195678711,118323800,0.13303155,0.6861418,11,True
2021-03-31,MSFT,232.91000366210938,239.10000610351562,232.38999938964844,235.77000427246094,225.74639892578125,43623500,-0.35684586,0.5361775,3,True
2021-03-31,NVDA,13.01550006866455,13.470499992370605,12.982500076293945,13.348250389099121,13.299193382263184,314776000,0.042540923,0.689283,2,True
2021-03-31,TSLA,215.5399932861328,224.0,213.70333862304688,222.64332580566406,222.64332580566406,100011900,-0.31693682,0.60264087,11,True
2021-04-01,AAPL,123.66000366210938,124.18000030517578,122.48999786376953,123.0,119.5880355834961,75089100,-0.19040956,0.34742478,10,True
2021-04-01,MSFT,238.47000122070312,242.83999633789062,238.0500030517578,242.35000610351562,232.04664611816406,30338000,0.14537412,0.651762,3,True
2021-04-01,NVDA,13.572250366210938,13.869999885559082,13.511249542236328,13.811750411987305,13.760986328125,308276000,-0.43218842,0.6644056,2,True
2021-04-01,TSLA,229.4566650390625,230.80667114257812,219.80667114257812,220.5833282470703,220.5833282470703,105895200,0.08242608,0.64919937,11,True
2021-04-05,AAPL,123.87000274658203,126.16000366210938,123.06999969482422,125.9000015258789,122.40760040283203,88651200,0.07118745,0.61122036,9,True
2021-04-05,MSFT,242.75999450683594,249.9600067138672,242.6999969482422,249.07000732421875,238.4810028076172,36910600,-0.26141396,0.3531119,4,True
2021-04-05,NVDA,13.867500305175781,14.013999938964844,13.732999801635742,13.987500190734863,13.936092376708984,255672000,0.0,0.0,0,False
2021-04-05,TSLA,235.90333557128906,236.05332946777344,228.23333740234375,230.35000610351562,230.35000610351562,125528400,0.273058,0.68081826,11,True
2021-04-06,AAPL,126.5,127.12999725341797,125.6500015258789,126.20999908447266,122.708984375,80171300,-0.24271202,0.6690013,11,True
2021-04-06,MSFT,247.61000061035156,249.39999389648438,246.8800048828125,247.86000061035156,237.32240295410156,22931900,0.10914339,0.8354391,4,True
2021-04-06,NVDA,13.999750137329102,14.05424976348877,13.773500442504883,13.861499786376953,13.810554504394531,191744000,0.0,0.0,0,False
2021-04-06,TSLA,230.10000610351562,232.18333435058594,227.1233367919922,230.5399932861328,230.5399932861328,84815400,0.0763276,0.56885594,11,True
2021-04-07,AAPL,125.83000183105469,127.91999816894531,125.13999938964844,127.9000015258789,124.35212707519531,83466700,-0.27748036,0.7495563,5,True
2021-04-07,MSFT,247.80999755859375,250.92999267578125,247.19000244140625,249.89999389648438,239.27574157714844,22719800,0.069191016,0.6216354,6,True
2021-04-07,NVDA,13.880749702453613,14.243499755859375,13.71150016784668,14.143500328063965,14.09151840209961,251284000,0.06081447,0.0,1,True
2021-04-07,TSLA,229.0,230.4600067138672,222.6133270263672,223.6566619873047,223.6566619873047,78928200,-0.23262691,0.70386183,11,True
2021-04-08,AAPL,128.9499969482422,130.38999938964844,128.52000427246094,130.36000061035156,126.74391174316406,88844600,-0.11078769,0.52934694,10,True
2021-04-08,MSFT,252.77000427246094,254.13999938964844,252.0,253.25,242.48330688476562,23625200,-0.1358557,0.58710015,8,True
2021-04-08,NVDA,14.252750396728516,14.471500396728516,14.24899959564209,14.317000389099121,14.264383316040039,244416000,0.0,0.0,0,False
2021-04-08,TSLA,225.7933349609375,229.85000610351562,223.88333129882812,227.93333435058594,227.93333435058594,71772900,0.057073962,0.6691726,12,True
2021-04-09,AAPL,129.8000030517578,133.0399932861328,129.47000122070312,133.0,129.31065368652344,106686700,-0.19865692,0.52584416,9,True
2021-04-09,MSFT,252.8699951171875,255.99000549316406,252.44000244140625,255.85000610351562,244.9727783203125,24326800,-0.32389066,0.45674807,6,True
2021-04-09,NVDA,14.21399974822998,14.407999992370605,14.175000190734863,14.399999618530273,14.347075462341309,195172000,0.15053645,0.0,1,True
2021-04-09,TSLA,225.92333984375,226.99000549316406,223.14332580566406,225.67333984375,225.67333984375,64311300,0.07821538,0.6455489,11,True
2021-04-12,AAPL,132.52000427246094,132.85000610351562,130.6300048828125,131.24000549316406,127.5994644165039,91420000,-0.090890974,0.6891635,16,True
2021-04-12,MSFT,254.7100067138672,257.6700134277344,254.6199951171875,255.91000366210938,245.0302276611328,27148700,0.067453876,0.80790573,14,True
2021-04-12,NVDA,14.289750099182129,15.352499961853027,14.139249801635742,15.208999633789062,15.153104782104492,869324000,-0.10343433,0.7085188,7,True
2021-04-12,TSLA,228.56666564941406,234.93333435058594,227.3633270263672,233.9933319091797,233.9933319091797,87407100,0.38636547,0.5345342,13,True
2021-04-13,AAPL,132.44000244140625,134.66000366210938,131.92999267578125,134.42999267578125,130.70098876953125,91266500,-0.005375309,0.45477533,10,True
2021-04-13,MSFT,257.260009765625,259.19000244140625,256.8299865722656,258.489990234375,247.50051879882812,23837500,0.310215,0.43867794,5,True
2021-04-13,NVDA,15.231499671936035,15.699999809265137,15.125749588012695,15.679499626159668,15.62187385559082,676212000,0.09191774,0.532277,5,True
2021-04-13,TSLA,237.56666564941406,254.3333282470703,236.8866729736328,254.10667419433594,254.10667419433594,133958400,0.38730848,0.49264324,13,True
2021-04-14,AAPL,134.94000244140625,135.0,131.66000366210938,132.02999877929688,128.3675537109375,87222800,-0.22019672,0.68844,12,True
2021-04-14,MSFT,257.4800109863281,258.8299865722656,255.16000366210938,255.58999633789062,244.72377014160156,23070900,-0.44003463,0.370503,4,True
2021-04-14,NVDA,15.625,15.720499992370605,15.227499961853027,15.277000427246094,15.220854759216309,385500000,-0.092595726,0.43334988,2,True
2021-04-14,TSLA,256.8999938964844,260.2633361816406,242.67666625976562,244.07666015625,244.07666015625,147052200,-0.07143234,0.65581894,13,True
2021-04-15,AAPL,133.82000732421875,135.0,133.63999938964844,134.5,130.76904296875,89347100,0.3418042,0.7509568,5,True
2021-04-15,MSFT,257.92999267578125,259.92999267578125,257.7300109863281,259.5,248.4676055908203,25627500,0.15345831,0.41636282,6,True
2021-04-15,NVDA,15.662500381469727,16.214250564575195,15.631500244140625,16.137250900268555,16.07794761657715,598480000,0.48517296,0.6035723,9,True
2021-04-15,TSLA,247.6999969482422,247.89666748046875,240.43666076660156,246.28334045410156,246.28334045410156,83546700,0.23017012,0.5492852,12,True
2021-04-16,AAPL,134.3000030517578,134.6699981689453,133.27999877929688,134.16000366210938,130.4384307861328,84922400,0.19771,0.47778502,5,True
2021-04-16,MSFT,259.4700012207031,261.0,257.6000061035156,260.739990234375,249.6548614501953,24878600,0.22026531,0.46425462,5,True
2021-04-16,NVDA,16.05299949645996,16.16575050354004,15.865249633789062,15.912500381469727,15.854016304016113,335208000,0.2476611,0.0,1,True
2021-04-16,TSLA,242.88333129882812,249.80332946777344,241.53334045410156,246.5933380126953,246.5933380126953,83938500,0.056648035,0.6567875,12,True
2021-04-19,AAPL,133.50999450683594,135.47000122070312,133.33999633789062,134.83999633789062,131.099609375,94264200,0.00951646,0.47877878,10,True
2021-04-19,MSFT,260.19000244140625,261.4800109863281,257.82000732421875,258.739990234375,247.7398681640625,23209300,-0.20497903,0.5694198,5,True
2021-04-19,NVDA,15.536499977111816,15.807499885559082,15.232999801635742,15.361749649047852,15.305292129516602,404420000,-0.38822275,0.85367596,5,True
2021-04-19,TSLA,239.86666870117188,241.8000030517578,230.60000610351562,238.2100067138672,238.2100067138672,119058600,-0.417076,0.5098659,13,True
2021-04-20,AAPL,135.02000427246094,135.52999877929688,131.80999755859375,133.11000061035156,129.41761779785156,94812300,-0.27468917,0.57252043,10,True
2021-04-20,MSFT,257.82000732421875,260.20001220703125,256.8399963378906,258.260009765625,247.28028869628906,19722900,-0.46998498,0.50005496,3,True
2021-04-20,NVDA,15.323249816894531,15.496999740600586,14.963000297546387,15.171250343322754,15.11549186706543,334132000,-0.9545926,0.0,1,True
2021-04-20,TSLA,239.13999938964844,245.75,236.89666748046875,239.663330078125,239.663330078125,106827000,-0.12851611,0.5381123,10,True
2021-04-21,AAPL,132.36000061035156,133.75,131.3000030517578,133.5,129.79678344726562,68847100,-0.026311612,0.6033599,10,True
2021-04-21,MSFT,258.94000244140625,260.67999267578125,257.25,260.5799865722656,249.50164794921875,24030400,-0.12085951,0.715392,8,True
2021-04-21,NVDA,15.118749618530273,15.362500190734863,15.102250099182129,15.36050033569336,15.304046630859375,216776000,0.6730288,0.0,1,True
2021-04-21,TSLA,234.92333984375,248.27999877929688,232.6666717529297,248.0399932861328,248.0399932861328,93646500,-0.08628998,0.63962996,9,True
2021-04-22,AAPL,133.0399932861328,134.14999389648438,131.41000366210938,131.94000244140625,128.28001403808594,84566500,-0.28767887,0.55472773,9,True
2021-04-22,MSFT,260.2099914550781,261.7799987792969,255.63999938964844,257.1700134277344,246.23663330078125,25606200,-0.08211628,0.6647356,6,True
2021-04-22,NVDA,15.375,15.43850040435791,14.783499717712402,14.850250244140625,14.795670509338379,277788000,-0.16496056,0.6377456,3,True
2021-04-22,TSLA,247.1666717529297,251.2566680908203,239.34666442871094,239.89666748046875,239.89666748046875,106770900,-0.1490687,0.57289207,12,True
2021-04-23,AAPL,132.16000366210938,135.1199951171875,132.16000366210938,134.32000732421875,130.59405517578125,78657500,0.15414368,0.6150013,10,True
2021-04-23,MSFT,257.8800048828125,261.510009765625,257.2699890136719,261.1499938964844,250.0474395751953,21462600,0.2717945,0.5404226,7,True
2021-04-23,NVDA,14.934249877929688,15.335000038146973,14.900250434875488,15.265250205993652,15.209147453308105,227500000,0.0346501,0.7571291,6,True
2021-04-23,TSLA,239.93333435058594,245.7866668701172,238.48666381835938,243.13333129882812,243.13333129882812,85110000,0.2236691,0.48302203,11,True
2021-04-26,AAPL,134.8300018310547,135.05999755859375,133.55999755859375,134.72000122070312,130.98292541503906,66905100,-0.08537317,0.6569943,11,True
2021-04-26,MSFT,261.6600036621094,262.44000244140625,260.1700134277344,261.54998779296875,250.4303436279297,19763300,0.15861335,0.55590403,12,True
2021-04-26,NVDA,15.1850004196167,15.479000091552734,15.125,15.477999687194824,15.421112060546875,197796000,0.25869364,0.8485032,4,True
2021-04-26,TSLA,247.0,249.76666259765625,244.20333862304688,246.06666564941406,246.06666564941406,93115500,0.27712592,0.6105062,14,True
2021-04-27,AAPL,135.00999450683594,135.41000366210938,134.11000061035156,134.38999938964844,130.66209411621094,66015800,0.13072968,0.6505367,9,True
2021-04-27,MSFT,261.5799865722656,263.19000244140625,260.1199951171875,261.9700012207031,250.8325958251953,31014200,0.21785341,0.7208178,12,True
2021-04-27,NVDA,15.578499794006348,15.670499801635742,15.354499816894531,15.381750106811523,15.32521915435791,164572000,-0.25528598,0.8323459,2,True
2021-04-27,TSLA,239.32000732421875,241.3333282470703,234.4499969482422,234.913330078125,234.913330078125,88311000,-0.40896863,0.7693739,11,True
2021-04-28,AAPL,134.30999755859375,135.02000427246094,133.0800018310547,133.5800018310547,129.87454223632812,107760100,-0.099435985,0.6525309,12,True
2021-04-28,MSFT,256.0799865722656,256.5400085449219,252.9499969482422,254.55999755859375,243.73760986328125,46903100,0.0922094,0.55229884,10,True
2021-04-28,NVDA,15.364500045776367,15.53225040435791,15.215499877929688,15.276749610900879,15.220603942871094,209416000,0.0056687873,0.015666755,2,True
2021-04-28,TSLA,232.1366729736328,236.1666717529297,231.1999969482422,231.46665954589844,231.46665954589844,66813000,0.15169893,0.49252543,12,True
2021-04-29,AAPL,136.47000122070312,137.07000732421875,132.4499969482422,133.47999572753906,129.77732849121094,151101000,0.25778568,0.6666708,15,True
2021-04-29,MSFT,255.4600067138672,256.1000061035156,249.0,252.50999450683594,241.7747802734375,40589000,-0.27561042,0.75501734,5,True
2021-04-29,NVDA,15.399999618530273,15.43649959564209,15.071499824523926,15.324749946594238,15.268425941467285,173196000,-0.18899757,0.36183816,2,True
2021-04-29,TSLA,233.1699981689453,234.0833282470703,222.8333282470703,225.6666717529297,225.6666717529297,86536200,0.055199828,0.6037595,11,True
2021-04-30,AAPL,131.77999877929688,133.55999755859375,131.07000732421875,131.4600067138672,127.8133773803711,109839500,-0.30702934,0.65067244,10,True
2021-04-30,MSFT,249.74000549316406,253.0800018310547,249.60000610351562,252.17999267578125,241.45875549316406,30945100,0.5448654,0.48513085,2,True
2021-04-30,NVDA,15.174500465393066,15.364999771118164,14.996999740600586,15.009499549865723,14.954334259033203,201912000,-0.90300435,0.0,1,True
2021-04-30,TSLA,222.52999877929688,238.49000549316406,222.04666137695312,236.47999572753906,236.47999572753906,122276100,-0.17788422,0.65205294,12,True
2021-05-03,AAPL,132.0399932861328,134.07000732421875,131.8300018310547,132.5399932861328,128.86341857910156,75135100,-0.111437134,0.4362914,11,True
2021-05-03,MSFT,253.39999389648438,254.35000610351562,251.1199951171875,251.86000061035156,241.15235900878906,19626600,-0.04673943,0.61196274,6,True
2021-05-03,NVDA,15.125,15.246749877929688,14.787500381469727,14.836750030517578,14.782220840454102,203912000,-0.80529773,0.0,1,True
2021-05-03,TSLA,234.60000610351562,235.3333282470703,226.8333282470703,228.3000030517578,228.3000030517578,81129300,-0.13538025,0.62026817,11,True
2021-05-04,AAPL,131.19000244140625,131.49000549316406,126.69999694824219,127.8499984741211,124.30351257324219,137564700,-0.35478136,0.51088965,7,True
2021-05-04,MSFT,250.97000122070312,251.2100067138672,245.75999450683594,247.7899932861328,237.25538635253906,32756100,-0.056313682,0.35418856,5,True
2021-05-04,NVDA,14.637249946594238,14.637499809265137,14.010250091552734,14.351249694824219,14.298504829406738,405324000,-0.9421117,0.0,1,True
2021-05-04,TSLA,226.31333923339844,227.81666564941406,219.23333740234375,224.53334045410156,224.53334045410156,89217900,0.101219095,0.56576335,10,True
2021-05-05,AAPL,129.1999969482422,130.4499969482422,127.97000122070312,128.10000610351562,124.54656982421875,84000900,-0.042220727,0.52365696,8,True
2021-05-05,MSFT,249.05999755859375,249.5,245.82000732421875,246.47000122070312,235.99151611328125,21901300,-0.30874243,0.7664753,5,True
2021-05-05,NVDA,14.708999633789062,14.81350040435791,14.387499809265137,14.458499908447266,14.405360221862793,292024000,0.4954175,0.70725304,3,True
2021-05-05,TSLA,227.02000427246094,228.43333435058594,222.44667053222656,223.64666748046875,223.64666748046875,65705700,-0.028935157,0.45892498,11,True
2021-05-06,AAPL,127.88999938964844,129.75,127.12999725341797,129.74000549316406,126.14109802246094,78128300,-0.1785971,0.38408685,6,True
2021-05-06,MSFT,246.4499969482422,249.86000061035156,244.69000244140625,249.72999572753906,239.11293029785156,26491100,-0.59387726,0.0,1,True
2021-05-06,NVDA,14.49524974822998,14.571249961853027,14.218000411987305,14.52299976348877,14.469624519348145,193380000,0.0,0.0,0,False
2021-05-06,TSLA,226.9199981689453,227.0066680908203,216.6666717529297,221.17999267578125,221.17999267578125,83353800,-0.13197024,0.5157285,12,True
2021-05-07,AAPL,130.85000610351562,131.25999450683594,129.47999572753906,130.2100067138672,126.8131103515625,78973300,-0.29364723,0.8208204,4,True
2021-05-07,MSFT,252.14999389648438,254.3000030517578,251.1699981689453,252.4600067138672,241.72689819335938,27032900,-0.44485578,0.0,1,True
2021-05-07,NVDA,14.808250427246094,14.970749855041504,14.67175006866455,14.812250137329102,14.757810592651367,229328000,0.0,0.0,0,False
2021-05-07,TSLA,221.93333435058594,230.0,220.07333374023438,224.1233367919922,224.1233367919922,70407600,-0.23344283,0.52759933,11,True
2021-05-10,AAPL,129.41000366210938,129.5399932861328,126.80999755859375,126.8499984741211,123.54071807861328,88071200,-0.34175065,0.54572654,6,True
2021-05-10,MSFT,250.8699951171875,251.72999572753906,247.1199951171875,247.17999267578125,236.67129516601562,29299900,-0.14473945,0.60655576,2,True
2021-05-10,NVDA,14.787249565124512,14.805999755859375,14.25,14.26574993133545,14.213321685791016,268904000,0.6403851,0.0,1,True
2021-05-10,TSLA,221.63333129882812,221.68333435058594,209.20333862304688,209.67999267578125,209.67999267578125,94177200,-0.18547893,0.5571948,10,True
2021-05-11,AAPL,123.5,126.2699966430664,122.7699966430664,125.91000366210938,122.62525939941406,126142800,-0.45474675,0.60393447,12,True
2021-05-11,MSFT,244.5500030517578,246.60000610351562,242.57000732421875,246.22999572753906,235.76171875,33641600,0.0026256382,0.44255176,5,True
2021-05-11,NVDA,13.824999809265137,14.35474967956543,13.75,14.306249618530273,14.253668785095215,285584000,-0.19993305,1.0800699,2,True
2021-05-11,TSLA,199.74667358398438,209.03334045410156,198.53334045410156,205.73333740234375,205.73333740234375,139511700,-0.18495601,0.6068169,10,True
2021-05-12,AAPL,123.4000015258789,124.63999938964844,122.25,122.7699966430664,119.56716918945312,112172300,-0.32183793,0.402513,8,True
2021-05-12,MSFT,242.1699981689453,244.3800048828125,238.07000732421875,239.0,228.83912658691406,36684400,-0.27308854,0.31296432,2,True
2021-05-12,NVDA,14.009499549865723,14.260250091552734,13.709250450134277,13.758500099182129,13.70793342590332,303408000,-0.49438775,0.0,1,True
2021-05-12,TSLA,200.8300018310547,206.80332946777344,195.58999633789062,196.6300048828125,196.6300048828125,101470800,-0.20881107,0.5828869,10,True
2021-05-13,AAPL,124.58000183105469,126.1500015258789,124.26000213623047,124.97000122070312,121.70978546142578,105861300,0.3098677,0.7069771,6,True
2021-05-13,MSFT,241.8000030517578,245.60000610351562,241.4199981689453,243.02999877929688,232.69776916503906,29624300,0.70033634,0.17531584,2,True
2021-05-13,NVDA,14.0337495803833,14.080750465393066,13.458999633789062,13.665249824523926,13.615026473999023,285404000,0.0,0.0,0,False
2021-05-13,TSLA,200.51333618164062,202.15333557128906,186.5500030517578,190.56333923339844,190.56333923339844,132554700,-0.2745931,0.7341549,14,True
2021-05-14,AAPL,126.25,127.88999938964844,125.8499984741211,127.44999694824219,124.12509155273438,81918000,0.26766473,0.58489585,4,True
2021-05-14,MSFT,245.5800018310547,249.17999267578125,245.49000549316406,248.14999389648438,237.60008239746094,23901100,0.2906765,0.0,1,True
2021-05-14,NVDA,13.890000343322754,14.32800006866455,13.748499870300293,14.243000030517578,14.190652847290039,258616000,-0.725876,0.32737374,2,True
2021-05-14,TSLA,194.47000122070312,197.6233367919922,190.15333557128906,196.5800018310547,196.5800018310547,100112700,-0.039862607,0.77945435,9,True
2021-05-17,AAPL,126.81999969482422,126.93000030517578,125.16999816894531,126.2699966430664,122.97586059570312,74244600,-0.2484266,0.59779865,10,True
2021-05-17,MSFT,246.5500030517578,246.58999633789062,243.52000427246094,245.17999267578125,234.75633239746094,24970200,-0.5955354,0.3729141,5,True
2021-05-17,NVDA,14.156999588012695,14.169249534606934,13.853500366210938,14.165499687194824,14.113438606262207,216980000,0.79244524,0.0,1,True
2021-05-17,TSLA,191.85000610351562,196.57666015625,187.06666564941406,192.27667236328125,192.27667236328125,97171200,-0.43607008,0.39805296,11,True
2021-05-18,AAPL,126.55999755859375,126.98999786376953,124.77999877929688,124.8499984741211,121.5928955078125,63342900,-0.19203636,0.6274806,13,True
2021-05-18,MSFT,246.27000427246094,246.41000366210938,242.89999389648438,243.0800018310547,232.7456512451172,20168000,0.13528866,0.570837,4,True
2021-05-18,NVDA,14.267000198364258,14.404250144958496,14.003999710083008,14.01574993133545,13.96423625946045,186256000,-0.39203218,0.75060177,2,True
2021-05-18,TSLA,189.3333282470703,198.75,187.7933349609375,192.6233367919922,192.6233367919922,110491800,-0.46206945,0.4409699,10,True
2021-05-19,AAPL,123.16000366210938,124.91999816894531,122.86000061035156,124.69000244140625,121.43710327148438,92612000,-0.4522029,0.5867678,8,True
2021-05-19,MSFT,239.30999755859375,243.22999572753906,238.60000610351562,243.1199951171875,233.3214569091797,25739800,-0.4822894,0.81254834,3,True
2021-05-19,NVDA,13.566499710083008,14.079500198364258,13.54325008392334,14.065750122070312,14.01405143737793,344000000,-0.872755,0.0,1,True
2021-05-19,TSLA,184.18333435058594,188.73666381835938,182.32666015625,187.82000732421875,187.82000732421875,118735200,-0.5594073,0.45736417,11,True
2021-05-20,AAPL,125.2300033569336,127.72000122070312,125.0999984741211,127.30999755859375,123.98872375488281,76857100,-0.083785735,0.5806233,9,True
2021-05-20,MSFT,243.9600067138672,247.9499969482422,243.86000061035156,246.47999572753906,236.5460968017578,21800700,0.23552719,0.4887226,4,True
2021-05-20,NVDA,14.302499771118164,14.68375015258789,14.270500183105469,14.612500190734863,14.558794021606445,321592000,-0.21316546,0.9656912,3,True
2021-05-20,TSLA,191.6666717529297,196.28334045410156,190.35667419433594,195.5933380126953,195.5933380126953,92463300,-0.07791597,0.6876866,12,True
2021-05-21,AAPL,127.81999969482422,128.0,125.20999908447266,125.43000030517578,122.15777587890625,79295400,-0.1319564,0.59473,9,True
2021-05-21,MSFT,247.57000732421875,248.3300018310547,244.74000549316406,245.1699981689453,235.28884887695312,21863100,-0.6468093,0.25261796,3,True
2021-05-21,NVDA,15.163749694824219,15.222000122070312,14.869500160217285,14.99174976348877,14.93664836883545,672992000,-0.4426848,0.39781383,5,True
2021-05-21,TSLA,198.70333862304688,198.89332580566406,193.3333282470703,193.6266632080078,193.6266632080078,78091800,-0.09866884,0.6190029,11,True
2021-05-24,AAPL,126.01000213623047,127.94000244140625,125.94000244140625,127.0999984741211,123.78419494628906,63092900,0.07328497,0.5081908,5,True
2021-05-24,MSFT,247.7899932861328,251.16000366210938,247.50999450683594,250.77999877929688,240.6727752685547,21411500,0.40590984,0.5872304,7,True
2021-05-24,NVDA,15.212499618530273,15.744999885559082,15.175999641418457,15.612000465393066,15.554620742797852,554816000,0.88050413,0.05279786,2,True
2021-05-24,TSLA,193.86666870117188,204.82666015625,191.21665954589844,202.14666748046875,202.14666748046875,103674300,-0.011599297,0.5730648,10,True
2021-05-25,AAPL,127.81999969482422,128.32000732421875,126.31999969482422,126.9000015258789,123.58943176269531,72009500,-0.13926338,0.43217292,2,True
2021-05-25,MSFT,251.77000427246094,252.75,250.82000732421875,251.72000122070312,241.57485961914062,17704300,0.102019474,0.7733984,2,True
2021-05-25,NVDA,15.765999794006348,15.818499565124512,15.482500076293945,15.647749900817871,15.590238571166992,435408000,-0.06732144,0.7119417,3,True
2021-05-25,TSLA,202.43666076660156,204.663330078125,198.57000732421875,201.56333923339844,201.56333923339844,84017700,-0.033185165,0.4359394,11,True
2021-05-26,AAPL,126.95999908447266,127.38999938964844,126.41999816894531,126.8499984741211,123.54071807861328,56575900,-0.25307542,0.3740564,6,True
2021-05-26,MSFT,251.42999267578125,252.94000244140625,250.75,251.49000549316406,241.3541259765625,17771600,-0.6047694,0.0,1,True
2021-05-26,NVDA,15.73425006866455,15.793749809265137,15.586250305175781,15.699999809265137,15.642298698425293,370440000,-0.068388894,0.8670877,5,True
2021-05-26,TSLA,202.52000427246094,208.72332763671875,200.5,206.3766632080078,206.3766632080078,85917900,-0.031167671,0.4227158,10,True
2021-05-27,AAPL,126.44000244140625,127.63999938964844,125.08000183105469,125.27999877929688,122.01168060302734,94625600,-0.1830233,0.6077931,9,True
2021-05-27,MSFT,251.1699981689453,251.47999572753906,249.25,249.30999755859375,239.26197814941406,24426200,-0.21415699,0.58751476,5,True
2021-05-27,NVDA,15.699749946594238,15.75,15.460000038146973,15.48799991607666,15.431076049804688,581476000,0.06307226,0.75556487,9,True
2021-05-27,TSLA,206.74667358398438,210.3766632080078,205.40333557128906,210.28334045410156,210.28334045410156,79111800,-0.039463,0.5838144,10,True
2021-05-28,AAPL,125.56999969482422,125.80000305175781,124.55000305175781,124.61000061035156,121.35916137695312,71311100,-0.22177933,0.6294031,7,True
2021-05-28,MSFT,251.0,252.0800018310547,249.55999755859375,249.67999267578125,239.6170654296875,18270200,-0.24306922,0.6251085,5,True
2021-05-28,NVDA,15.50100040435791,16.27750015258789,15.50100040435791,16.24449920654297,16.18479347229004,644536000,0.47439456,0.5064046,4,True
2021-05-28,TSLA,209.5,211.8633270263672,207.4600067138672,208.4066619873047,208.4066619873047,68211000,-0.29496706,0.6753045,11,True
2021-06-01,AAPL,125.08000183105469,125.3499984741211,123.94000244140625,124.27999877929688,121.03777313232422,67637100,0.2758769,0.42632958,11,True
2021-06-01,MSFT,251.22999572753906,251.2899932861328,246.9600067138672,247.39999389648438,237.428955078125,23213300,0.12122123,0.5002158,5,True
2021-06-01,NVDA,16.270000457763672,16.38825035095215,15.903249740600586,16.26449966430664,16.204721450805664,472804000,-0.022638056,0.6086985,5,True
2021-06-01,TSLA,209.26666259765625,211.26666259765625,206.85000610351562,207.96665954589844,207.96665954589844,54254700,0.12375585,0.6501496,12,True
2021-06-02,AAPL,124.27999877929688,125.23999786376953,124.05000305175781,125.05999755859375,121.79741668701172,59278900,0.021460837,0.64130944,10,True
2021-06-02,MSFT,248.1300048828125,249.27000427246094,245.83999633789062,247.3000030517578,237.3330078125,19406700,0.27159455,0.3397083,7,True
2021-06-02,NVDA,16.25225067138672,16.918750762939453,16.23550033569336,16.778249740600586,16.716583251953125,594168000,0.60375303,0.45474765,2,True
2021-06-02,TSLA,206.7100067138672,207.7866668701172,199.7133331298828,201.7066650390625,201.7066650390625,69908400,-0.1455593,0.7297543,9,True
2021-06-03,AAPL,124.68000030517578,124.8499984741211,123.12999725341797,123.54000091552734,120.3171157836914,76229200,-0.17157692,0.50648785,5,True
2021-06-03,MSFT,245.22000122070312,246.33999633789062,243.0,245.7100067138672,235.80712890625,25307700,0.43664208,0.50450784,3,True
2021-06-03,NVDA,16.70075035095215,17.259000778198242,16.58300018310547,16.969749450683594,16.90738296508789,580008000,-0.52298504,0.43681747,3,True
2021-06-03,TSLA,200.60000610351562,201.51666259765625,190.4066619873047,190.94667053222656,190.94667053222656,90335700,-0.40451786,0.6071527,11,True
2021-06-04,AAPL,124.06999969482422,126.16000366210938,123.8499984741211,125.88999938964844,122.60577392578125,75169300,0.06467635,0.51055163,10,True
2021-06-04,MSFT,247.75999450683594,251.64999389648438,247.50999450683594,250.7899932861328,240.6823272705078,25281100,0.46587536,0.44006816,3,True
2021-06-04,NVDA,17.112499237060547,17.660999298095703,17.095500946044922,17.578250885009766,17.51364517211914,617120000,0.66537136,0.3689344,2,True
2021-06-04,TSLA,193.23666381835938,200.20333862304688,192.39999389648438,199.68333435058594,199.68333435058594,72110700,0.10228497,0.4452301,10,True
2021-06-07,AAPL,126.16999816894531,126.31999969482422,124.83000183105469,125.9000015258789,122.61551666259766,71057600,-0.19684674,0.621885,12,True
2021-06-07,MSFT,249.97999572753906,254.08999633789062,249.80999755859375,253.80999755859375,243.58062744140625,23079200,0.0773708,0.5528895,3,True
2021-06-07,NVDA,17.571250915527344,17.8125,17.192750930786133,17.618999481201172,17.554243087768555,575756000,-0.09740696,0.2557881,4,True
2021-06-07,TSLA,197.27667236328125,203.3333282470703,194.2933349609375,201.7100067138672,201.7100067138672,67631100,-0.07089231,0.6034076,11,True
2021-06-08,AAPL,126.5999984741211,128.4600067138672,126.20999908447266,126.73999786376953,123.43359375,74403800,-0.18854927,0.4053077,6,True
2021-06-08,MSFT,255.16000366210938,256.010009765625,252.50999450683594,252.57000732421875,242.390625,22455000,0.0,0.0,0,False
2021-06-08,NVDA,17.527250289916992,17.62150001525879,17.250999450683594,17.457000732421875,17.392841339111328,323848000,0.0,0.0,0,False
2021-06-08,TSLA,207.6699981689453,207.69667053222656,198.5,201.19667053222656,201.19667053222656,78160200,-0.022781948,0.71297497,12,True
2021-06-09,AAPL,127.20999908447266,127.75,126.5199966430664,127.12999725341797,123.81341552734375,56877900,-0.42537776,0.43700635,6,True
2021-06-09,MSFT,253.80999755859375,255.52999877929688,253.2100067138672,253.58999633789062,243.36947631835938,17937600,-0.13323887,0.7982478,4,True
2021-06-09,NVDA,17.515750885009766,17.575000762939453,17.25575065612793,17.35824966430664,17.298418045043945,381656000,0.0,0.0,0,False
2021-06-09,TSLA,200.72332763671875,203.92999267578125,199.2100067138672,199.5933380126953,199.5933380126953,49753800,0.29282698,0.45524547,9,True
2021-06-10,AAPL,127.0199966430664,128.19000244140625,125.94000244140625,126.11000061035156,122.8200454711914,71186400,-0.18981272,0.36898637,6,True
2021-06-10,MSFT,254.2899932861328,257.4599914550781,253.6699981689453,257.239990234375,246.8723602294922,24563600,0.22595394,0.4371226,4,True
2021-06-10,NVDA,17.350000381469727,17.492000579833984,17.176000595092773,17.424999237060547,17.36493682861328,287772000,0.0,0.0,0,False
2021-06-10,TSLA,201.2933349609375,205.52999877929688,200.1666717529297,203.3733367919922,203.3733367919922,71758800,-0.053198863,0.6374192,10,True
2021-06-11,AAPL,126.52999877929688,127.44000244140625,126.0999984741211,127.3499984741211,124.0276870727539,53522400,-0.22336358,0.41370785,4,True
2021-06-11,MSFT,257.989990234375,258.489990234375,256.6099853515625,257.8900146484375,247.49623107910156,18999700,0.1371515,0.69183433,3,True
2021-06-11,NVDA,17.47949981689453,17.939250946044922,17.443750381469727,17.82525062561035,17.763809204101562,416308000,0.15927689,0.52314264,5,True
2021-06-11,TSLA,203.41000366210938,204.18666076660156,200.5066680908203,203.29666137695312,203.29666137695312,48615900,-0.29227734,0.4321176,11,True
2021-06-14,AAPL,127.81999969482422,130.5399932861328,127.06999969482422,130.47999572753906,127.07605743408203,96906500,0.09963801,0.57887465,12,True
2021-06-14,MSFT,257.8999938964844,259.95001220703125,256.79998779296875,259.8900146484375,249.41558837890625,19150500,0.18727688,0.55849063,7,True
2021-06-14,NVDA,17.9060001373291,18.039499282836914,17.662750244140625,18.018749237060547,17.956640243530273,321376000,0.1254943,0.59178925,4,True
2021-06-14,TSLA,204.07666015625,208.49667358398438,203.05999755859375,205.89666748046875,205.89666748046875,61272000,0.28562453,0.4778472,10,True
2021-06-15,AAPL,129.94000244140625,130.60000610351562,129.38999938964844,129.63999938964844,126.25796508789062,62746300,-0.24624416,0.45685565,13,True
2021-06-15,MSFT,259.7699890136719,259.989990234375,257.67999267578125,258.3599853515625,247.94723510742188,18038900,-0.2714122,0.4117735,4,True
2021-06-15,NVDA,17.915000915527344,18.016250610351562,17.72800064086914,17.78849983215332,17.72718620300293,243032000,-0.90705574,0.0,1,True
2021-06-15,TSLA,205.56333923339844,205.59666442871094,199.41000366210938,199.7866668701172,199.7866668701172,53292300,-0.19829415,0.5635145,12,True
2021-06-16,AAPL,130.3699951171875,130.88999938964844,128.4600067138672,130.14999389648438,126.7546157836914,91815000,0.027505724,0.40312433,6,True
2021-06-16,MSFT,259.3999938964844,260.5799865722656,254.4199981689453,257.3800048828125,247.00672912597656,27220000,-0.057363663,0.31152213,3,True
2021-06-16,NVDA,17.79075050354004,17.954750061035156,17.58449935913086,17.81024932861328,17.748855590820312,307124000,0.17932542,0.0,1,True
2021-06-16,TSLA,199.17999267578125,202.8333282470703,197.8333282470703,201.6233367919922,201.6233367919922,66432300,-0.30833942,0.6069492,10,True
2021-06-17,AAPL,129.8000030517578,132.5500030517578,129.64999389648438,131.7899932861328,128.3518829345703,96721700,-0.029842237,0.71529114,8,True
2021-06-17,MSFT,256.07000732421875,261.75,256.010009765625,260.8999938964844,250.3848419189453,27565500,-0.6899259,0.44569844,4,True
2021-06-17,NVDA,17.774499893188477,18.834999084472656,17.756250381469727,18.657249450683594,18.592941284179688,809656000,0.5936359,0.4312953,5,True
2021-06-17,TSLA,200.6300048828125,207.1566619873047,200.44667053222656,205.53334045410156,205.53334045410156,68104200,0.2923993,0.47944513,11,True
2021-06-18,AAPL,130.7100067138672,131.50999450683594,130.24000549316406,130.4600067138672,127.05655670166016,108953300,-0.16574842,0.69877005,6,True
2021-06-18,MSFT,259.6300048828125,262.29998779296875,258.75,259.42999267578125,248.97413635253906,37202200,0.41470602,0.6646223,4,True
2021-06-18,NVDA,18.784000396728516,19.375,18.583999633789062,18.638750076293945,18.574504852294922,968856000,0.03371574,0.7784553,4,True
2021-06-18,TSLA,204.4566650390625,209.4499969482422,203.93333435058594,207.77000427246094,207.77000427246094,73682700,-0.009458484,0.37455696,7,True
2021-06-21,AAPL,130.3000030517578,132.41000366210938,129.2100067138672,132.3000030517578,128.8485870361328,79663300,-0.2926423,0.6207164,5,True
2021-06-21,MSFT,259.82000732421875,263.5199890136719,257.9200134277344,262.6300048828125,252.04519653320312,26696100,-0.11151272,1.1875035,2,True
2021-06-21,NVDA,18.43524932861328,18.536500930786133,17.822750091552734,18.427249908447266,18.363731384277344,672384000,-0.9625833,0.005395766,2,True
2021-06-21,TSLA,208.16000366210938,210.4633331298828,202.9600067138672,206.94332885742188,206.94332885742188,74438100,0.25268537,0.56168026,10,True
2021-06-22,AAPL,132.1300048828125,134.0800018310547,131.6199951171875,133.97999572753906,130.4847412109375,74783600,0.10401001,0.34665576,7,True
2021-06-22,MSFT,262.7200012207031,265.7900085449219,262.3999938964844,265.510009765625,254.80909729003906,24694100,-0.44929993,0.33993083,4,True
2021-06-22,NVDA,18.471500396728516,18.9637508392334,18.38599967956543,18.886749267578125,18.821651458740234,580144000,-0.11535754,0.60743153,6,True
2021-06-22,TSLA,206.0833282470703,209.52333068847656,205.1666717529297,207.90333557128906,207.90333557128906,57476700,-0.3378597,0.56287354,10,True
2021-06-23,AAPL,133.77000427246094,134.32000732421875,133.22999572753906,133.6999969482422,130.21205139160156,60214200,0.14487904,0.46018988,10,True
2021-06-23,MSFT,265.989990234375,266.8299865722656,264.42999267578125,265.2699890136719,254.57876586914062,19518700,0.08152126,0.4840424,14,True
2021-06-23,NVDA,19.007749557495117,19.15275001525879,18.90774917602539,19.057249069213867,18.991565704345703,332356000,0.10036238,0.7078417,3,True
2021-06-23,TSLA,210.6666717529297,219.06666564941406,210.01333618164062,218.85667419433594,218.85667419433594,93297600,0.055845894,0.61699206,11,True
2021-06-24,AAPL,134.4499969482422,134.63999938964844,132.92999267578125,133.41000366210938,129.92958068847656,68711000,0.031392347,0.4796133,11,True
2021-06-24,MSFT,266.1600036621094,267.8500061035156,265.4700012207031,266.69000244140625,255.94154357910156,21446900,0.16605026,0.43706393,8,True
2021-06-24,NVDA,19.227750778198242,19.420000076293945,19.08824920654297,19.20549964904785,19.13929557800293,320924000,0.40816498,0.45397043,3,True
2021-06-24,TSLA,224.99667358398438,232.5399932861328,222.5366668701172,226.60667419433594,226.60667419433594,137947200,-0.08674788,0.5272823,11,True
2021-06-25,AAPL,133.4600067138672,133.88999938964844,132.80999755859375,133.11000061035156,129.63743591308594,70783700,-0.065443285,0.8406921,3,True
2021-06-25,MSFT,266.2300109863281,267.25,264.760009765625,265.0199890136719,254.33883666992188,25611100,0.09506836,0.38670945,5,True
2021-06-25,NVDA,19.280500411987305,19.345500946044922,18.894500732421875,19.0310001373291,18.96540069580078,278364000,-0.44485578,0.0,1,True
2021-06-25,TSLA,229.86000061035156,231.27000427246094,222.89999389648438,223.9566650390625,223.9566650390625,97490100,-0.0419859,0.67763597,10,True
2021-06-28,AAPL,133.41000366210938,135.25,133.35000610351562,134.77999877929688,131.26385498046875,62111300,-0.13121723,0.6689605,10,True
2021-06-28,MSFT,266.19000244140625,268.8999938964844,265.9100036621094,268.7200012207031,257.8897399902344,19590000,0.34230152,0.3656516,7,True
2021-06-28,NVDA,19.361249923706055,20.078750610351562,19.319000244140625,19.985000610351562,19.91611099243164,495436000,0.39460397,0.5724457,6,True
2021-06-28,TSLA,223.8800048828125,231.56666564941406,223.44000244140625,229.57333374023438,229.57333374023438,64884600,0.08449972,0.5424907,11,True
2021-06-29,AAPL,134.8000030517578,136.49000549316406,134.35000610351562,136.3300018310547,132.77340698242188,64556100,0.07865141,0.5708463,7,True
2021-06-29,MSFT,268.8699951171875,271.6499938964844,267.9800109863281,271.3999938964844,260.4617004394531,19937800,-0.024954472,0.25906935,5,True
2021-06-29,NVDA,19.88249969482422,20.0987491607666,19.656999588012695,20.026750564575195,19.957721710205078,367632000,-0.874521,0.0,1,True
2021-06-29,TSLA,228.21665954589844,229.1699981689453,225.29666137695312,226.9199981689453,226.9199981689453,52143900,-0.003615726,0.47984862,11,True
2021-06-30,AAPL,136.1699981689453,137.41000366210938,135.8699951171875,136.9600067138672,133.3870086669922,63261400,-0.1458436,0.6729323,8,True
2021-06-30,MSFT,270.69000244140625,271.3599853515625,269.6000061035156,270.8999938964844,259.9817810058594,21656500,-0.161911,0.5651246,9,True
2021-06-30,NVDA,19.999250411987305,20.162500381469727,19.863750457763672,20.002500534057617,19.933551788330078,326568000,-0.21022685,0.46759832,5,True
2021-06-30,TSLA,226.58999633789062,230.93666076660156,226.04666137695312,226.56666564941406,226.56666564941406,56774700,0.32519457,0.55711055,9,True
2021-07-01,AAPL,136.60000610351562,137.3300018310547,135.75999450683594,137.27000427246094,133.68893432617188,52485800,-0.13571733,0.62451714,6,True
2021-07-01,MSFT,269.6099853515625,271.8399963378906,269.6000061035156,271.6000061035156,260.6536560058594,16725300,-0.10176043,0.8076139,7,True
2021-07-01,NVDA,20.125,20.45599937438965,20.018999099731445,20.211999893188477,20.142330169677734,480136000,0.0904605,0.7355833,6,True
2021-07-01,TSLA,227.97332763671875,229.3300018310547,224.26666259765625,225.97332763671875,225.97332763671875,55903500,-0.02953701,0.76717114,9,True
2021-07-02,AAPL,137.89999389648438,140.0,137.75,139.9600067138672,136.3087158203125,78852600,-0.03164628,0.64445245,9,True
2021-07-02,MSFT,272.82000732421875,278.0,272.5,277.6499938964844,266.4597473144531,26458000,-0.04876068,0.71413916,7,True
2021-07-02,NVDA,20.440250396728516,20.505250930786133,20.287750244140625,20.48699951171875,20.416378021240234,342764000,0.26917964,0.7405151,4,True
2021-07-02,TSLA,226.32666015625,233.3333282470703,224.4199981689453,226.3000030517578,226.3000030517578,81163500,0.07522398,0.7049564,10,True
2021-07-06,AAPL,140.07000732421875,143.14999389648438,140.07000732421875,142.02000427246094,138.31497192382812,108181800,-0.10323999,0.43216595,11,True
2021-07-06,MSFT,278.0299987792969,279.3699951171875,274.29998779296875,277.6600036621094,266.4693908691406,31565600,-0.38806546,0.4854575,9,True
2021-07-06,NVDA,20.737499237060547,20.841999053955078,20.350250244140625,20.69849967956543,20.627151489257812,446708000,0.2294805,0.54468524,7,True
2021-07-06,TSLA,227.23666381835938,228.0,217.13333129882812,219.86000061035156,219.86000061035156,69853500,-0.036733203,0.44340542,10,True
2021-07-07,AAPL,143.5399932861328,144.88999938964844,142.66000366210938,144.57000732421875,140.79849243164062,104911600,-0.117703795,0.6246298,10,True
2021-07-07,MSFT,279.3999938964844,280.69000244140625,277.1499938964844,279.92999267578125,268.6479187011719,23260000,0.31634143,0.45658204,11,True
2021-07-07,NVDA,20.853500366210938,20.875,20.332000732421875,20.371749877929688,20.30152702331543,418428000,0.13964926,0.5708353,6,True
2021-07-07,TSLA,221.42333984375,221.89999389648438,212.77333068847656,214.88333129882812,214.88333129882812,56376000,0.072836116,0.78052706,11,True
2021-07-08,AAPL,141.5800018310547,144.05999755859375,140.6699981689453,143.24000549316406,139.50315856933594,105575500,-0.10808588,0.6764063,9,True
2021-07-08,MSFT,276.8999938964844,278.7300109863281,274.8699951171875,277.4200134277344,266.2391052246094,24618600,-0.27058464,0.43612188,7,True
2021-07-08,NVDA,19.85650062561035,20.132999420166016,19.70075035095215,19.90275001525879,19.834142684936523,503300000,-0.63862467,0.5168339,3,True
2021-07-08,TSLA,209.4566650390625,218.14332580566406,206.82000732421875,217.60333251953125,217.60333251953125,68319900,-0.3455874,0.5750026,13,True
2021-07-09,AAPL,142.75,145.64999389648438,142.64999389648438,145.11000061035156,141.32437133789062,99890800,-0.13202544,0.5412366,11,True
2021-07-09,MSFT,275.7200012207031,278.04998779296875,275.32000732421875,277.94000244140625,266.738037109375,23916700,-0.5563332,0.43395,4,True
2021-07-09,NVDA,19.962499618530273,20.080249786376953,19.754249572753906,20.050249099731445,19.981138229370117,296624000,-0.672131,0.2513669,2,True
2021-07-09,TSLA,217.72666931152344,219.6366729736328,214.89666748046875,218.98333740234375,218.98333740234375,54421500,0.17767404,0.60152644,10,True
2021-07-12,AAPL,146.2100067138672,146.32000732421875,144.0,144.5,140.7303009033203,76299700,0.049008187,0.72874755,11,True
2021-07-12,MSFT,279.1600036621094,279.7699890136719,276.5799865722656,277.32000732421875,266.1430969238281,18931700,-0.1638198,0.71164244,7,True
2021-07-12,NVDA,20.239999771118164,20.53274917602539,20.1877498626709,20.512500762939453,20.441795349121094,321984000,0.10196717,0.2140095,2,True
2021-07-12,TSLA,220.73333740234375,229.0800018310547,220.72000122070312,228.56666564941406,228.56666564941406,77781000,0.061549213,0.5684589,13,True
2021-07-13,AAPL,144.02999877929688,147.4600067138672,143.6300048828125,145.63999938964844,141.84056091308594,100827100,0.19796614,0.5020043,12,True
2021-07-13,MSFT,277.5199890136719,282.8500061035156,277.3900146484375,280.9800109863281,269.6556396484375,26120100,0.13799044,0.64859617,7,True
2021-07-13,NVDA,20.40049934387207,20.46125030517578,20.11400032043457,20.25,20.180194854736328,290708000,-0.1944329,0.85253215,3,True
2021-07-13,TSLA,228.77333068847656,231.0933380126953,222.10000610351562,222.84666442871094,222.84666442871094,62898300,-0.026031014,0.59185445,13,True
2021-07-14,AAPL,148.10000610351562,149.57000732421875,147.67999267578125,149.14999389648438,145.25894165039062,127050800,0.10184396,0.62195635,12,True
2021-07-14,MSFT,282.3500061035156,283.6600036621094,280.54998779296875,282.510009765625,271.12396240234375,23113700,0.31909472,0.3807101,5,True
2021-07-14,NVDA,20.357749938964844,20.417749404907227,19.752750396728516,19.84149932861328,19.773107528686523,380100000,-0.17467685,0.9080403,4,True
2021-07-14,TSLA,223.5833282470703,226.20333862304688,217.6133270263672,217.7933349609375,217.7933349609375,64923600,-0.12998413,0.8471056,11,True
2021-07-15,AAPL,149.24000549316406,150.0,147.08999633789062,148.47999572753906,144.6064453125,106820300,0.034775488,0.6271774,15,True
2021-07-15,MSFT,282.0,282.510009765625,279.8299865722656,281.0299987792969,269.70355224609375,22604200,-0.14441068,0.6579943,7,True
2021-07-15,NVDA,19.811750411987305,19.847000122070312,18.85849952697754,18.966249465942383,18.900869369506836,550564000,-0.3695433,0.7083478,6,True
2021-07-15,TSLA,219.4633331298828,222.04666137695312,212.6266632080078,216.86666870117188,216.86666870117188,60628800,-0.37263262,0.5731,10,True
2021-07-16,AAPL,148.4600067138672,149.75999450683594,145.8800048828125,146.38999938964844,142.5709686279297,93251400,-0.08377894,0.744311,12,True
2021-07-16,MSFT,282.07000732421875,284.1000061035156,279.4599914550781,280.75,269.4348449707031,26186800,-0.23908511,0.5953958,11,True
2021-07-16,NVDA,19.030500411987305,19.156999588012695,18.072999954223633,18.160999298095703,18.0983943939209,688224000,-0.055380464,0.793105,6,True
2021-07-16,TSLA,218.22666931152344,218.89999389648438,214.06666564941406,214.74000549316406,214.74000549316406,49113000,0.06435159,0.59414953,13,True
2021-07-19,AAPL,143.75,144.07000732421875,141.6699981689453,142.4499969482422,138.73377990722656,121434600,-0.004859562,0.65438765,13,True
2021-07-19,MSFT,278.92999267578125,280.3699951171875,274.45001220703125,277.010009765625,265.84564208984375,32935600,-0.3592678,0.651527,8,True
2021-07-19,NVDA,17.915250778198242,19.04199981689453,17.86549949645996,18.77975082397461,18.71502113342285,749060000,-0.04217363,0.5733905,9,True
2021-07-19,TSLA,209.9633331298828,215.73333740234375,207.09666442871094,215.4066619873047,215.4066619873047,63891300,-0.07648507,0.62428117,12,True
2021-07-20,AAPL,143.4600067138672,147.10000610351562,142.9600067138672,146.14999389648438,142.33721923828125,96350000,0.47704747,0.4418431,11,True
2021-07-20,MSFT,278.0299987792969,280.9700012207031,276.260009765625,279.32000732421875,268.06243896484375,26259700,0.32920915,0.5653906,2,True
2021-07-20,NVDA,18.729999542236328,18.83799934387207,18.163999557495117,18.61199951171875,18.547847747802734,434687000,0.48069564,0.31033704,5,True
2021-07-20,TSLA,217.3300018310547,220.79666137695312,213.5,220.1666717529297,220.1666717529297,46461300,0.16403793,0.4242436,11,True
2021-07-21,AAPL,145.52999877929688,146.1300048828125,144.6300048828125,145.39999389648438,141.6068115234375,74993500,-0.0064476086,0.6282415,13,True
2021-07-21,MSFT,278.8999938964844,281.5199890136719,277.2900085449219,281.3999938964844,270.05865478515625,24364300,0.16169572,0.50842565,10,True
2021-07-21,NVDA,18.881999969482422,19.527000427246094,18.742000579833984,19.40999984741211,19.34309196472168,371017000,-0.12488943,0.65523964,5,True
2021-07-21,TSLA,219.8699951171875,221.6199951171875,216.76333618164062,218.42999267578125,218.42999267578125,41859900,0.065405205,0.4391513,14,True
2021-07-22,AAPL,145.94000244140625,148.1999969482422,145.80999755859375,146.8000030517578,142.9702606201172,77338200,0.019100785,0.64781916,15,True
2021-07-22,MSFT,283.8399963378906,286.4200134277344,283.4200134277344,286.1400146484375,274.6076354980469,23384100,0.2682383,0.5530718,10,True
2021-07-22,NVDA,19.642000198364258,19.886999130249023,19.275999069213867,19.5939998626709,19.526458740234375,323826000,0.43922248,0.5342018,7,True
2021-07-22,TSLA,218.81333923339844,220.72332763671875,214.86666870117188,216.4199981689453,216.4199981689453,45317100,-0.069275506,0.6150211,11,True
2021-07-23,AAPL,147.5500030517578,148.72000122070312,146.9199981689453,148.55999755859375,144.6843719482422,71447400,0.0420927,0.6403845,12,True
2021-07-23,MSFT,287.3699951171875,289.989990234375,286.5,289.6700134277344,277.995361328125,22768100,-0.17591047,0.5062753,7,True
2021-07-23,NVDA,19.6560001373291,19.700000762939453,19.25,19.558000564575195,19.490585327148438,195672000,-0.2898632,0.73732144,3,True
2021-07-23,TSLA,215.45333862304688,216.26666259765625,212.43333435058594,214.4600067138672,214.4600067138672,43814700,0.17197517,0.5020913,15,True
2021-07-26,AAPL,148.27000427246094,149.8300018310547,147.6999969482422,148.99000549316406,145.1031494140625,72434100,0.38994038,0.43369514,15,True
2021-07-26,MSFT,289.0,289.69000244140625,286.6400146484375,289.04998779296875,277.40032958984375,23176100,0.16755787,0.54641104,10,True
2021-07-26,NVDA,19.31100082397461,19.441999435424805,18.913999557495117,19.29400062561035,19.227495193481445,203943000,-0.16351286,1.0308195,2,True
2021-07-26,TSLA,216.99000549316406,222.73333740234375,215.70333862304688,219.2066650390625,219.2066650390625,76009800,0.15101513,0.5461049,13,True
2021-07-27,AAPL,149.1199951171875,149.2100067138672,145.5500030517578,146.77000427246094,142.94100952148438,104818600,-0.021731216,0.65288377,16,True
2021-07-27,MSFT,289.42999267578125,289.5799865722656,282.95001220703125,286.5400085449219,274.9914855957031,33604100,0.2241736,0.7320642,9,True
2021-07-27,NVDA,19.264999389648438,19.621999740600586,18.740999221801758,19.20800018310547,19.141786575317383,248863000,-0.6177249,0.30929485,2,True
2021-07-27,TSLA,221.13333129882812,222.1666717529297,209.0800018310547,214.92666625976562,214.92666625976562,98439900,-0.29496145,0.62547654,14,True
2021-07-28,AAPL,144.80999755859375,146.97000122070312,142.5399932861328,144.97999572753906,141.19773864746094,118931200,0.19059616,0.7079272,15,True
2021-07-28,MSFT,288.989990234375,290.1499938964844,283.8299865722656,286.2200012207031,274.6844177246094,33566900,0.28832754,0.53163475,11,True
2021-07-28,NVDA,19.319000244140625,19.645999908447266,18.9950008392334,19.503000259399414,19.435775756835938,202191000,0.13285628,0.60239786,4,True
2021-07-28,TSLA,215.6666717529297,218.32333374023438,213.13333129882812,215.66000366210938,215.66000366210938,48019800,0.24134453,0.6482806,12,True
2021-07-29,AAPL,144.69000244140625,146.5500030517578,144.5800018310547,145.63999938964844,141.84056091308594,56699500,0.09529688,0.66505575,10,True
2021-07-29,MSFT,286.239990234375,288.6199951171875,286.0799865722656,286.5,274.9531555175781,18168300,0.014077642,0.5828347,11,True
2021-07-29,NVDA,19.518999099731445,19.85300064086914,19.327999114990234,19.66200065612793,19.59423065185547,190781000,-0.022095004,0.9056611,3,True
2021-07-29,TSLA,216.59666442871094,227.89666748046875,216.26666259765625,225.78334045410156,225.78334045410156,91183800,0.2159634,0.46098435,14,True
2021-07-30,AAPL,144.3800048828125,146.3300018310547,144.11000061035156,145.86000061035156,142.05477905273438,70440600,-0.3515349,0.6246226,11,True
2021-07-30,MSFT,285.1700134277344,286.6600036621094,283.9100036621094,284.9100036621094,273.4272155761719,20944800,-0.16912472,0.60099846,7,True
2021-07-30,NVDA,19.417999267578125,19.6299991607666,19.26300048828125,19.499000549316406,19.431791305541992,183497000,-0.17440856,0.9413549,3,True
2021-07-30,TSLA,223.9199981689453,232.50999450683594,223.0,229.06666564941406,229.06666564941406,88969200,-0.05477333,0.5384601,11,True
2021-08-02,AAPL,146.36000061035156,146.9499969482422,145.25,145.52000427246094,141.72369384765625,62880000,-0.042644206,0.62569046,11,True
2021-08-02,MSFT,286.3599853515625,286.7699890136719,283.739990234375,284.82000732421875,273.3409118652344,16267400,-0.03693437,0.56200844,7,True
2021-08-02,NVDA,19.700000762939453,19.961000442504883,19.361000061035156,19.75,19.68192481994629,217444000,-0.21761943,0.50348794,2,True
2021-08-02,TSLA,233.3333282470703,242.31333923339844,232.8000030517578,236.55667114257812,236.55667114257812,100847400,0.3247962,0.5777124,13,True
2021-08-03,AAPL,145.80999755859375,148.0399932861328,145.17999267578125,147.36000061035156,143.515625,64786600,0.31605914,0.49804303,13,True
2021-08-03,MSFT,285.4200134277344,287.2300109863281,284.0,287.1199951171875,275.5481872558594,17879000,-0.37920108,0.53071314,5,True
2021-08-03,NVDA,19.739999771118164,20.222000122070312,19.219999313354492,19.815000534057617,19.7466983795166,301811000,-0.01803579,0.9167873,3,True
2021-08-03,TSLA,239.6666717529297,240.88333129882812,233.6699981689453,236.5800018310547,236.5800018310547,64860900,-0.0037849003,0.6627859,11,True
2021-08-04,AAPL,147.27000427246094,147.7899932861328,146.27999877929688,146.9499969482422,143.11636352539062,56368300,0.22871326,0.29866874,7,True
2021-08-04,MSFT,286.2200012207031,287.5899963378906,284.6499938964844,286.510009765625,274.96270751953125,16191300,-0.1568385,0.54259837,4,True
2021-08-04,NVDA,19.989999771118164,20.31800079345703,19.827999114990234,20.27400016784668,20.204116821289062,231309000,0.8967958,0.0,1,True
2021-08-04,TSLA,237.0,241.63333129882812,236.30999755859375,236.97332763671875,236.97332763671875,51007800,-0.067080505,0.48349318,13,True
2021-08-05,AAPL,146.97999572753906,147.83999633789062,146.1699981689453,147.05999755859375,143.2235107421875,46397700,-0.25601938,0.45891267,8,True
2021-08-05,MSFT,286.8800048828125,289.6300048828125,286.1000061035156,289.5199890136719,277.8514404296875,13900200,-0.20275742,0.31158742,3,True
2021-08-05,NVDA,20.5,20.732999801635742,20.341999053955078,20.636999130249023,20.56586456298828,211435000,-0.30228734,0.20162225,2,True
2021-08-05,TSLA,238.6666717529297,240.31666564941406,237.1366729736328,238.2100067138672,238.2100067138672,38758800,0.023250284,0.6229063,14,True
2021-08-06,AAPL,146.35000610351562,147.11000061035156,145.6300048828125,146.13999938964844,142.54074096679688,54126800,-0.33583134,0.54077333,10,True
2021-08-06,MSFT,288.510009765625,289.5,287.6199951171875,289.4599914550781,277.7937927246094,16589300,0.79807985,0.19866326,2,True
2021-08-06,NVDA,20.52400016784668,20.56999969482422,20.209999084472656,20.365999221801758,20.29579734802246,178497000,-0.16475034,0.9710204,3,True
2021-08-06,TSLA,237.3000030517578,238.77667236328125,232.5433349609375,233.03334045410156,233.03334045410156,46869000,-0.21210209,0.75314575,9,True
2021-08-09,AAPL,146.1999969482422,146.6999969482422,145.52000427246094,146.08999633789062,142.4919891357422,48908700,-0.39394283,0.35407403,8,True
2021-08-09,MSFT,289.75,291.54998779296875,287.80999755859375,288.3299865722656,276.70947265625,16117600,-0.3521939,0.45363507,4,True
2021-08-09,NVDA,20.445999145507812,20.507999420166016,20.14299964904785,20.295000076293945,20.22504234313965,146443000,-0.6405016,0.3415061,2,True
2021-08-09,TSLA,236.72332763671875,239.67666625976562,235.0433349609375,237.9199981689453,237.9199981689453,44145900,0.025441209,0.6149743,14,True
2021-08-10,AAPL,146.44000244140625,147.7100067138672,145.3000030517578,145.60000610351562,142.01405334472656,69023100,0.13293155,0.5459596,10,True
2021-08-10,MSFT,288.79998779296875,289.25,285.20001220703125,286.44000244140625,274.8954772949219,18616600,0.35059032,0.6571771,6,True
2021-08-10,NVDA,20.32200050354004,20.43000030517578,19.834999084472656,19.93600082397461,19.86728286743164,179238000,-0.4864745,0.45927173,3,True
2021-08-10,TSLA,237.99667358398438,238.8633270263672,233.9600067138672,236.663330078125,236.663330078125,40296900,0.081147216,0.6671745,9,True
2021-08-11,AAPL,146.0500030517578,146.72000122070312,145.52999877929688,145.86000061035156,142.26763916015625,48493500,0.2549022,0.64421403,15,True
2021-08-11,MSFT,287.2099914550781,288.6600036621094,285.8599853515625,286.95001220703125,275.3850402832031,13955900,0.29623064,0.74010295,6,True
2021-08-11,NVDA,20.042999267578125,20.048999786376953,19.43000030517578,19.698999404907227,19.631093978881836,185925000,-0.73024845,0.33355746,2,True
2021-08-11,TSLA,237.57000732421875,238.39332580566406,234.73666381835938,235.94000244140625,235.94000244140625,29401800,0.19170494,0.5956687,10,True
2021-08-12,AAPL,146.19000244140625,149.0500030517578,145.83999633789062,148.88999938964844,145.22300720214844,72282600,-0.131044,0.5410813,6,True
2021-08-12,MSFT,286.6300048828125,289.9700012207031,286.3399963378906,289.80999755859375,278.1297607421875,14561300,-0.0775851,0.69589716,3,True
2021-08-12,NVDA,19.8700008392334,20.02899932861328,19.6200008392334,19.905000686645508,19.836387634277344,151652000,-0.30001432,0.34385177,3,True
2021-08-12,TSLA,235.44667053222656,240.93333435058594,233.13333129882812,240.75,240.75,52377300,-0.056853518,0.65700495,11,True
2021-08-13,AAPL,148.97000122070312,149.44000244140625,148.27000427246094,149.10000610351562,145.42784118652344,59375000,-0.39751646,0.5055438,10,True
2021-08-13,MSFT,289.4800109863281,292.8999938964844,289.29998779296875,292.8500061035156,281.04718017578125,18249000,-0.15390052,0.3408861,4,True
2021-08-13,NVDA,19.905000686645508,20.214000701904297,19.85099983215332,20.187999725341797,20.118410110473633,183063000,0.32001382,0.37907633,4,True
2021-08-13,TSLA,241.23666381835938,243.3000030517578,238.1133270263672,239.05667114257812,239.05667114257812,50194500,0.10286939,0.5758905,10,True
2021-08-16,AAPL,148.5399932861328,151.19000244140625,146.47000122070312,151.1199951171875,147.3980712890625,103296000,0.03882108,0.55447674,10,True
2021-08-16,MSFT,293.19000244140625,294.82000732421875,290.0199890136719,294.6000061035156,282.7266845703125,22507600,0.019194156,0.60144514,8,True
2021-08-16,NVDA,20.135000228881836,20.28700065612793,19.452999114990234,19.950000762939453,19.881229400634766,210876000,-0.14373317,0.37259024,3,True
2021-08-16,TSLA,235.02333068847656,236.5,225.46665954589844,228.72332763671875,228.72332763671875,68032200,0.11080594,0.51968014,10,True
2021-08-17,AAPL,150.22999572753906,151.67999267578125,149.08999633789062,150.19000244140625,146.49093627929688,92229700,0.12407178,0.534083,12,True
2021-08-17,MSFT,292.3900146484375,293.42999267578125,291.0799865722656,293.0799865722656,281.2679138183594,20075300,-0.103796884,0.5068789,4,True
2021-08-17,NVDA,19.684999465942383,19.770000457763672,19.267000198364258,19.45800018310547,19.390928268432617,204585000,0.36961406,0.8482132,4,True
2021-08-17,TSLA,224.22000122070312,224.86000061035156,216.27999877929688,221.90333557128906,221.90333557128906,71163900,-0.39810416,0.46927005,12,True
2021-08-18,AAPL,149.8000030517578,150.72000122070312,146.14999389648438,146.36000061035156,142.75534057617188,86326000,-0.17654426,0.70907366,10,True
2021-08-18,MSFT,292.0400085449219,294.82000732421875,290.2699890136719,290.7300109863281,279.5467529296875,21813000,-0.44365817,0.6530521,4,True
2021-08-18,NVDA,19.5,19.634000778198242,19.0,19.040000915527344,18.974365234375,285913000,-0.18231313,0.8660537,10,True
2021-08-18,TSLA,223.25,231.92333984375,223.11666870117188,229.663330078125,229.663330078125,61048200,0.09470642,0.55515826,12,True
2021-08-19,AAPL,145.02999877929688,148.0,144.5,146.6999969482422,143.08694458007812,86960300,0.10418446,0.67789066,10,True
2021-08-19,MSFT,288.69000244140625,297.4700012207031,288.6400146484375,296.7699890136719,285.35443115234375,29850500,0.5613462,0.48993632,9,True
2021-08-19,NVDA,19.493999481201172,20.4950008392334,18.761999130249023,19.79800033569336,19.72975730895996,766555000,0.21520953,0.85492086,11,True
2021-08-19,TSLA,226.07000732421875,228.85000610351562,222.52999877929688,224.49000549316406,224.49000549316406,42940500,0.046988454,0.6888827,9,True
2021-08-20,AAPL,147.44000244140625,148.5,146.77999877929688,148.19000244140625,144.540283203125,60549600,-0.5229669,0.40112698,9,True
2021-08-20,MSFT,299.7200012207031,305.8399963378906,298.05999755859375,304.3599853515625,292.6523742675781,40817600,-0.11144635,0.6594441,9,True
2021-08-20,NVDA,19.990999221801758,20.864999771118164,19.933000564575195,20.81599998474121,20.744247436523438,675741000,-0.15009151,0.6644676,7,True
2021-08-20,TSLA,227.61666870117188,230.7100067138672,224.56666564941406,226.75332641601562,226.75332641601562,44525700,0.040402856,0.5173837,11,True
2021-08-23,AAPL,148.30999755859375,150.19000244140625,147.88999938964844,149.7100067138672,146.0228271484375,60131800,0.13849641,0.44676137,5,True
2021-08-23,MSFT,303.25,305.3999938964844,301.8500061035156,304.6499938964844,292.9312744140625,22830200,0.098187454,0.6743273,6,True
2021-08-23,NVDA,20.97100067138672,21.996999740600586,20.950000762939453,21.95800018310547,21.882312774658203,575807000,0.34355885,0.51394427,8,True
2021-08-23,TSLA,228.47999572753906,237.3766632080078,226.9166717529297,235.43333435058594,235.43333435058594,60794700,0.13897039,0.5550459,12,True
2021-08-24,AAPL,149.4499969482422,150.86000061035156,149.14999389648438,149.6199951171875,145.9350128173828,48606400,0.12268649,0.47485876,15,True
2021-08-24,MSFT,305.0199890136719,305.6499938964844,302.0,302.6199951171875,290.97943115234375,18175800,0.283732,0.3480763,5,True
2021-08-24,NVDA,21.753000259399414,21.958999633789062,21.53499984741211,21.792999267578125,21.717878341674805,297299000,0.45259982,0.6264269,4,True
2021-08-24,TSLA,236.89332580566406,238.4066619873047,234.2133331298828,236.163330078125,236.163330078125,39249300,0.080526866,0.64311475,12,True
2021-08-25,AAPL,149.80999755859375,150.32000732421875,147.8000030517578,148.36000061035156,144.70606994628906,58991300,0.2768647,0.5560332,15,True
2021-08-25,MSFT,304.29998779296875,304.5899963378906,300.4200134277344,302.010009765625,290.3929138183594,20006100,0.055327017,0.48761126,6,True
2021-08-25,NVDA,21.73699951171875,22.469999313354492,21.722000122070312,22.21299934387207,22.136436462402344,347701000,0.08571585,0.35302806,5,True
2021-08-25,TSLA,235.67666625976562,238.99000549316406,234.6666717529297,237.06666564941406,237.06666564941406,37936800,0.14314868,0.3248849,6,True
2021-08-26,AAPL,148.35000610351562,149.1199951171875,147.50999450683594,147.5399932861328,143.90625,48597200,0.0360941,0.6413223,12,True
2021-08-26,MSFT,300.989990234375,302.42999267578125,298.95001220703125,299.0899963378906,287.5852355957031,17666100,0.034909546,0.5582776,8,True
2021-08-26,NVDA,22.200000762939453,22.34000015258789,21.790000915527344,22.06800079345703,21.991933822631836,237940000,0.29699314,0.5228512,3,True
2021-08-26,TSLA,236.10333251953125,238.46665954589844,232.5399932861328,233.72000122070312,233.72000122070312,39642900,0.021421108,0.44986928,9,True
2021-08-27,AAPL,147.47999572753906,148.75,146.8300018310547,148.60000610351562,144.9401397705078,55802400,0.0861007,0.5254569,9,True
2021-08-27,MSFT,298.989990234375,300.8699951171875,296.8299865722656,299.7200012207031,288.19097900390625,22605700,0.0052847993,0.6813797,4,True
2021-08-27,NVDA,22.18400001525879,22.722000122070312,22.16699981689453,22.63599967956543,22.55797576904297,304722000,-0.07189845,0.3267261,4,True
2021-08-27,TSLA,235.0,238.3333282470703,234.03334045410156,237.30667114257812,237.30667114257812,41501400,0.3170753,0.6095266,8,True
2021-08-30,AAPL,149.0,153.49000549316406,148.61000061035156,153.1199951171875,149.34886169433594,90956700,0.25962824,0.7106746,18,True
2021-08-30,MSFT,301.1199951171875,304.2200012207031,301.05999755859375,303.5899963378906,291.9120178222656,16348100,0.32976654,1.0050261,3,True
2021-08-30,NVDA,22.829999923706055,23.042999267578125,22.551000595092773,22.687999725341797,22.60979652404785,262580000,0.5480779,0.4980088,3,True
2021-08-30,TSLA,238.24000549316406,243.6666717529297,237.57666015625,243.6366729736328,243.6366729736328,55812600,-0.09124161,0.61512625,10,True
2021-08-31,AAPL,152.66000366210938,152.8000030517578,151.2899932861328,151.8300018310547,148.09060668945312,86453100,0.08099493,0.80172837,10,True
2021-08-31,MSFT,304.4200134277344,304.5,301.5,301.8800048828125,290.26788330078125,26285300,-0.21069871,0.6459932,7,True
2021-08-31,NVDA,22.69499969482422,22.69499969482422,22.1200008392334,22.385000228881836,22.311771392822266,259850000,-0.2568288,0.793562,3,True
2021-08-31,TSLA,244.3333282470703,246.79666137695312,242.14666748046875,245.24000549316406,245.24000549316406,62566200,0.16079949,0.2753369,8,True
2021-09-01,AAPL,152.8300018310547,154.97999572753906,152.33999633789062,152.50999450683594,148.7538299560547,80313700,0.057914533,0.45700443,10,True
2021-09-01,MSFT,302.8699951171875,305.19000244140625,301.489990234375,301.8299865722656,290.2197265625,18983800,-0.19074221,0.6568082,3,True
2021-09-01,NVDA,22.485000610351562,22.69700050354004,22.35700035095215,22.44099998474121,22.36759376525879,201767000,-0.6930265,0.28091758,2,True
2021-09-01,TSLA,244.69332885742188,247.3300018310547,243.7566680908203,244.69667053222656,244.69667053222656,39612900,0.21803096,0.5451387,9,True
2021-09-02,AAPL,153.8699951171875,154.72000122070312,152.39999389648438,153.64999389648438,149.8657684326172,71115500,0.100148596,0.64757675,9,True
2021-09-02,MSFT,302.20001220703125,303.3599853515625,300.17999267578125,301.1499938964844,289.5660095214844,16285600,0.0,0.0,0,False
2021-09-02,NVDA,22.51799964904785,22.593000411987305,22.295000076293945,22.395999908447266,22.322738647460938,187834000,0.21778059,1.0071582,2,True
2021-09-02,TSLA,244.8333282470703,246.99000549316406,243.51333618164062,244.1300048828125,244.1300048828125,38331900,-0.35613978,0.6998534,11,True
2021-09-03,AAPL,153.75999450683594,154.6300048828125,153.08999633789062,154.3000030517578,150.49977111816406,57808700,0.10732732,0.30743274,6,True
2021-09-03,MSFT,300.989990234375,302.6000061035156,300.260009765625,301.1400146484375,289.5563049316406,14747900,0.18974976,0.962811,3,True
2021-09-03,NVDA,22.325000762939453,22.986000061035156,22.200000762939453,22.843000411987305,22.76827621459961,280532000,-0.67769957,0.39411193,2,True
2021-09-03,TSLA,244.0833282470703,244.6666717529297,241.39999389648438,244.52333068847656,244.52333068847656,45738300,0.14737174,0.38020733,7,True
2021-09-07,AAPL,154.97000122070312,157.25999450683594,154.38999938964844,156.69000244140625,152.83094787597656,82278300,-0.08690572,0.6099193,14,True
2021-09-07,MSFT,301.010009765625,301.0899963378906,298.20001220703125,300.17999267578125,288.6333312988281,17180400,0.26359728,0.32050005,3,True
2021-09-07,NVDA,22.83300018310547,22.89900016784668,22.52199935913086,22.66200065612793,22.58786964416504,198107000,-0.3399891,0.33043107,2,True
2021-09-07,TSLA,246.6666717529297,253.39999389648438,246.4199981689453,250.97332763671875,250.97332763671875,60119400,-0.07239431,0.6157799,13,True
2021-09-08,AAPL,156.97999572753906,157.0399932861328,153.97999572753906,155.11000061035156,151.28982543945312,74420200,0.21483356,0.6067139,15,True
2021-09-08,MSFT,299.7799987792969,300.6099853515625,297.4700012207031,300.2099914550781,288.66217041015625,15046800,0.120731175,0.64417297,6,True
2021-09-08,NVDA,22.51300048828125,22.610000610351562,21.976999282836914,22.339000701904297,22.26592254638672,254434000,0.23746768,0.90013003,2,True
2021-09-08,TSLA,253.86000061035156,254.81666564941406,246.92333984375,251.2899932861328,251.2899932861328,56379000,0.23642379,0.65682626,12,True
2021-09-09,AAPL,155.49000549316406,156.11000061035156,153.9499969482422,154.07000732421875,150.2754364013672,57305700,0.075176686,0.56913924,11,True
2021-09-09,MSFT,300.82000732421875,302.1400146484375,297.0,297.25,285.81597900390625,19927000,0.118192345,0.770551,6,True
2021-09-09,NVDA,22.312000274658203,22.538000106811523,22.131000518798828,22.177000045776367,22.104454040527344,196856000,-0.50279707,0.55145645,3,True
2021-09-09,TSLA,251.1366729736328,254.03334045410156,250.5433349609375,251.6199951171875,251.6199951171875,42233100,0.0041008345,0.49815372,10,True
2021-09-10,AAPL,155.0,155.47999572753906,148.6999969482422,148.97000122070312,145.30105590820312,140893200,0.06531219,0.6137615,13,True
2021-09-10,MSFT,298.4200134277344,299.9200134277344,295.3800048828125,295.7099914550781,284.33514404296875,19633400,-0.6368147,0.089343734,2,True
2021-09-10,NVDA,22.347999572753906,22.625999450683594,22.270000457763672,22.47800064086914,22.404470443725586,248376000,-0.57363915,0.0,1,True
2021-09-10,TSLA,253.1999969482422,254.20333862304688,244.83999633789062,245.42333984375,245.42333984375,45552600,0.066616274,0.5428256,10,True
2021-09-13,AAPL,150.6300048828125,151.4199981689453,148.75,149.5500030517578,145.8667449951172,102404300,-0.07192354,0.58313423,13,True
2021-09-13,MSFT,297.54998779296875,298.5400085449219,294.0799865722656,296.989990234375,285.5659484863281,23652900,-0.66817975,0.3806488,2,True
2021-09-13,NVDA,22.68400001525879,22.964000701904297,21.857999801635742,22.152000427246094,22.07953643798828,297500000,0.0,0.0,0,False
2021-09-13,TSLA,246.73666381835938,248.25999450683594,236.28334045410156,247.6666717529297,247.6666717529297,68857500,-0.07424515,0.6739824,11,True
2021-09-14,AAPL,150.35000610351562,151.07000732421875,146.91000366210938,148.1199951171875,144.4719696044922,109296300,-0.15335827,0.592643,12,True
2021-09-14,MSFT,299.55999755859375,301.3900146484375,298.1000061035156,299.7900085449219,288.25823974609375,21853400,0.060229015,0.66398335,10,True
2021-09-14,NVDA,22.274999618530273,22.40999984741211,22.086000442504883,22.242000579833984,22.16924285888672,199755000,-0.43487495,0.08416382,2,True
2021-09-14,TSLA,247.52333068847656,251.49000549316406,245.46665954589844,248.163330078125,248.163330078125,55574700,0.018249936,0.65848786,9,True
2021-09-15,AAPL,148.55999755859375,149.44000244140625,146.3699951171875,149.02999877929688,145.3595733642578,83281300,0.15731052,0.5179429,11,True
2021-09-15,MSFT,303.260009765625,305.32000732421875,301.82000732421875,304.82000732421875,293.0948181152344,28356300,0.13990316,0.6212918,10,True
2021-09-15,NVDA,22.30900001525879,22.367000579833984,21.965999603271484,22.340999603271484,22.26791763305664,166538000,-0.35556632,0.12627438,2,True
2021-09-15,TSLA,248.3333282470703,252.2866668701172,246.1199951171875,251.94332885742188,251.94332885742188,46073100,0.16325866,0.33618927,11,True
2021-09-16,AAPL,148.44000244140625,148.97000122070312,147.22000122070312,148.7899932861328,145.1254425048828,68034100,-0.18933399,0.39371043,13,True
2021-09-16,MSFT,303.760009765625,305.30999755859375,300.760009765625,305.2200012207031,293.47943115234375,19550800,0.22511283,0.59927696,7,True
2021-09-16,NVDA,22.183000564575195,22.277000427246094,21.927000045776367,22.242000579833984,22.16924285888672,156033000,-0.0010178965,0.0,1,True
2021-09-16,TSLA,250.94332885742188,252.97000122070312,249.20333862304688,252.3300018310547,252.3300018310547,41770200,-0.033864804,0.46587873,13,True
2021-09-17,AAPL,148.82000732421875,148.82000732421875,145.75999450683594,146.05999755859375,142.46267700195312,129868800,0.01842405,0.66286665,11,True
2021-09-17,MSFT,304.1700134277344,304.5,299.5299987792969,299.8699951171875,288.335205078125,41372500,-0.0051500155,0.60381246,7,True
2021-09-17,NVDA,22.299999237060547,22.320999145507812,21.829999923706055,21.899999618530273,21.828359603881836,294503000,-0.36053365,0.67323023,7,True
2021-09-17,TSLA,252.38333129882812,253.67999267578125,250.0,253.163330078125,253.163330078125,84612600,-0.009066628,0.5543687,9,True
2021-09-20,AAPL,143.8000030517578,144.83999633789062,141.27000427246094,142.94000244140625,139.41952514648438,123478900,-0.18791856,0.6369354,11,True
2021-09-20,MSFT,296.3299865722656,298.7200012207031,289.5199890136719,294.29998779296875,282.9794616699219,38278700,-0.7076298,0.28317472,4,True
2021-09-20,NVDA,21.145999908447266,21.433000564575195,20.66200065612793,21.113000869750977,21.043933868408203,349440000,-0.48437047,0.46041057,3,True
2021-09-20,TSLA,244.85333251953125,247.3333282470703,239.5399932861328,243.38999938964844,243.38999938964844,74273100,-0.2804474,0.57926196,9,True
2021-09-21,AAPL,143.92999267578125,144.60000610351562,142.77999877929688,143.42999267578125,139.8974609375,75834000,0.0013452823,0.3983603,11,True
2021-09-21,MSFT,295.69000244140625,297.5400085449219,294.07000732421875,294.79998779296875,283.460205078125,22364100,-0.12410278,0.14279564,3,True
2021-09-21,NVDA,21.41699981689453,21.424999237060547,20.950000762939453,21.246000289916992,21.176498413085938,204688000,0.1593266,0.67583704,3,True
2021-09-21,TSLA,244.92999267578125,248.24667358398438,243.47999572753906,246.4600067138672,246.4600067138672,48992100,0.120507084,0.5976058,13,True
2021-09-22,AAPL,144.4499969482422,146.42999267578125,143.6999969482422,145.85000610351562,142.2578887939453,76404300,-0.22976136,0.70337796,9,True
2021-09-22,MSFT,296.7300109863281,300.2200012207031,294.510009765625,298.5799865722656,287.0948486328125,26626300,0.21428108,0.6384009,3,True
2021-09-22,NVDA,21.365999221801758,21.959999084472656,21.195999145507812,21.94099998474121,21.869226455688477,268726000,0.31675562,0.7364791,5,True
2021-09-22,TSLA,247.8433380126953,251.22332763671875,246.3733367919922,250.64666748046875,250.64666748046875,45378900,-0.28425184,0.47981492,11,True
2021-09-23,AAPL,146.64999389648438,147.0800018310547,145.63999938964844,146.8300018310547,143.21372985839844,64838200,-0.28607774,0.5684657,12,True
2021-09-23,MSFT,298.8500061035156,300.8999938964844,297.5299987792969,299.55999755859375,288.03717041015625,18604600,-0.35384044,0.13208018,3,True
2021-09-23,NVDA,22.139999389648438,22.53499984741211,21.889999389648438,22.48200035095215,22.40845489501953,248555000,0.059774697,0.86946166,4,True
2021-09-23,TSLA,251.6666717529297,252.73333740234375,249.30667114257812,251.2133331298828,251.2133331298828,35842500,0.15991534,0.6314704,10,True
2021-09-24,AAPL,145.66000366210938,147.47000122070312,145.55999755859375,146.9199981689453,143.30154418945312,53477900,-0.3148392,0.60797256,9,True
2021-09-24,MSFT,298.2300109863281,299.79998779296875,296.92999267578125,299.3500061035156,287.8351745605469,14999000,-0.093638696,0.5463376,3,True
2021-09-24,NVDA,22.06999969482422,22.14900016784668,21.861000061035156,22.08099937438965,22.008769989013672,217655000,-0.1943382,0.2894643,2,True
2021-09-24,TSLA,248.6300048828125,258.26666259765625,248.18666076660156,258.1300048828125,258.1300048828125,64119000,0.027221406,0.4890525,11,True
2021-09-27,AAPL,145.47000122070312,145.9600067138672,143.82000732421875,145.3699951171875,141.7896728515625,74150700,-0.20295738,0.599297,14,True
2021-09-27,MSFT,296.1400146484375,296.4700012207031,292.94000244140625,294.1700134277344,282.8544006347656,23571700,-0.41268963,0.58215207,7,True
2021-09-27,NVDA,21.709999084472656,21.798999786376953,21.325000762939453,21.65999984741211,21.589147567749023,245215000,-0.7939344,0.22018649,4,True
2021-09-27,TSLA,257.7066650390625,266.3333435058594,256.4366760253906,263.78668212890625,263.78668212890625,84212100,0.15526801,0.58059204,13,True
2021-09-28,AAPL,143.25,144.75,141.69000244140625,141.91000366210938,138.41493225097656,108972300,-0.24148303,0.58239275,12,True
2021-09-28,MSFT,289.79998779296875,290.7799987792969,282.75,283.5199890136719,272.6141357421875,43186200,-0.20860961,0.6034213,8,True
2021-09-28,NVDA,21.214000701904297,21.41900062561035,20.650999069213867,20.698999404907227,20.631288528442383,343069000,-0.1936446,0.7692665,7,True
2021-09-28,TSLA,262.3999938964844,265.21331787109375,255.39332580566406,259.1866760253906,259.1866760253906,76144200,0.008972026,0.61517686,11,True
2021-09-29,AAPL,142.47000122070312,144.4499969482422,142.02999877929688,142.8300018310547,139.31224060058594,74602000,-0.46896005,0.429371,6,True
2021-09-29,MSFT,285.1000061035156,286.7699890136719,283.010009765625,284.0,273.07562255859375,26353700,-0.3493472,0.5003625,4,True
2021-09-29,NVDA,20.940000534057617,21.017000198364258,20.466999053955078,20.517000198364258,20.44988441467285,218394000,-0.7877906,0.17214589,6,True
2021-09-29,TSLA,259.9333190917969,264.5,256.8933410644531,260.4366760253906,260.4366760253906,62828700,0.057875287,0.54889864,15,True
2021-09-30,AAPL,143.66000366210938,144.3800048828125,141.27999877929688,141.5,138.01502990722656,89056700,-0.1356492,0.59397954,8,True
2021-09-30,MSFT,285.7099914550781,287.8299865722656,281.6199951171875,281.9200134277344,271.07562255859375,32343600,-0.51987314,0.31149074,3,True
2021-09-30,NVDA,20.76799964904785,21.06599998474121,20.687999725341797,20.715999603271484,20.648237228393555,221009000,-0.19585076,0.52987695,5,True
2021-09-30,TSLA,260.3333435058594,263.0433349609375,258.3333435058594,258.49334716796875,258.49334716796875,53868000,0.058935426,0.583701,10,True
2021-10-01,AAPL,141.89999389648438,142.9199981689453,139.11000061035156,142.64999389648438,139.13665771484375,94639600,0.025582617,0.47038502,8,True
2021-10-01,MSFT,282.1199951171875,289.9800109863281,281.2900085449219,289.1000061035156,277.9795227050781,30086300,-0.08286454,0.0,1,True
2021-10-01,NVDA,20.75,20.858999252319336,20.202999114990234,20.742000579833984,20.67414665222168,240978000,0.9088878,0.0,1,True
2021-10-01,TSLA,259.4666748046875,260.260009765625,254.52999877929688,258.40667724609375,258.40667724609375,51094200,-0.14055961,0.61557347,8,True
2021-10-04,AAPL,141.75999450683594,142.2100067138672,138.27000427246094,139.13999938964844,135.71311950683594,98322000,-0.49134427,0.43981266,11,True
2021-10-04,MSFT,287.3999938964844,287.75,280.25,283.1099853515625,272.2198791503906,31350700,-0.571639,0.62208754,3,True
2021-10-04,NVDA,20.503999710083008,20.54199981689453,19.55500030517578,19.73200035095215,19.667451858520508,345635000,-0.4898151,0.5134138,3,True
2021-10-04,TSLA,265.5,268.989990234375,258.7066650390625,260.510009765625,260.510009765625,91449900,-0.19681235,0.6375137,15,True
2021-10-05,AAPL,139.49000549316406,142.24000549316406,139.36000061035156,141.11000061035156,137.63461303710938,80861100,-0.1416081,0.53374773,11,True
2021-10-05,MSFT,284.04998779296875,290.3999938964844,284.04998779296875,288.760009765625,277.65252685546875,24993000,-0.13660008,0.5233382,4,True
2021-10-05,NVDA,19.950000762939453,20.648000717163086,19.854000091552734,20.451000213623047,20.384098052978516,279282000,0.34671566,0.6361658,11,True
2021-10-05,TSLA,261.6000061035156,265.7699890136719,258.0666809082031,260.1966552734375,260.1966552734375,55297800,-0.014134101,0.68390435,11,True
2021-10-06,AAPL,139.47000122070312,142.14999389648438,138.3699951171875,142.0,138.502685546875,83221100,-0.20997293,0.65640914,14,True
2021-10-06,MSFT,285.7799987792969,293.6300048828125,285.510009765625,293.1099853515625,281.83514404296875,28002600,0.15195099,0.59091187,7,True
2021-10-06,NVDA,20.1200008392334,20.719999313354492,20.079999923706055,20.700000762939453,20.63228416442871,297202000,-0.07496478,0.4582838,2,True
2021-10-06,TSLA,258.73333740234375,262.2200012207031,257.739990234375,260.9166564941406,260.9166564941406,43898400,-0.21487331,0.57755077,11,True
2021-10-07,AAPL,143.05999755859375,144.22000122070312,142.72000122070312,143.2899932861328,139.76089477539062,61732700,-0.24774949,0.3948468,9,True
2021-10-07,MSFT,295.17999267578125,296.6400146484375,293.9200134277344,294.8500061035156,283.50836181640625,20430500,-0.67697746,0.092862785,3,True
2021-10-07,NVDA,21.091999053955078,21.32200050354004,20.972000122070312,21.075000762939453,21.006059646606445,256919000,-0.48454103,0.09259507,3,True
2021-10-07,TSLA,261.82000732421875,268.3333435058594,261.1266784667969,264.53668212890625,264.53668212890625,57587400,0.10554895,0.5883014,11,True
2021-10-08,AAPL,144.02999877929688,144.17999267578125,142.55999755859375,142.89999389648438,139.38050842285156,58773200,0.043713946,0.4762973,12,True
2021-10-08,MSFT,296.2200012207031,296.6400146484375,293.760009765625,294.8500061035156,283.50836181640625,17685700,-0.16724163,0.4288054,5,True
2021-10-08,NVDA,21.10099983215332,21.20599937438965,20.774999618530273,20.83099937438965,20.76285171508789,151258000,0.7796354,0.0,1,True
2021-10-08,TSLA,265.4033203125,265.4599914550781,260.3033447265625,261.8299865722656,261.8299865722656,50215800,-0.038066562,0.5225024,11,True
2021-10-11,AAPL,142.27000427246094,144.80999755859375,141.80999755859375,142.80999755859375,139.29275512695312,64452200,0.2375469,0.62149006,8,True
2021-10-11,MSFT,292.9200134277344,297.9700012207031,292.75,294.2300109863281,282.91217041015625,19298600,0.3049175,0.6816896,2,True
2021-10-11,NVDA,20.575000762939453,21.062999725341797,20.51099967956543,20.69499969482422,20.627300262451172,163388000,0.0,0.0,0,False
2021-10-11,TSLA,262.54998779296875,267.0799865722656,261.8333435058594,263.9800109863281,263.9800109863281,42600900,0.14820868,0.4160084,8,True
2021-10-12,AAPL,143.22999572753906,143.25,141.0399932861328,141.50999450683594,138.02476501464844,73035900,-0.12548052,0.7014799,6,True
2021-10-12,MSFT,295.3399963378906,295.44000244140625,292.3500061035156,292.8800048828125,281.614013671875,17974100,0.9257654,0.0032234332,2,True
2021-10-12,NVDA,20.827999114990234,21.05699920654297,20.527999877929688,20.67099952697754,20.603384017944336,162134000,0.5166032,0.5585345,2,True
2021-10-12,TSLA,266.9766540527344,270.7733459472656,265.5233459472656,268.5733337402344,268.5733337402344,66060000,0.4524149,0.41907623,11,True
2021-10-13,AAPL,141.24000549316406,141.39999389648438,139.1999969482422,140.91000366210938,137.43955993652344,78762700,-0.26780376,0.71876484,11,True
2021-10-13,MSFT,294.9100036621094,297.2799987792969,293.489990234375,296.30999755859375,284.9121398925781,23416300,0.2453211,0.25636858,2,True
2021-10-13,NVDA,20.917999267578125,20.989999771118164,20.71299934387207,20.93899917602539,20.870502471923828,180652000,0.9385579,0.0,1,True
2021-10-13,TSLA,270.15667724609375,271.8033447265625,268.59332275390625,270.3599853515625,270.3599853515625,42360300,0.2802375,0.68133366,8,True
2021-10-14,AAPL,142.11000061035156,143.8800048828125,141.50999450683594,143.75999450683594,140.21932983398438,69907100,0.34306982,0.44566053,8,True
2021-10-14,MSFT,299.2099914550781,303.2699890136719,297.8299865722656,302.75,291.1044006347656,27262900,0.24058406,0.70847064,6,True
2021-10-14,NVDA,21.288000106811523,21.7549991607666,21.121999740600586,21.746000289916992,21.674863815307617,243589000,0.54052675,0.5573613,2,True
2021-10-14,TSLA,271.8299865722656,273.4166564941406,271.1166687011719,272.7733459472656,272.7733459472656,36741600,-0.05993949,0.48923728,11,True
2021-10-15,AAPL,143.77000427246094,144.89999389648438,143.50999450683594,144.83999633789062,141.27272033691406,67940300,-0.07387945,0.55443954,5,True
2021-10-15,MSFT,302.3399963378906,304.45001220703125,300.5199890136719,304.2099914550781,292.5082702636719,25384800,0.9016212,0.0,1,True
2021-10-15,NVDA,21.809999465942383,21.930999755859375,21.66200065612793,21.86199951171875,21.790485382080078,226994000,-0.6850309,0.0,1,True
2021-10-15,TSLA,274.5799865722656,281.07000732421875,274.1166687011719,281.010009765625,281.010009765625,56773800,0.16043653,0.5684533,13,True
2021-10-18,AAPL,143.4499969482422,146.83999633789062,143.16000366210938,146.5500030517578,142.9405975341797,85589200,-0.23599175,0.62465614,9,True
2021-10-18,MSFT,303.57000732421875,308.2099914550781,302.69000244140625,307.2900085449219,295.4697265625,22729300,0.30962038,0.43216568,6,True
2021-10-18,NVDA,21.749000549316406,22.291000366210938,21.643999099731445,22.222000122070312,22.14930534362793,189494000,-0.5730015,0.0,1,True
2021-10-18,TSLA,283.92999267578125,291.7533264160156,283.8233337402344,290.03668212890625,290.03668212890625,72621600,0.2707182,0.54711974,12,True
2021-10-19,AAPL,147.00999450683594,149.1699981689453,146.5500030517578,148.75999450683594,145.09620666503906,76378900,0.0929938,0.63849896,11,True
2021-10-19,MSFT,308.3500061035156,309.29998779296875,307.2200012207031,308.2300109863281,296.37359619140625,17682100,-0.0027414681,0.0154672675,2,True
2021-10-19,NVDA,22.275999069213867,22.378999710083008,22.03700065612793,22.290000915527344,22.217084884643555,161473000,0.09256481,0.0,1,True
2021-10-19,TSLA,292.510009765625,292.6499938964844,287.5033264160156,288.0899963378906,288.0899963378906,52143300,0.155254,0.52516466,11,True
2021-10-20,AAPL,148.6999969482422,149.75,148.1199951171875,149.25999450683594,145.5838623046875,58418800,0.44592896,0.49344018,6,True
2021-10-20,MSFT,309.2099914550781,309.70001220703125,306.1099853515625,307.4100036621094,295.5852355957031,16537100,0.009113964,0.46921209,8,True
2021-10-20,NVDA,22.30500030517578,22.433000564575195,21.98200035095215,22.10300064086914,22.03069496154785,146276000,-0.15576218,0.0,1,True
2021-10-20,TSLA,288.45001220703125,289.8299865722656,285.7933349609375,288.6000061035156,288.6000061035156,42096300,0.32857227,0.61004364,11,True
2021-10-21,AAPL,148.80999755859375,149.63999938964844,147.8699951171875,149.47999572753906,145.79847717285156,61421000,0.30945042,0.46376386,9,True
2021-10-21,MSFT,307.1700134277344,311.0199890136719,306.3599853515625,310.760009765625,298.8062438964844,16918100,0.5095436,0.4489857,3,True
2021-10-21,NVDA,22.097000122070312,22.711000442504883,22.08300018310547,22.691999435424805,22.61777114868164,187590000,0.0,0.0,0,False
2021-10-21,TSLA,285.3333435058594,300.0,285.1666564941406,298.0,298.0,94444500,0.060230028,0.7468694,14,True
2021-10-22,AAPL,149.69000244140625,150.17999267578125,148.63999938964844,148.69000244140625,145.02792358398438,58883400,-0.5531552,0.53258145,16,True
2021-10-22,MSFT,310.3999938964844,311.0899963378906,307.79998779296875,309.1600036621094,297.2678527832031,17449300,-0.45564225,0.58063596,4,True
2021-10-22,NVDA,22.822999954223633,23.1299991607666,22.56100082397461,22.72599983215332,22.651657104492188,249384000,0.0,0.0,0,False
2021-10-22,TSLA,298.5,303.3333435058594,296.9866638183594,303.2266540527344,303.2266540527344,68642400,-0.12102191,0.6450419,11,True
2021-10-25,AAPL,148.67999267578125,149.3699951171875,147.6199951171875,148.63999938964844,144.9791717529297,50720600,-0.044143703,0.58342856,12,True
2021-10-25,MSFT,309.3599853515625,309.3999938964844,306.4599914550781,308.1300048828125,296.2774353027344,17554500,0.067661926,0.6501294,11,True
2021-10-25,NVDA,22.972999572753906,23.354999542236328,22.770000457763672,23.166000366210938,23.0902156829834,230235000,-0.55911714,0.0,1,True
2021-10-25,TSLA,316.84332275390625,348.3399963378906,314.73333740234375,341.6199951171875,341.6199951171875,188556300,0.31230208,0.57986015,16,True
2021-10-26,AAPL,149.3300018310547,150.83999633789062,149.00999450683594,149.32000732421875,145.64242553710938,60893400,-0.07693572,0.6521925,6,True
2021-10-26,MSFT,311.0,312.3999938964844,308.6000061035156,310.1099853515625,298.1813659667969,28107300,0.30300844,0.68466395,11,True
2021-10-26,NVDA,23.98900032043457,25.259000778198242,23.923999786376953,24.716999053955078,24.636140823364258,485898000,0.49982962,0.81869715,4,True
2021-10-26,TSLA,341.5633239746094,364.9800109863281,333.8133239746094,339.4766540527344,339.4766540527344,187245000,0.32503256,0.53269845,12,True
2021-10-27,AAPL,149.36000061035156,149.72999572753906,148.49000549316406,148.85000610351562,145.18402099609375,56094900,-0.20504284,0.5638997,11,True
2021-10-27,MSFT,316.0,326.1000061035156,316.0,323.1700134277344,310.73895263671875,52588700,0.31119528,0.58125794,12,True
2021-10-27,NVDA,24.474000930786133,25.09000015258789,24.281999588012695,24.451000213623047,24.371017456054688,245990000,-0.0034068227,0.9197057,3,True
2021-10-27,TSLA,346.5533447265625,356.9599914550781,343.59332275390625,345.9533386230469,345.9533386230469,115579500,0.17087844,0.59237385,13,True
2021-10-28,AAPL,149.82000732421875,153.1699981689453,149.72000122070312,152.57000732421875,148.8123779296875,100077900,0.0032990368,0.73034674,14,True
2021-10-28,MSFT,324.3299865722656,324.8699951171875,321.3599853515625,324.3500061035156,311.8735046386719,26297900,0.0649359,0.82113254,7,True
2021-10-28,NVDA,24.878000259399414,24.950000762939453,24.523000717163086,24.94099998474121,24.85940933227539,234204000,0.34937266,0.62024117,2,True
2021-10-28,TSLA,356.10333251953125,360.3333435058594,351.3999938964844,359.0133361816406,359.0133361816406,81639600,0.2881662,0.5831436,11,True
2021-10-29,AAPL,147.22000122070312,149.94000244140625,146.41000366210938,149.8000030517578,146.11056518554688,124953200,0.12088441,0.66499424,13,True
2021-10-29,MSFT,324.1300048828125,332.0,323.8999938964844,331.6199951171875,318.8638916015625,34766000,0.017688444,0.69780505,8,True
2021-10-29,NVDA,25.000999450683594,25.708999633789062,25.0,25.566999435424805,25.48336410522461,292503000,0.0,0.0,0,False
2021-10-29,TSLA,360.6199951171875,371.7366638183594,357.7366638183594,371.3333435058594,371.3333435058594,89755200,-0.0015811995,0.3930976,11,True
2021-11-01,AAPL,148.99000549316406,149.6999969482422,147.8000030517578,148.9600067138672,145.29129028320312,74588300,-0.073680475,0.5366174,11,True
2021-11-01,MSFT,331.3599853515625,331.489990234375,326.3699951171875,329.3699951171875,316.7004089355469,27073200,-0.17180657,0.55525154,8,True
2021-11-01,NVDA,25.64900016784668,25.893999099731445,25.226999282836914,25.82699966430664,25.742515563964844,265740000,0.067840226,0.04005132,3,True
2021-11-01,TSLA,381.6666564941406,403.25,372.88665771484375,402.86334228515625,402.86334228515625,168146100,0.34300944,0.4189983,14,True
2021-11-02,AAPL,148.66000366210938,151.57000732421875,148.64999389648438,150.02000427246094,146.32518005371094,69122000,-0.33804893,0.68608147,9,True
2021-11-02,MSFT,330.30999755859375,333.45001220703125,330.0,333.1300048828125,320.3158264160156,26487100,-0.006882923,0.5990846,7,True
2021-11-02,NVDA,25.82200050354004,26.67799949645996,25.799999237060547,26.400999069213867,26.314638137817383,294112000,0.53296506,0.5628148,2,True
2021-11-02,TSLA,386.4533386230469,402.86334228515625,382.0,390.6666564941406,390.6666564941406,128213400,0.120028235,0.425064,14,True
2021-11-03,AAPL,150.38999938964844,151.97000122070312,149.82000732421875,151.49000549316406,147.7589874267578,54511500,-0.13673751,0.59180987,3,True
2021-11-03,MSFT,333.8999938964844,334.8999938964844,330.6499938964844,334.0,321.15234375,21500100,-0.3667781,0.4528906,6,True
2021-11-03,NVDA,26.670000076293945,26.784000396728516,26.235000610351562,26.597999572753906,26.510990142822266,239910000,0.0,0.0,0,False
2021-11-03,TSLA,392.4433288574219,405.1300048828125,384.2066650390625,404.6199951171875,404.6199951171875,103885500,0.19371139,0.6083745,13,True
2021-11-04,AAPL,151.5800018310547,152.42999267578125,150.63999938964844,150.9600067138672,147.2419891357422,60394600,0.5069952,0.56539315,5,True
2021-11-04,MSFT,332.8900146484375,336.5400085449219,329.510009765625,336.44000244140625,323.49847412109375,23992200,0.03045069,0.5897685,5,True
2021-11-04,NVDA,27.229000091552734,31.364999771118164,27.118000030517578,29.801000595092773,29.703510284423828,1153631000,0.48814866,0.69255257,6,True
2021-11-04,TSLA,411.4700012207031,414.4966735839844,405.6666564941406,409.9700012207031,409.9700012207031,76192200,0.12379821,0.42901134,11,True
2021-11-05,AAPL,151.88999938964844,152.1999969482422,150.05999755859375,151.27999877929688,147.76951599121094,65463900,0.2931213,0.30216032,3,True
2021-11-05,MSFT,338.510009765625,338.7900085449219,334.4200134277344,336.05999755859375,323.1331481933594,22570100,0.09318278,0.113786325,3,True
2021-11-05,NVDA,30.187000274658203,31.399999618530273,29.40999984741211,29.75200080871582,29.654674530029297,851260000,0.6503385,0.46435234,3,True
2021-11-05,TSLA,409.3333435058594,413.2900085449219,402.6666564941406,407.36334228515625,407.36334228515625,64886400,0.13893805,0.72202075,9,True
2021-11-08,AAPL,151.41000366210938,151.57000732421875,150.16000366210938,150.44000244140625,146.94895935058594,55020900,0.3307853,0.6443541,7,True
2021-11-08,MSFT,337.29998779296875,337.6499938964844,334.44000244140625,336.989990234375,324.0273742675781,20897000,0.13680144,0.61584014,7,True
2021-11-08,NVDA,30.14900016784668,31.100000381469727,29.906999588012695,30.804000854492188,30.703231811523438,503101000,0.123831056,0.642804,6,True
2021-11-08,TSLA,383.2633361816406,399.0,377.6666564941406,387.64666748046875,387.64666748046875,100337100,0.118134774,0.5206934,19,True
2021-11-09,AAPL,150.1999969482422,151.42999267578125,150.05999755859375,150.80999755859375,147.3103790283203,56787900,0.52019995,0.33557776,6,True
2021-11-09,MSFT,337.1099853515625,338.7200012207031,334.5299987792969,335.95001220703125,323.0273742675781,21307400,0.91671216,0.0,1,True
2021-11-09,NVDA,32.28200149536133,32.310001373291016,29.964000701904297,30.656999588012695,30.55671501159668,646746000,0.70942926,0.35941142,6,True
2021-11-09,TSLA,391.20001220703125,391.5,337.17333984375,341.1666564941406,341.1666564941406,177317400,0.35970733,0.60153544,14,True
2021-11-10,AAPL,150.02000427246094,150.1300048828125,147.85000610351562,147.9199981689453,144.4874725341797,65187100,0.054495864,0.68870735,8,True
2021-11-10,MSFT,334.57000732421875,334.6300048828125,329.9200134277344,330.79998779296875,318.0754699707031,25500900,-0.27677253,0.5958565,3,True
2021-11-10,NVDA,29.356000900268555,30.850000381469727,28.777999877929688,29.458999633789062,29.36263656616211,636206000,0.20051877,0.6411582,7,True
2021-11-10,TSLA,336.8033447265625,359.3666687011719,329.10333251953125,355.98333740234375,355.98333740234375,128408100,0.020404032,0.59346616,13,True
2021-11-11,AAPL,148.9600067138672,149.42999267578125,147.67999267578125,147.8699951171875,144.4385986328125,41000000,0.012137582,0.0695829,3,True
2021-11-11,MSFT,331.25,333.7699890136719,330.510009765625,332.42999267578125,319.6427307128906,16849800,0.09244494,0.0,1,True
2021-11-11,NVDA,30.468000411987305,30.59000015258789,29.777000427246094,30.389999389648438,30.290584564208984,332172000,0.21910317,0.55947226,6,True
2021-11-11,TSLA,367.5899963378906,368.3233337402344,351.55999755859375,354.5033264160156,354.5033264160156,67189800,-0.017667217,0.5277324,13,True
2021-11-12,AAPL,148.42999267578125,150.39999389648438,147.47999572753906,149.99000549316406,146.5094451904297,63804000,0.010951202,0.59770256,6,True
2021-11-12,MSFT,333.9200134277344,337.2300109863281,333.7900085449219,336.7200012207031,323.7677307128906,23831000,-0.018691504,0.7541936,4,True
2021-11-12,NVDA,30.010000228881836,30.68000030517578,29.6299991607666,30.389999389648438,30.290584564208984,413054000,0.12556705,0.71193767,5,True
2021-11-12,TSLA,349.1666564941406,351.5,339.73333740234375,344.47332763671875,344.47332763671875,76719300,0.06312583,0.61817133,9,True
2021-11-15,AAPL,150.3699951171875,151.8800048828125,149.42999267578125,150.0,146.51918029785156,59222800,0.12638876,0.51246125,11,True
2021-11-15,MSFT,337.5400085449219,337.8800048828125,334.0299987792969,336.07000732421875,323.1427307128906,16723000,0.05297684,0.22575252,4,True
2021-11-15,NVDA,30.552000045776367,30.643999099731445,29.246999740600586,30.024999618530273,29.926776885986328,384909000,0.17927451,0.41991585,6,True
2021-11-15,TSLA,339.2099914550781,343.99334716796875,326.20001220703125,337.7966613769531,337.7966613769531,104326800,-0.04486006,0.631813,15,True
2021-11-16,AAPL,149.94000244140625,151.49000549316406,149.33999633789062,151.0,147.4960174560547,59256200,-0.07495241,0.70763224,5,True
2021-11-16,MSFT,335.67999267578125,340.6700134277344,335.510009765625,339.510009765625,326.4504089355469,20886800,0.26748696,0.7437314,6,True
2021-11-16,NVDA,29.759000778198242,30.389999389648438,29.70599937438965,30.202999114990234,30.104202270507812,264484000,0.3149909,0.5063528,5,True
2021-11-16,TSLA,334.4366760253906,352.3999938964844,334.05999755859375,351.57666015625,351.57666015625,79627200,-0.07028323,0.48937622,13,True
2021-11-17,AAPL,151.0,155.0,150.99000549316406,153.49000549316406,149.92822265625,88807000,0.22867389,0.4676939,10,True
2021-11-17,MSFT,338.94000244140625,342.19000244140625,338.0,339.1199951171875,326.6719665527344,19053400,0.55334675,0.27268034,4,True
2021-11-17,NVDA,30.417999267578125,30.509000778198242,28.799999237060547,29.26099967956543,29.165279388427734,428508000,0.23696525,0.8376315,7,True
2021-11-17,TSLA,354.5033264160156,373.21331787109375,351.8333435058594,363.0033264160156,363.0033264160156,94336200,0.17775415,0.47636294,12,True
2021-11-18,AAPL,153.7100067138672,158.6699981689453,153.0500030517578,157.8699951171875,154.20654296875,137827700,-0.019503409,0.59652996,9,True
2021-11-18,MSFT,338.17999267578125,342.45001220703125,337.1199951171875,341.2699890136719,328.7430114746094,22463500,0.2688712,0.6333433,4,True
2021-11-18,NVDA,32.367000579833984,32.7599983215332,31.320999145507812,31.674999237060547,31.571386337280273,781711000,0.5319762,0.5728991,13,True
2021-11-18,TSLA,368.8500061035156,370.6666564941406,358.3399963378906,365.4599914550781,365.4599914550781,62696700,-0.24825256,0.445078,10,True
2021-11-19,AAPL,157.64999389648438,161.02000427246094,156.52999877929688,160.5500030517578,156.8244171142578,117305600,0.39227274,0.41864705,7,True
2021-11-19,MSFT,342.6400146484375,345.1000061035156,342.20001220703125,343.1099853515625,330.5154724121094,21963400,-0.21789484,0.71492374,5,True
2021-11-19,NVDA,32.24300003051758,33.0880012512207,31.905000686645508,32.98500061035156,32.87710189819336,533867000,0.4951498,0.49777445,4,True
2021-11-19,TSLA,366.2900085449219,379.5733337402344,364.23333740234375,379.0199890136719,379.0199890136719,64926900,0.20333132,0.6930026,13,True
2021-11-22,AAPL,161.67999267578125,165.6999969482422,161.0,161.02000427246094,157.28346252441406,117467900,-0.028647775,0.6031654,12,True
2021-11-22,MSFT,344.6199951171875,349.6700134277344,339.54998779296875,339.8299865722656,327.35589599609375,31031100,0.5004629,0.56720686,2,True
2021-11-22,NVDA,33.516998291015625,34.64699935913086,31.899999618530273,31.95599937438965,31.85146141052246,754335000,-0.40805173,0.6561397,2,True
2021-11-22,TSLA,387.4433288574219,400.6499938964844,377.4766540527344,385.6233215332031,385.6233215332031,99217500,0.067015715,0.5921299,14,True
2021-11-23,AAPL,161.1199951171875,161.8000030517578,159.05999755859375,161.41000366210938,157.66445922851562,96041900,0.07742091,0.7475016,8,True
2021-11-23,MSFT,337.04998779296875,339.45001220703125,333.55999755859375,337.67999267578125,325.2846984863281,30427600,0.0,0.0,0,False
2021-11-23,NVDA,31.53499984741211,32.36000061035156,30.8799991607666,31.746000289916992,31.642147064208984,532163000,0.13277279,0.3207089,3,True
2021-11-23,TSLA,389.1700134277344,393.5,354.23333740234375,369.6766662597656,369.6766662597656,108515100,-0.2730231,0.6679789,11,True
2021-11-24,AAPL,160.75,162.13999938964844,159.63999938964844,161.94000244140625,158.18212890625,69463600,-0.055289622,0.76345307,4,True
2021-11-24,MSFT,336.2799987792969,338.1600036621094,333.9100036621094,337.9100036621094,325.5064392089844,21661300,-0.1439966,0.16128784,2,True
2021-11-24,NVDA,31.461000442504883,32.85499954223633,30.92799949645996,32.67399978637695,32.567115783691406,435162000,0.16322362,0.6501068,3,True
2021-11-24,TSLA,360.1300048828125,377.5899963378906,354.0,372.0,372.0,67680600,0.027021315,0.43810824,10,True
2021-11-26,AAPL,159.57000732421875,160.4499969482422,156.36000061035156,156.80999755859375,153.17112731933594,76959800,0.47503793,0.7338341,3,True
2021-11-26,MSFT,334.3500061035156,337.92999267578125,328.1199951171875,329.67999267578125,317.57843017578125,24217200,-0.95243347,0.0,1,True
2021-11-26,NVDA,32.599998474121094,32.709999084472656,31.350000381469727,31.503000259399414,31.39995002746582,283069000,0.027878419,0.0,1,True
2021-11-26,TSLA,366.489990234375,369.59332275390625,360.3333435058594,360.6400146484375,360.6400146484375,35042700,-0.22943832,0.7824578,6,True
2021-11-29,AAPL,159.3699951171875,161.19000244140625,158.7899932861328,160.24000549316406,156.52163696289062,88748200,0.05195177,0.1271842,8,True
2021-11-29,MSFT,334.94000244140625,339.0299987792969,334.739990234375,336.6300048828125,324.2733459472656,28563500,0.07484734,0.10161843,4,True
2021-11-29,NVDA,32.36600112915039,33.4119987487793,32.0359992980957,33.375999450683594,33.26681137084961,454964000,0.03777557,0.0,1,True
2021-11-29,TSLA,366.9966735839844,380.8900146484375,366.7300109863281,378.9966735839844,378.9966735839844,58393500,-0.17141773,0.61591905,11,True
2021-11-30,AAPL,159.99000549316406,165.52000427246094,159.9199981689453,165.3000030517578,161.4641571044922,174048100,0.08435973,0.6144917,7,True
2021-11-30,MSFT,335.32000732421875,337.7799987792969,328.989990234375,330.5899963378906,318.4549865722656,42885600,0.0,0.0,0,False
2021-11-30,NVDA,33.16899871826172,33.35300064086914,31.86400032043457,32.67599868774414,32.56911087036133,622066000,-0.619051,0.47845352,3,True
2021-11-30,TSLA,381.4566650390625,389.3333435058594,372.6666564941406,381.586669921875,381.586669921875,81276000,-0.26448658,0.6470441,12,True
2021-12-01,AAPL,167.47999572753906,170.3000030517578,164.52999877929688,164.77000427246094,160.94647216796875,152052500,0.11337346,0.42352542,7,True
2021-12-01,MSFT,335.1300048828125,339.2799987792969,329.3900146484375,330.0799865722656,317.9638366699219,33337600,0.121411584,0.537626,6,True
2021-12-01,NVDA,33.21900177001953,33.28900146484375,31.3799991607666,31.434999465942383,31.33600425720215,484368000,0.34107405,0.66550845,2,True
2021-12-01,TSLA,386.8999938964844,390.9466552734375,363.586669921875,365.0,365.0,68450400,-0.08083265,0.5926261,11,True
2021-12-02,AAPL,158.74000549316406,164.1999969482422,157.8000030517578,163.75999450683594,159.95989990234375,136739200,0.06518624,0.73214805,9,True
2021-12-02,MSFT,330.29998779296875,333.489990234375,327.79998779296875,329.489990234375,317.3953857421875,30766000,0.79169536,0.0,1,True
2021-12-02,NVDA,31.214000701904297,32.47800064086914,31.024999618530273,32.125999450683594,32.02482604980469,472890000,0.0,0.0,0,False
2021-12-02,TSLA,366.35333251953125,371.0,352.2166748046875,361.5333251953125,361.5333251953125,73114800,0.09437654,0.643309,11,True
2021-12-03,AAPL,164.02000427246094,164.9600067138672,159.72000122070312,161.83999633789062,158.08444213867188,118023100,-0.30239028,0.75138295,4,True
2021-12-03,MSFT,331.989990234375,332.70001220703125,318.0299987792969,323.010009765625,311.1532897949219,41779300,0.0,0.0,0,False
2021-12-03,NVDA,32.0,32.12900161743164,30.1299991607666,30.69300079345703,30.596338272094727,544325000,-0.28281736,0.89805704,5,True
2021-12-03,TSLA,361.5966796875,363.52667236328125,333.4033203125,338.3233337402344,338.3233337402344,92322000,-0.33193058,0.5494123,10,True
2021-12-06,AAPL,164.2899932861328,167.8800048828125,164.27999877929688,165.32000732421875,161.48374938964844,107497000,0.034928728,0.7914508,5,True
2021-12-06,MSFT,323.95001220703125,327.45001220703125,319.2300109863281,326.19000244140625,314.2165222167969,30032600,-0.27423614,0.0,1,True
2021-12-06,NVDA,29.8799991607666,30.240999221801758,28.038000106811523,30.03700065612793,29.94240951538086,658938000,-0.48698878,0.4384014,3,True
2021-12-06,TSLA,333.836669921875,340.5466613769531,316.8333435058594,336.336669921875,336.336669921875,81663000,0.099299476,0.7467928,11,True
2021-12-07,AAPL,169.0800018310547,171.5800018310547,168.33999633789062,171.17999267578125,167.2076873779297,120405400,0.45149902,0.51604795,8,True
2021-12-07,MSFT,331.6400146484375,335.79998779296875,330.1000061035156,334.9200134277344,322.6261291503906,31021900,0.0,0.0,0,False
2021-12-07,NVDA,30.957000732421875,32.44900131225586,30.650999069213867,32.426998138427734,32.32487106323242,593053000,0.22255366,0.47073656,4,True
2021-12-07,TSLA,348.0666809082031,352.5566711425781,342.2699890136719,350.5833435058594,350.5833435058594,56084700,0.05993089,0.47513968,12,True
2021-12-08,AAPL,172.1300048828125,175.9600067138672,170.6999969482422,175.0800018310547,171.01719665527344,116998900,-0.03512618,0.36867362,9,True
2021-12-08,MSFT,335.30999755859375,335.5,330.79998779296875,334.9700012207031,322.67431640625,24761000,-0.40878865,0.58506435,4,True
2021-12-08,NVDA,31.999000549316406,32.290000915527344,31.42099952697754,31.826000213623047,31.72577476501465,475551000,0.0,0.0,0,False
2021-12-08,TSLA,350.9033203125,357.4599914550781,344.3333435058594,356.32000732421875,356.32000732421875,41906400,0.14186555,0.6504075,9,True
2021-12-09,AAPL,174.91000366210938,176.75,173.9199981689453,174.55999755859375,170.50926208496094,108923700,-0.030567419,0.6281091,10,True
2021-12-09,MSFT,334.4100036621094,336.489990234375,332.1199951171875,333.1000061035156,320.8730163574219,22214200,0.044048984,0.21268077,2,True
2021-12-09,NVDA,31.733999252319336,32.20500183105469,30.42799949645996,30.489999771118164,30.393980026245117,488507000,0.13809094,0.0,1,True
2021-12-09,TSLA,353.5466613769531,354.163330078125,334.1199951171875,334.6000061035156,334.6000061035156,59438400,-0.04347509,0.51117414,7,True
2021-12-10,AAPL,175.2100067138672,179.6300048828125,174.69000244140625,179.4499969482422,175.2858123779297,115402700,-0.07289475,0.8181632,7,True
2021-12-10,MSFT,334.9800109863281,343.0,334.7900085449219,342.5400085449219,329.9665222167969,38095700,-0.012144774,0.76724136,4,True
2021-12-10,NVDA,31.149999618530273,31.30500030517578,29.861000061035156,30.197999954223633,30.102903366088867,488825000,0.93283474,0.0,1,True
2021-12-10,TSLA,336.25,340.32666015625,327.510009765625,339.010009765625,339.010009765625,59664300,-0.0047038198,0.6184214,9,True
2021-12-13,AAPL,181.1199951171875,182.1300048828125,175.52999877929688,175.74000549316406,171.6619110107422,153237000,0.108416244,0.60736984,13,True
2021-12-13,MSFT,340.67999267578125,343.7900085449219,339.0799865722656,339.3999938964844,326.94171142578125,28899400,-0.31451443,0.6255536,3,True
2021-12-13,NVDA,30.249000549316406,30.29400062561035,28.115999221801758,28.160999298095703,28.072311401367188,598344000,-0.27071851,0.16629454,2,True
2021-12-13,TSLA,333.6966552734375,335.0,317.1400146484375,322.13665771484375,322.13665771484375,78595500,-0.024618855,0.6920587,13,True
2021-12-14,AAPL,175.25,177.74000549316406,172.2100067138672,174.3300018310547,170.28460693359375,139380400,0.1728674,0.61915463,9,True
2021-12-14,MSFT,333.2200012207031,334.6400146484375,324.1099853515625,328.3399963378906,316.28765869140625,44438700,0.11252165,0.9060195,6,True
2021-12-14,NVDA,27.698999404907227,28.67799949645996,27.25,28.336999893188477,28.247760772705078,667035000,0.062499702,0.100577176,3,True
2021-12-14,TSLA,315.0,322.13665771484375,310.0,319.5033264160156,319.5033264160156,70806300,0.17099649,0.5617496,10,True
2021-12-15,AAPL,175.11000061035156,179.5,172.30999755859375,179.3000030517578,175.1392822265625,131063300,-0.15598711,1.0768172,2,True
2021-12-15,MSFT,328.6099853515625,335.19000244140625,324.5,334.6499938964844,322.36602783203125,35381100,0.05989048,0.7085806,4,True
2021-12-15,NVDA,28.399999618530273,30.5,27.83799934387207,30.458999633789062,30.363079071044922,698297000,-0.5907448,0.0,1,True
2021-12-15,TSLA,317.7366638183594,326.25,309.4166564941406,325.3299865722656,325.3299865722656,75169200,-0.24817294,0.56227493,11,True
2021-12-16,AAPL,179.27999877929688,181.13999938964844,170.75,172.25999450683594,168.2626495361328,150185800,-0.10020951,0.69410557,10,True
2021-12-16,MSFT,335.7099914550781,336.760009765625,323.0199890136719,324.8999938964844,312.9739074707031,35034800,-0.5085584,0.57997745,4,True
2021-12-16,NVDA,31.152000427246094,31.15999984741211,28.093000411987305,28.386999130249023,28.297603607177734,707366000,-0.067997836,0.6293095,4,True
2021-12-16,TSLA,331.5,331.6600036621094,307.2833251953125,308.97332763671875,308.97332763671875,82771500,0.11624225,0.60052824,13,True
2021-12-17,AAPL,169.92999267578125,173.47000122070312,169.69000244140625,171.13999938964844,167.16860961914062,195432700,-0.09747948,0.4705778,5,True
2021-12-17,MSFT,320.8800048828125,324.9200134277344,317.25,323.79998779296875,311.914306640625,47750300,-0.069809124,0.9021203,5,True
2021-12-17,NVDA,27.985000610351562,28.922000885009766,27.760000228881836,27.801000595092773,27.71345329284668,713758000,-0.19207089,0.6018663,3,True
2021-12-17,TSLA,304.92333984375,320.2200012207031,303.0133361816406,310.8566589355469,310.8566589355469,100437300,-0.20856436,0.58093417,10,True
2021-12-20,AAPL,168.27999877929688,170.5800018310547,167.4600067138672,169.75,165.8108673095703,107499100,-0.37604982,0.8038348,5,True
2021-12-20,MSFT,320.04998779296875,322.79998779296875,317.57000732421875,319.9100036621094,308.1671142578125,28326500,-0.19887625,0.556858,4,True
2021-12-20,NVDA,27.30500030517578,28.143999099731445,27.145000457763672,27.7189998626709,27.63170623779297,461847000,0.0,0.0,0,False
2021-12-20,TSLA,303.5666809082031,307.2300109863281,297.7966613769531,299.9800109863281,299.9800109863281,56480100,0.049064036,0.43416914,14,True
2021-12-21,AAPL,171.55999755859375,173.1999969482422,169.1199951171875,172.99000549316406,168.97569274902344,91185900,-0.21427278,0.79643404,5,True
2021-12-21,MSFT,323.2900085449219,327.7300109863281,319.79998779296875,327.2900085449219,315.2761535644531,24740600,0.29091302,0.5793302,6,True
2021-12-21,NVDA,28.374000549316406,29.1200008392334,27.400999069213867,29.075000762939453,28.983434677124023,524385000,0.23488252,0.9702769,3,True
2021-12-21,TSLA,305.6233215332031,313.1666564941406,295.3733215332031,312.84332275390625,312.84332275390625,71517900,-0.058793217,0.4448431,10,True
2021-12-22,AAPL,173.0399932861328,175.86000061035156,172.14999389648438,175.63999938964844,171.56419372558594,92135300,0.20449948,0.70235556,6,True
2021-12-22,MSFT,328.29998779296875,333.6099853515625,325.75,333.20001220703125,320.96929931640625,24831500,0.16816683,0.5790689,4,True
2021-12-22,NVDA,28.891000747680664,29.55500030517578,28.448999404907227,29.399999618530273,29.307411193847656,395184000,-0.03927391,0.0,1,True
2021-12-22,TSLA,321.88665771484375,338.5533447265625,319.01666259765625,336.2900085449219,336.2900085449219,93634200,-0.12430148,0.6265749,13,True
2021-12-23,AAPL,175.85000610351562,176.85000610351562,175.27000427246094,176.27999877929688,172.18936157226562,68356600,-0.42144004,0.93441725,3,True
2021-12-23,MSFT,332.75,336.3900146484375,332.7300109863281,334.69000244140625,322.4045715332031,19617800,0.6575308,0.0,1,True
2021-12-23,NVDA,29.7549991607666,30.05900001525879,29.430999755859375,29.639999389648438,29.546655654907227,343022000,-0.02807959,0.0,1,True
2021-12-23,TSLA,335.6000061035156,357.6600036621094,332.5199890136719,355.6666564941406,355.6666564941406,92713200,0.041789256,0.6456956,13,True
2021-12-27,AAPL,177.08999633789062,180.4199981689453,177.07000732421875,180.3300018310547,176.1453857421875,74919600,0.05733153,0.75227576,12,True
2021-12-27,MSFT,335.4599914550781,342.4800109863281,335.42999267578125,342.45001220703125,329.8797607421875,19947000,0.017950734,0.6671925,9,True
2021-12-27,NVDA,29.65999984741211,31.086999893188477,29.639999389648438,30.94499969482422,30.847545623779297,403686000,0.49683648,0.63591623,4,True
2021-12-27,TSLA,357.8900146484375,372.3333435058594,356.90667724609375,364.64666748046875,364.64666748046875,71145900,0.12652063,0.3723264,10,True
2021-12-28,AAPL,180.16000366210938,181.3300018310547,178.52999877929688,179.2899932861328,175.12953186035156,79144300,-0.15937304,0.76272565,8,True
2021-12-28,MSFT,343.1499938964844,343.80999755859375,340.32000732421875,341.25,328.7238464355469,15661500,-0.9527386,0.0,1,True
2021-12-28,NVDA,31.312000274658203,31.329999923706055,30.011999130249023,30.32200050354004,30.226511001586914,420591000,-0.31123453,0.6109894,4,True
2021-12-28,TSLA,369.8299865722656,373.0,359.47332763671875,362.8233337402344,362.8233337402344,60324000,0.07151618,0.6689239,9,True
2021-12-29,AAPL,179.3300018310547,180.6300048828125,178.13999938964844,179.3800048828125,175.2174530029297,62348900,-0.21648298,0.5553165,7,True
2021-12-29,MSFT,341.29998779296875,344.29998779296875,339.67999267578125,341.95001220703125,329.39813232421875,15042000,-0.23589127,0.3610946,7,True
2021-12-29,NVDA,30.273000717163086,30.54800033569336,29.365999221801758,30.000999450683594,29.906517028808594,343139000,-0.42326432,0.0,1,True
2021-12-29,TSLA,366.21331787109375,368.0,354.71331787109375,362.0633239746094,362.0633239746094,56154000,0.019495182,0.4991061,11,True
2021-12-30,AAPL,179.47000122070312,180.57000732421875,178.08999633789062,178.1999969482422,174.06480407714844,59773000,0.059107117,0.337979,5,True
2021-12-30,MSFT,341.9100036621094,343.1300048828125,338.82000732421875,339.32000732421875,326.86456298828125,15994500,-0.22877318,1.0435097,2,True
2021-12-30,NVDA,29.82699966430664,30.457000732421875,29.540000915527344,29.586000442504883,29.492828369140625,308864000,0.44559014,0.3832562,3,True
2021-12-30,TSLA,353.77667236328125,365.1833190917969,351.04998779296875,356.7799987792969,356.7799987792969,47040900,-0.058848634,0.6298463,9,True
2021-12-31,AAPL,178.08999633789062,179.22999572753906,177.25999450683594,177.57000732421875,173.44944763183594,64062300,0.2642,0.49035177,5,True
2021-12-31,MSFT,338.510009765625,339.3599853515625,335.8500061035156,336.32000732421875,323.9748229980469,18000800,0.0050179255,0.037408594,3,True
2021-12-31,NVDA,29.673999786376953,30.030000686645508,29.33099937438965,29.410999298095703,29.31838035583496,266530000,-0.11741294,0.50829494,4,True
2021-12-31,TSLA,357.8133239746094,360.6666564941406,351.5299987792969,352.260009765625,352.260009765625,40733700,0.14516929,0.6177704,7,True
2022-01-03,AAPL,177.8300018310547,182.8800048828125,177.7100067138672,182.00999450683594,177.78636169433594,104487900,0.39787456,0.43678558,7,True
2022-01-03,MSFT,335.3500061035156,338.0,329.7799987792969,334.75,322.4623718261719,28865100,-0.3027872,0.5130198,3,True
2022-01-03,NVDA,29.815000534057617,30.711000442504883,29.78499984741211,30.121000289916992,30.02614402770996,391547000,0.18928126,0.76524013,5,True
2022-01-03,TSLA,382.5833435058594,400.3566589355469,378.67999267578125,399.9266662597656,399.9266662597656,103931400,0.3127449,0.6349305,14,True
2022-01-04,AAPL,182.6300048828125,182.94000244140625,179.1199951171875,179.6999969482422,175.52999877929688,99310400,0.086821385,0.37997633,9,True
2022-01-04,MSFT,334.8299865722656,335.20001220703125,326.1199951171875,329.010009765625,316.9330749511719,32674300,-0.21534994,0.55198497,5,True
2022-01-04,NVDA,30.277000427246094,30.468000411987305,28.349000930786133,29.290000915527344,29.197757720947266,527154000,0.1344274,0.72447526,5,True
2022-01-04,TSLA,396.51666259765625,402.6666564941406,374.3500061035156,383.1966552734375,383.1966552734375,100248300,-0.06310922,0.71387047,10,True
2022-01-05,AAPL,179.61000061035156,180.1699981689453,174.63999938964844,174.9199981689453,170.86094665527344,94537600,-0.16086358,0.36775723,10,True
2022-01-05,MSFT,325.8599853515625,326.07000732421875,315.9800109863281,316.3800048828125,304.7667236328125,40054300,-0.23278588,0.7862892,6,True
2022-01-05,NVDA,28.948999404907227,29.416000366210938,27.533000946044922,27.604000091552734,27.51706886291504,498064000,-0.2754685,0.49655896,6,True
2022-01-05,TSLA,382.2166748046875,390.11334228515625,360.336669921875,362.7066650390625,362.7066650390625,80119800,-0.12771687,0.6143841,13,True
2022-01-06,AAPL,172.6999969482422,175.3000030517578,171.63999938964844,172.0,168.00865173339844,96904000,0.032113746,0.70596486,4,True
2022-01-06,MSFT,313.1499938964844,318.70001220703125,311.489990234375,313.8800048828125,302.3584899902344,39646100,-0.022955656,0.9418827,3,True
2022-01-06,NVDA,27.639999389648438,28.437999725341797,27.065000534057617,28.17799949645996,28.089262008666992,454186000,0.2629884,0.63579327,5,True
2022-01-06,TSLA,359.0,362.6666564941406,340.1666564941406,354.8999938964844,354.8999938964844,90336600,0.30595866,0.65035623,12,True
2022-01-07,AAPL,172.88999938964844,174.13999938964844,171.02999877929688,172.1699981689453,168.1747589111328,86709100,-0.10795969,0.6179907,6,True
2022-01-07,MSFT,314.1499938964844,316.5,310.0899963378906,314.0400085449219,302.51263427734375,32720000,0.0,0.0,0,False
2022-01-07,NVDA,28.141000747680664,28.422000885009766,27.05699920654297,27.246999740600586,27.161191940307617,409939000,0.07437313,0.51314104,3,True
2022-01-07,TSLA,360.1233215332031,360.30999755859375,336.6666564941406,342.32000732421875,342.32000732421875,84164700,0.059620716,0.40357786,11,True
2022-01-10,AAPL,169.0800018310547,172.5,168.1699981689453,172.19000244140625,168.1942596435547,106765600,0.22087285,0.3993851,8,True
2022-01-10,MSFT,309.489990234375,314.7200012207031,304.69000244140625,314.2699890136719,302.7341003417969,44289500,0.34166622,0.4645479,3,True
2022-01-10,NVDA,26.58099937438965,27.4689998626709,25.643999099731445,27.399999618530273,27.313711166381836,594681000,-0.01085937,0.7072168,4,True
2022-01-10,TSLA,333.3333435058594,353.0333251953125,326.6666564941406,352.7066650390625,352.7066650390625,91815000,0.050688718,0.4142909,14,True
2022-01-11,AAPL,172.32000732421875,175.17999267578125,170.82000732421875,175.0800018310547,171.01719665527344,76138300,-0.016656404,0.529109,10,True
2022-01-11,MSFT,313.3800048828125,316.6099853515625,309.8900146484375,314.9800109863281,303.4181213378906,29386800,0.32185298,0.5995328,6,True
2022-01-11,NVDA,27.322999954223633,28.065000534057617,26.839000701904297,27.816999435424805,27.729394912719727,404089000,-0.30874464,0.38291317,2,True
2022-01-11,TSLA,351.22332763671875,358.6166687011719,346.2733459472656,354.79998779296875,354.79998779296875,66063300,0.12502512,0.6818669,10,True
2022-01-12,AAPL,176.1199951171875,177.17999267578125,174.82000732421875,175.52999877929688,171.45677185058594,74805200,0.26319218,0.61299664,7,True
2022-01-12,MSFT,319.6700134277344,323.4100036621094,317.0799865722656,318.2699890136719,306.5872497558594,34372200,-0.014285554,0.02886762,4,True
2022-01-12,NVDA,28.066999435424805,28.594999313354492,27.607999801635742,27.999000549316406,27.910825729370117,383413000,0.28677246,0.5609464,3,True
2022-01-12,TSLA,359.6166687011719,371.61334228515625,357.5299987792969,368.739990234375,368.739990234375,83739000,0.2990287,0.61982405,12,True
2022-01-13,AAPL,175.77999877929688,176.6199951171875,171.7899932861328,172.19000244140625,168.1942596435547,84505800,0.026015505,0.6595902,8,True
2022-01-13,MSFT,320.4700012207031,320.8800048828125,304.0,304.79998779296875,293.61163330078125,45366000,-0.21692696,0.44439602,5,True
2022-01-13,NVDA,28.378999710083008,28.479999542236328,26.49799919128418,26.575000762939453,26.49131202697754,540171000,0.21243554,0.9057156,4,True
2022-01-13,TSLA,369.69000244140625,371.8666687011719,342.17999267578125,343.85333251953125,343.85333251953125,97209900,-0.043437544,0.61102194,12,True
2022-01-14,AAPL,171.33999633789062,173.77999877929688,171.08999633789062,173.07000732421875,169.05384826660156,80440800,-0.07080074,0.6975239,7,True
2022-01-14,MSFT,304.25,310.82000732421875,303.75,310.20001220703125,298.8135070800781,39846400,-0.4367554,0.40876764,3,True
2022-01-14,NVDA,26.299999237060547,27.19700050354004,26.209999084472656,26.941999435424805,26.85715675354004,395832000,-0.225557,0.3097922,4,True
2022-01-14,TSLA,339.9599914550781,350.6666564941406,337.7933349609375,349.8699951171875,349.8699951171875,72924300,0.011326336,0.743059,12,True
2022-01-18,AAPL,171.50999450683594,172.5399932861328,169.41000366210938,169.8000030517578,165.8597412109375,90956700,0.40611178,0.43640557,8,True
2022-01-18,MSFT,304.07000732421875,309.79998779296875,301.739990234375,302.6499938964844,291.54071044921875,42333200,0.32254207,0.5936954,11,True
2022-01-18,NVDA,26.260000228881836,26.63800048828125,25.770000457763672,25.902999877929688,25.82142448425293,424270000,-0.33961847,0.6507531,6,True
2022-01-18,TSLA,342.2033386230469,356.92999267578125,338.6866760253906,343.5033264160156,343.5033264160156,66743400,-0.17575148,0.6043294,10,True
2022-01-19,AAPL,170.0,171.0800018310547,165.94000244140625,166.22999572753906,162.37254333496094,94815000,0.016989518,0.7186302,5,True
2022-01-19,MSFT,306.2900085449219,313.9100036621094,302.70001220703125,303.3299865722656,292.1956787109375,45933900,0.388969,0.42989457,9,True
2022-01-19,NVDA,26.07900047302246,26.542999267578125,25.052000045776367,25.066999435424805,24.988054275512695,488315000,0.0,0.0,0,False
2022-01-19,TSLA,347.2366638183594,351.5566711425781,331.6666564941406,331.8833312988281,331.8833312988281,75442500,-0.017901078,0.66826725,12,True
2022-01-20,AAPL,166.97999572753906,169.67999267578125,164.17999267578125,164.50999450683594,160.6924591064453,91420500,0.12362027,0.50401986,5,True
2022-01-20,MSFT,309.07000732421875,311.6499938964844,301.1400146484375,301.6000061035156,290.5292053222656,35380700,0.1002882,0.7362212,8,True
2022-01-20,NVDA,25.304000854492188,25.57900047302246,24.077999114990234,24.149999618530273,24.073945999145508,435181000,0.2541644,0.9580289,2,True
2022-01-20,TSLA,336.57666015625,347.2200012207031,331.3333435058594,332.0899963378906,332.0899963378906,70488600,0.10190825,0.68255466,10,True
2022-01-21,AAPL,164.4199981689453,166.3300018310547,162.3000030517578,162.41000366210938,158.64120483398438,122848900,-0.0752872,0.5707147,9,True
2022-01-21,MSFT,302.69000244140625,304.1099853515625,295.6099853515625,296.0299987792969,285.16363525390625,57984400,-0.4658084,0.50873804,4,True
2022-01-21,NVDA,23.506999969482422,24.822999954223633,23.26300048828125,23.374000549316406,23.300392150878906,718958000,0.34143758,0.53658336,2,True
2022-01-21,TSLA,332.11334228515625,334.8500061035156,313.5,314.6333312988281,314.6333312988281,103416000,-0.2786581,0.60791755,11,True
2022-01-24,AAPL,160.02000427246094,162.3000030517578,154.6999969482422,161.6199951171875,157.8695526123047,162294600,-0.019427212,0.68384343,11,True
2022-01-24,MSFT,292.20001220703125,297.1099853515625,276.04998779296875,296.3699951171875,285.4911804199219,85731500,-0.10519618,0.7405324,4,True
2022-01-24,NVDA,22.329999923706055,23.3799991607666,20.88800048828125,23.371999740600586,23.298397064208984,913982000,-0.12123784,0.75527865,6,True
2022-01-24,TSLA,301.586669921875,311.1700134277344,283.8233337402344,310.0,310.0,151565700,-0.24818632,0.6037599,10,True
2022-01-25,AAPL,158.97999572753906,162.75999450683594,157.02000427246094,159.77999877929688,156.07223510742188,115798400,-0.32089567,0.7189795,8,True
2022-01-25,MSFT,291.5199890136719,294.989990234375,285.1700134277344,288.489990234375,277.9004211425781,72848600,-0.089057885,0.8471382,12,True
2022-01-25,NVDA,22.54599952697754,22.94300079345703,22.0,22.323999404907227,22.25369644165039,664616000,-0.73261887,0.28290522,5,True
2022-01-25,TSLA,304.73333740234375,317.086669921875,301.07000732421875,306.1333312988281,306.1333312988281,86595900,-0.13664731,0.73466545,10,True
2022-01-26,AAPL,163.5,164.38999938964844,157.82000732421875,159.69000244140625,155.98431396484375,108275300,0.077200375,0.7101024,11,True
2022-01-26,MSFT,307.989990234375,308.5,293.0299987792969,296.7099914550781,285.8186950683594,90428900,-0.21648636,0.7396227,10,True
2022-01-26,NVDA,23.239999771118164,24.05699920654297,22.299999237060547,22.77199935913086,22.700284957885742,755959000,0.5319251,0.49944532,3,True
2022-01-26,TSLA,317.4766540527344,329.2300109863281,302.0,312.4700012207031,312.4700012207031,104867400,0.44656724,0.68923753,13,True
2022-01-27,AAPL,162.4499969482422,163.83999633789062,158.27999877929688,159.22000122070312,155.5251922607422,121954600,0.15152596,0.57757527,11,True
2022-01-27,MSFT,302.6600036621094,307.29998779296875,297.92999267578125,299.8399963378906,288.83380126953125,53481300,0.07541765,0.5663139,7,True
2022-01-27,NVDA,23.56800079345703,23.9950008392334,21.674999237060547,21.944000244140625,21.874895095825195,573353000,-0.010581385,0.038753353,2,True
2022-01-27,TSLA,311.1199951171875,311.7966613769531,276.3333435058594,276.3666687011719,276.3666687011719,147109500,-0.2154962,0.6581004,12,True
2022-01-28,AAPL,165.7100067138672,170.35000610351562,162.8000030517578,170.3300018310547,166.37744140625,179935700,0.5045576,0.60439205,11,True
2022-01-28,MSFT,300.2300109863281,308.4800109863281,294.45001220703125,308.260009765625,296.9447326660156,49743700,-0.53783125,0.35136965,3,True
2022-01-28,NVDA,22.011999130249023,22.857999801635742,21.29599952697754,22.84000015258789,22.76807403564453,543774000,-0.25747615,0.41384822,5,True
2022-01-28,TSLA,277.1866760253906,285.8333435058594,264.0033264160156,282.1166687011719,282.1166687011719,134789100,0.23478316,0.4592611,12,True
2022-01-31,AAPL,170.16000366210938,175.0,169.50999450683594,174.77999877929688,170.7241668701172,115541600,-0.039650463,0.72987705,10,True
2022-01-31,MSFT,308.95001220703125,312.3800048828125,306.3699951171875,310.9800109863281,299.56488037109375,46444500,0.36654475,0.41252616,4,True
2022-01-31,NVDA,23.18199920654297,24.509000778198242,23.052000045776367,24.486000061035156,24.40888786315918,564680000,-0.6936685,0.38240927,2,True
2022-01-31,TSLA,290.9033203125,312.663330078125,287.3500061035156,312.239990234375,312.239990234375,104436000,0.18233345,0.6935631,11,True
2022-02-01,AAPL,174.00999450683594,174.83999633789062,172.30999755859375,174.61000061035156,170.55812072753906,86213900,-0.08527232,0.7177764,9,True
2022-02-01,MSFT,310.4100036621094,310.6300048828125,305.1300048828125,308.760009765625,297.4263916015625,40950400,-0.394749,0.39703202,5,True
2022-02-01,NVDA,25.104000091552734,25.145000457763672,23.889999389648438,24.63800048828125,24.560413360595703,518925000,0.16023484,0.6700147,3,True
2022-02-01,TSLA,311.7366638183594,314.5666809082031,301.6666564941406,310.4166564941406,310.4166564941406,73138200,-0.09075052,0.5782356,12,True
2022-02-02,AAPL,174.75,175.8800048828125,173.3300018310547,175.83999633789062,171.7595672607422,84914300,-0.053134423,0.7763391,7,True
2022-02-02,MSFT,309.6300048828125,315.1199951171875,308.8800048828125,313.4599914550781,301.9538269042969,36636000,0.03815023,0.7084189,5,True
2022-02-02,NVDA,25.79400062561035,25.816999435424805,24.55299949645996,25.242000579833984,25.162511825561523,543419000,0.38519293,0.66633713,4,True
2022-02-02,TSLA,309.3933410644531,310.5,296.4700012207031,301.88665771484375,301.88665771484375,66792900,-0.05155734,0.5617097,10,True
2022-02-03,AAPL,174.47999572753906,176.24000549316406,172.1199951171875,172.89999389648438,168.8878173828125,89418100,-0.67527145,0.42898974,11,True
2022-02-03,MSFT,309.489990234375,311.2300109863281,299.9599914550781,301.25,290.1920166015625,43730000,-0.16411203,0.18975006,4,True
2022-02-03,NVDA,24.45800018310547,25.07699966430664,23.780000686645508,23.947999954223633,23.872583389282227,410178000,-0.14943144,0.38725817,2,True
2022-02-03,TSLA,294.0,312.3333435058594,293.50665283203125,297.0466613769531,297.0466613769531,78855600,-0.47381106,0.6298148,11,True
2022-02-04,AAPL,171.67999267578125,174.10000610351562,170.67999267578125,172.38999938964844,168.60418701171875,82465400,0.1268635,0.6080303,11,True
2022-02-04,MSFT,300.2099914550781,308.79998779296875,299.9700012207031,305.94000244140625,294.7098693847656,35096500,0.020586696,0.76861936,4,True
2022-02-04,NVDA,23.972000122070312,24.635000228881836,23.631999969482422,24.319000244140625,24.24241065979004,354829000,-0.49861503,0.6514304,2,True
2022-02-04,TSLA,299.0733337402344,312.1666564941406,293.72332763671875,307.7733459472656,307.7733459472656,73625400,0.0028749555,0.5868871,12,True
2022-02-07,AAPL,172.86000061035156,173.9499969482422,170.9499969482422,171.66000366210938,167.8902130126953,77251200,-0.35885605,0.7142399,11,True
2022-02-07,MSFT,306.1700134277344,307.8399963378906,299.8999938964844,300.95001220703125,289.9031066894531,28533300,-0.2584503,0.6250962,3,True
2022-02-07,NVDA,24.371999740600586,25.18199920654297,24.20199966430664,24.72800064086914,24.650131225585938,376868000,0.2866843,1.0831311,3,True
2022-02-07,TSLA,307.92999267578125,315.92333984375,300.9033203125,302.4466552734375,302.4466552734375,60994500,-0.30954173,0.5362552,8,True
2022-02-08,AAPL,171.72999572753906,175.35000610351562,171.42999267578125,174.8300018310547,170.99057006835938,74829200,-0.008483166,0.6385831,10,True
2022-02-08,MSFT,301.25,305.55999755859375,299.95001220703125,304.55999755859375,293.380615234375,32421200,0.068540156,0.796445,3,True
2022-02-08,NVDA,24.358999252319336,25.229999542236328,23.979999542236328,25.107999801635742,25.028926849365234,410359000,-0.0624107,0.65377575,5,True
2022-02-08,TSLA,301.84332275390625,308.7633361816406,298.26666259765625,307.3333435058594,307.3333435058594,50729100,-0.11326893,0.60161585,11,True
2022-02-09,AAPL,176.0500030517578,176.64999389648438,174.89999389648438,176.27999877929688,172.4087371826172,71285000,-0.21008086,0.7544199,12,True
2022-02-09,MSFT,309.8699951171875,311.92999267578125,307.3900146484375,311.2099914550781,299.78643798828125,31284700,0.2720804,0.73073566,8,True
2022-02-09,NVDA,25.621999740600586,26.725000381469727,25.35300064086914,26.704999923706055,26.62090492248535,524282000,-0.2285057,0.48646182,5,True
2022-02-09,TSLA,311.6666564941406,315.42333984375,306.6666564941406,310.6666564941406,310.6666564941406,52259400,-0.19784479,0.6484814,11,True
2022-02-10,AAPL,174.13999938964844,175.47999572753906,171.5500030517578,172.1199951171875,168.340087890625,90865900,-0.19442296,0.5816767,3,True
2022-02-10,MSFT,304.0400085449219,309.1199951171875,300.70001220703125,302.3800048828125,291.2805480957031,45386200,0.44960618,0.68955684,2,True
2022-02-10,NVDA,25.9950008392334,26.924999237060547,25.600000381469727,25.823999404907227,25.742677688598633,513200000,-0.0058602183,0.036373034,3,True
2022-02-10,TSLA,302.7900085449219,314.60333251953125,298.8999938964844,301.51666259765625,301.51666259765625,66126900,-0.26253146,0.40576482,12,True
2022-02-11,AAPL,172.3300018310547,173.0800018310547,168.0399932861328,168.63999938964844,164.93649291992188,98670700,0.036131546,0.6971591,9,True
2022-02-11,MSFT,303.19000244140625,304.2900085449219,294.2200012207031,295.0400085449219,284.2099304199219,39175600,0.45482266,0.66192615,2,True
2022-02-11,NVDA,25.916000366210938,26.152000427246094,23.773000717163086,23.948999404907227,23.873579025268555,605472000,-0.2659133,0.6431621,5,True
2022-02-11,TSLA,303.2099914550781,305.32000732421875,283.5666809082031,286.6666564941406,286.6666564941406,79645800,-0.15089959,0.53947985,11,True
2022-02-14,AAPL,167.3699951171875,169.5800018310547,166.55999755859375,168.8800048828125,165.17124938964844,86185500,0.19475567,0.4518405,4,True
2022-02-14,MSFT,293.7699890136719,296.760009765625,291.3500061035156,295.0,284.1715087890625,36359500,0.08679098,0.71512294,3,True
2022-02-14,NVDA,23.93400001525879,24.875,23.7549991607666,24.267000198364258,24.190580368041992,440424000,0.22869244,0.4030514,5,True
2022-02-14,TSLA,287.19000244140625,299.6266784667969,284.3833312988281,291.9200134277344,291.9200134277344,67756500,-0.037435267,0.5587373,13,True
2022-02-15,AAPL,170.97000122070312,172.9499969482422,170.25,172.7899932861328,168.995361328125,62527400,0.2771967,0.4636764,10,True
2022-02-15,MSFT,300.010009765625,300.79998779296875,297.0199890136719,300.4700012207031,289.4406433105469,27058300,0.23720807,0.4492439,8,True
2022-02-15,NVDA,24.948999404907227,26.545000076293945,24.784000396728516,26.4950008392334,26.411561965942383,699869000,0.26035005,0.4547262,7,True
2022-02-15,TSLA,300.0,307.6666564941406,297.7933349609375,307.4766540527344,307.4766540527344,57286200,0.062382188,0.6407152,11,True
2022-02-16,AAPL,171.85000610351562,173.33999633789062,170.0500030517578,172.5500030517578,168.7606658935547,61177400,-0.12353477,0.74009246,8,True
2022-02-16,MSFT,298.3699951171875,300.8699951171875,293.67999267578125,299.5,289.1028137207031,29982100,0.0,0.0,0,False
2022-02-16,NVDA,26.259000778198242,26.582000732421875,25.552000045776367,26.51099967956543,26.427513122558594,732676000,-0.16643704,0.6100265,10,True
2022-02-16,TSLA,304.6833190917969,308.80999755859375,300.4033203125,307.7966613769531,307.7966613769531,51294300,-0.048303153,0.7429982,12,True
2022-02-17,AAPL,171.02999877929688,171.91000366210938,168.47000122070312,168.8800048828125,165.17124938964844,69589300,-0.16610658,0.6089659,8,True
2022-02-17,MSFT,296.3599853515625,296.79998779296875,290.0,290.7300109863281,280.6372375488281,32461600,-0.28262362,0.7243927,5,True
2022-02-17,NVDA,25.6299991607666,25.78499984741211,24.165000915527344,24.506999969482422,24.429821014404297,810595000,-0.3627167,0.6378904,11,True
2022-02-17,TSLA,304.4200134277344,306.1666564941406,291.3666687011719,292.1166687011719,292.1166687011719,55178400,-0.18519142,0.5144068,10,True
2022-02-18,AAPL,169.82000732421875,170.5399932861328,166.19000244140625,167.3000030517578,163.6259307861328,82772700,0.062585205,0.48722857,8,True
2022-02-18,MSFT,293.04998779296875,293.8599853515625,286.30999755859375,287.92999267578125,277.9344787597656,34264000,-0.024395704,0.698257,5,True
2022-02-18,NVDA,24.667999267578125,24.986000061035156,23.100000381469727,23.642000198364258,23.567546844482422,761255000,-0.012373129,0.25555524,5,True
2022-02-18,TSLA,295.3333435058594,295.6233215332031,279.2033386230469,285.6600036621094,285.6600036621094,68501700,0.278532,0.4031363,11,True
2022-02-22,AAPL,164.97999572753906,166.69000244140625,162.14999389648438,164.32000732421875,160.71141052246094,91162800,-0.090226285,0.58861166,13,True
2022-02-22,MSFT,285.0,291.5400085449219,284.5,287.7200012207031,277.7318115234375,41736100,-0.19243878,0.798312,4,True
2022-02-22,NVDA,23.03499984741211,24.06399917602539,23.0,23.389999389648438,23.316341400146484,633422000,-0.25517923,0.350809,3,True
2022-02-22,TSLA,278.0433349609375,285.57666015625,267.0333251953125,273.84332275390625,273.84332275390625,83288100,-0.1540834,0.5768483,11,True
2022-02-23,AAPL,165.5399932861328,166.14999389648438,159.75,160.07000732421875,156.5547332763672,90009200,-0.2806962,0.65965074,7,True
2022-02-23,MSFT,290.17999267578125,291.70001220703125,280.1000061035156,280.2699890136719,270.54034423828125,37811200,-0.29660416,0.75869685,6,True
2022-02-23,NVDA,23.802000045776367,24.155000686645508,22.301000595092773,22.386999130249023,22.316499710083008,566511000,-0.24393864,0.66600823,6,True
2022-02-23,TSLA,276.80999755859375,278.4333190917969,253.52000427246094,254.67999267578125,254.67999267578125,95256900,-0.37637755,0.5643168,12,True
2022-02-24,AAPL,152.5800018310547,162.85000610351562,152.0,162.74000549316406,159.1660919189453,141147500,-0.24603315,0.5682419,4,True
2022-02-24,MSFT,272.510009765625,295.1600036621094,271.5199890136719,294.5899963378906,284.3632507324219,56989700,-0.45935223,0.5179821,6,True
2022-02-24,NVDA,21.014999389648438,23.799999237060547,20.889999389648438,23.74799919128418,23.673213958740234,735801000,-0.24915382,0.5842764,4,True
2022-02-24,TSLA,233.4633331298828,267.49334716796875,233.3333282470703,266.92333984375,266.92333984375,135322200,-0.2777707,0.41497815,12,True
2022-02-25,AAPL,163.83999633789062,165.1199951171875,160.8699951171875,164.85000610351562,161.22975158691406,91974200,-0.55897224,0.19192001,2,True
2022-02-25,MSFT,295.1400146484375,297.6300048828125,291.6499938964844,297.30999755859375,286.9888000488281,32546700,-0.6946802,0.0,1,True
2022-02-25,NVDA,23.72100067138672,24.216999053955078,23.381000518798828,24.156999588012695,24.080923080444336,528866000,-0.35058236,0.42412832,4,True
2022-02-25,TSLA,269.74334716796875,273.1666564941406,260.79998779296875,269.9566650390625,269.9566650390625,76067700,-0.048509393,0.63461727,12,True
2022-02-28,AAPL,163.05999755859375,165.4199981689453,162.42999267578125,165.1199951171875,161.4938201904297,95056600,-0.14760089,0.6544894,9,True
2022-02-28,MSFT,294.30999755859375,299.1400146484375,293.0,298.7900085449219,288.4174499511719,34627500,0.23867099,0.44731385,5,True
2022-02-28,NVDA,23.992000579833984,24.665000915527344,23.707000732421875,24.385000228881836,24.308202743530273,477319000,-0.6849327,0.370055,2,True
2022-02-28,TSLA,271.6700134277344,292.28668212890625,271.57000732421875,290.1433410644531,290.1433410644531,99006900,-0.049855378,0.59396654,14,True
2022-03-01,AAPL,164.6999969482422,166.60000610351562,161.97000122070312,163.1999969482422,159.61599731445312,83474400,-0.18690585,0.88081515,3,True
2022-03-01,MSFT,296.3999938964844,299.9700012207031,292.1499938964844,294.95001220703125,284.7108459472656,31217800,-0.42326432,0.0,1,True
2022-03-01,NVDA,24.291000366210938,24.37700080871582,23.131999969482422,23.476999282836914,23.40306282043457,412056000,-0.533463,0.39629427,4,True
2022-03-01,TSLA,289.8933410644531,296.6266784667969,284.59332275390625,288.1233215332031,288.1233215332031,74766900,-0.23087047,0.49268463,12,True
2022-03-02,AAPL,164.38999938964844,167.36000061035156,162.9499969482422,166.55999755859375,162.9022216796875,79724800,-0.013517642,0.575657,10,True
2022-03-02,MSFT,295.3599853515625,301.4700012207031,293.70001220703125,300.19000244140625,289.7688903808594,31873000,-0.28472826,0.23653714,3,True
2022-03-02,NVDA,23.756000518798828,24.409000396728516,23.415000915527344,24.219999313354492,24.14784049987793,389642000,-0.16257064,0.22670664,3,True
2022-03-02,TSLA,290.7099914550781,295.49334716796875,281.42333984375,293.2966613769531,293.2966613769531,74643300,-0.13283007,0.50621516,12,True
2022-03-03,AAPL,168.47000122070312,168.91000366210938,165.5500030517578,166.22999572753906,162.57943725585938,76678400,-0.18029095,0.45056418,12,True
2022-03-03,MSFT,302.8900146484375,303.1300048828125,294.04998779296875,295.9200134277344,285.64715576171875,27314500,-0.45625263,0.468037,5,True
2022-03-03,NVDA,24.261999130249023,24.326000213623047,23.4689998626709,23.714000701904297,23.643348693847656,365095000,0.0,0.0,0,False
2022-03-03,TSLA,292.92333984375,295.4800109863281,277.5333251953125,279.7633361816406,279.7633361816406,61623600,-0.32212895,0.39091605,10,True
2022-03-04,AAPL,164.49000549316406,165.5500030517578,162.10000610351562,163.1699981689453,159.5866241455078,83737200,-0.3316857,0.52981067,3,True
2022-03-04,MSFT,294.2900085449219,295.6600036621094,287.1700134277344,289.8599853515625,279.7974853515625,32356500,-0.48006013,0.6601978,2,True
2022-03-04,NVDA,23.384000778198242,23.68000030517578,22.48200035095215,22.93600082397461,22.86766815185547,431415000,-0.38892984,0.49631217,2,True
2022-03-04,TSLA,283.0333251953125,285.2166748046875,275.0533447265625,279.42999267578125,279.42999267578125,66999600,-0.2833203,0.5479755,14,True
2022-03-07,AAPL,163.36000061035156,165.02000427246094,159.0399932861328,159.3000030517578,155.80166625976562,96418800,-0.14566039,0.61568016,9,True
2022-03-07,MSFT,288.5299987792969,289.69000244140625,278.5299987792969,278.9100036621094,269.22760009765625,43157200,-0.37882593,0.617703,6,True
2022-03-07,NVDA,22.816999435424805,23.033000946044922,21.329999923706055,21.351999282836914,21.28838539123535,450821000,-0.19394948,0.8446668,6,True
2022-03-07,TSLA,285.4333190917969,288.71331787109375,268.19000244140625,268.1933288574219,268.1933288574219,72494100,0.10447851,0.66761744,12,True
2022-03-08,AAPL,158.82000732421875,162.8800048828125,155.8000030517578,157.44000244140625,153.9824676513672,131148300,-0.15287925,0.556252,12,True
2022-03-08,MSFT,277.79998779296875,283.9599914550781,270.0,275.8500061035156,266.27386474609375,48159500,0.2239285,0.67808986,6,True
2022-03-08,NVDA,21.30900001525879,22.37299919128418,20.649999618530273,21.513999938964844,21.449905395507812,557467000,0.01356709,1.0828176,2,True
2022-03-08,TSLA,265.1766662597656,283.3299865722656,260.72332763671875,274.79998779296875,274.79998779296875,80399100,0.038464237,0.7386262,10,True
2022-03-09,AAPL,161.47999572753906,163.41000366210938,159.41000366210938,162.9499969482422,159.37149047851562,91454900,-0.10106162,0.6440162,12,True
2022-03-09,MSFT,283.44000244140625,289.6000061035156,280.7799987792969,288.5,278.4847106933594,35204500,0.13053331,0.49384755,6,True
2022-03-09,NVDA,22.386999130249023,23.219999313354492,22.246999740600586,23.013999938964844,22.945430755615234,492742000,-0.037984144,0.0,1,True
2022-03-09,TSLA,279.82666015625,286.85333251953125,277.336669921875,286.3233337402344,286.3233337402344,59184000,-0.028424187,0.56620544,11,True
2022-03-10,AAPL,160.1999969482422,160.38999938964844,155.97999572753906,158.52000427246094,155.0387725830078,105342000,-0.1280484,0.53802973,13,True
2022-03-10,MSFT,283.0199890136719,286.6000061035156,280.5799865722656,285.5899963378906,275.6756896972656,30628000,-0.2518496,0.5998755,5,True
2022-03-10,NVDA,22.5310001373291,22.788000106811523,21.881999969482422,22.658000946044922,22.590492248535156,428066000,-0.43469462,0.48742327,3,True
2022-03-10,TSLA,283.8166809082031,284.8166809082031,270.1199951171875,279.4333190917969,279.4333190917969,58648500,0.116958454,0.6427734,15,True
2022-03-11,AAPL,158.92999267578125,159.27999877929688,154.5,154.72999572753906,151.33201599121094,96970100,-0.05122273,0.5080042,11,True
2022-03-11,MSFT,287.9599914550781,289.510009765625,279.42999267578125,280.07000732421875,270.34735107421875,27209300,-0.23981492,0.40756884,5,True
2022-03-11,NVDA,23.02199935913086,23.145000457763672,22.04599952697754,22.100000381469727,22.034156799316406,367209000,-0.074846834,0.7568236,4,True
2022-03-11,TSLA,280.0666809082031,281.26666259765625,264.5899963378906,265.1166687011719,265.1166687011719,67037100,-0.10354399,0.53263366,11,True
2022-03-14,AAPL,151.4499969482422,154.1199951171875,150.10000610351562,150.6199951171875,147.31224060058594,108732100,-0.70521414,0.43625268,10,True
2022-03-14,MSFT,280.3399963378906,285.3999938964844,275.82000732421875,276.44000244140625,266.84332275390625,30660700,-0.84987324,0.12511997,3,True
2022-03-14,NVDA,21.868999481201172,22.261999130249023,21.159000396728516,21.329999923706055,21.26644515991211,385354000,-0.50079423,0.6545123,2,True
2022-03-14,TSLA,260.2033386230469,266.8999938964844,252.01333618164062,255.4566650390625,255.4566650390625,71152200,-0.44589472,0.6012733,13,True
2022-03-15,AAPL,150.89999389648438,155.57000732421875,150.3800048828125,155.08999633789062,151.68408203125,92964300,-0.17815234,0.61041063,10,True
2022-03-15,MSFT,280.3500061035156,287.82000732421875,278.7300109863281,287.1499938964844,277.1815185546875,34245100,-0.040787086,0.69336724,9,True
2022-03-15,NVDA,21.51799964904785,23.038000106811523,21.32200050354004,22.972999572753906,22.904556274414062,491996000,-0.21622378,0.67720824,3,True
2022-03-15,TSLA,258.42333984375,268.5233459472656,252.19000244140625,267.2966613769531,267.2966613769531,66841200,0.1443311,0.53859836,12,True
2022-03-16,AAPL,157.0500030517578,160.0,154.4600067138672,159.58999633789062,156.0852813720703,102300200,-0.23921993,0.7755212,7,True
2022-03-16,MSFT,289.1099853515625,294.57000732421875,283.20001220703125,294.3900146484375,284.17022705078125,37826300,0.12773207,0.48554313,5,True
2022-03-16,NVDA,23.5,24.597000122070312,23.172000885009766,24.496000289916992,24.423015594482422,671422000,0.2793289,0.52830946,3,True
2022-03-16,TSLA,269.6666564941406,280.6666564941406,267.4200134277344,280.07666015625,280.07666015625,84028800,-0.06781767,0.66309017,13,True
2022-03-17,AAPL,158.61000061035156,161.0,157.6300048828125,160.6199951171875,157.09266662597656,75615400,0.10406818,0.77621895,12,True
2022-03-17,MSFT,293.2900085449219,295.6099853515625,289.3699951171875,295.2200012207031,284.971435546875,30816600,0.18822153,0.6059445,6,True
2022-03-17,NVDA,24.1200008392334,24.841999053955078,23.9060001373291,24.766000747680664,24.692214965820312,471941000,-0.01322981,0.0,1,True
2022-03-17,TSLA,276.9966735839844,291.6666564941406,275.239990234375,290.5333251953125,290.5333251953125,66582900,-0.24374452,0.6284136,14,True
2022-03-18,AAPL,160.50999450683594,164.47999572753906,159.75999450683594,163.97999572753906,160.37887573242188,123511700,0.06522422,0.589039,11,True
2022-03-18,MSFT,295.3699951171875,301.0,292.7300109863281,300.42999267578125,290.0005798339844,43390600,-0.013082206,0.9400887,3,True
2022-03-18,NVDA,24.798999786376953,26.569000244140625,24.624000549316406,26.452999114990234,26.37418556213379,730719000,0.0,0.0,0,False
2022-03-18,TSLA,291.4966735839844,302.6166687011719,289.1300048828125,301.7966613769531,301.7966613769531,100414200,-0.35716355,0.6606713,9,True
2022-03-21,AAPL,163.50999450683594,166.35000610351562,163.00999450683594,165.3800048828125,161.74813842773438,95811400,-0.19809523,0.6844066,13,True
2022-03-21,MSFT,298.8900146484375,300.1400146484375,294.8999938964844,299.1600036621094,288.7746887207031,28351200,-0.33345178,0.4803801,6,True
2022-03-21,NVDA,26.506999969482422,27.152000427246094,25.966999053955078,26.733999252319336,26.65435218811035,591727000,-0.02209531,0.38177517,4,True
2022-03-21,TSLA,304.99334716796875,314.2833251953125,302.36334228515625,307.0533447265625,307.0533447265625,81981600,0.1209796,0.50499594,13,True
2022-03-22,AAPL,165.50999450683594,169.4199981689453,164.91000366210938,168.82000732421875,165.11256408691406,81532000,-0.069253944,0.5919048,11,True
2022-03-22,MSFT,299.79998779296875,305.0,298.7699890136719,304.05999755859375,293.5044860839844,27599700,-0.0704691,0.7085203,7,True
2022-03-22,NVDA,26.726999282836914,27.238000869750977,26.07200050354004,26.52400016784668,26.444974899291992,547007000,0.28808954,0.66124046,11,True
2022-03-22,TSLA,310.0,332.6199951171875,307.25,331.32666015625,331.32666015625,105868500,0.2698199,0.5652881,17,True
2022-03-23,AAPL,167.99000549316406,172.63999938964844,167.64999389648438,170.2100067138672,166.47206115722656,98062700,0.09246595,0.3228428,8,True
2022-03-23,MSFT,300.510009765625,303.2300109863281,297.7200012207031,299.489990234375,289.0931701660156,25715400,0.22251391,0.5214113,7,True
2022-03-23,NVDA,26.125999450683594,26.61199951171875,25.575000762939453,25.634000778198242,25.557626724243164,502120000,-0.23973966,0.53324723,5,True
2022-03-23,TSLA,326.64666748046875,346.8999938964844,325.4666748046875,333.03668212890625,333.03668212890625,120676200,0.12663072,0.56597227,11,True
2022-03-24,AAPL,171.05999755859375,174.13999938964844,170.2100067138672,174.07000732421875,170.24728393554688,90131400,-0.0042951703,0.5755926,9,True
2022-03-24,MSFT,299.1400146484375,304.20001220703125,298.32000732421875,304.1000061035156,293.54315185546875,24484500,-0.27188978,0.2250882,3,True
2022-03-24,NVDA,26.166000366210938,28.31999969482422,25.906999588012695,28.149999618530273,28.066131591796875,877379000,0.18492113,0.58007175,10,True
2022-03-24,TSLA,336.57666015625,341.4966735839844,329.6000061035156,337.97332763671875,337.97332763671875,68920800,0.1224054,0.6617402,12,True
2022-03-25,AAPL,173.8800048828125,175.27999877929688,172.75,174.72000122070312,170.88299560546875,80546200,0.034031734,0.505266,9,True
2022-03-25,MSFT,305.2300109863281,305.5,299.2900085449219,303.67999267578125,293.1377258300781,22566500,-0.2695613,0.3861882,4,True
2022-03-25,NVDA,27.88599967956543,28.357999801635742,27.270999908447266,27.691999435424805,27.609493255615234,579016000,-0.22740872,0.5353818,9,True
2022-03-25,TSLA,336.0,340.6000061035156,332.44000244140625,336.8800048828125,336.8800048828125,62031600,-0.22756056,0.5432516,11,True
2022-03-28,AAPL,172.1699981689453,175.72999572753906,172.0,175.60000610351562,171.74368286132812,90371900,-0.17312463,0.6711741,12,True
2022-03-28,MSFT,304.3299865722656,310.79998779296875,304.3299865722656,310.70001220703125,299.91400146484375,29578200,-0.19281857,0.53307027,5,True
2022-03-28,NVDA,27.756000518798828,28.25,27.20599937438965,28.2189998626709,28.134923934936523,425494000,0.3023295,0.599224,3,True
2022-03-28,TSLA,355.0333251953125,365.9599914550781,351.20001220703125,363.9466552734375,363.9466552734375,102506100,0.13347507,0.6247042,15,True
2022-03-29,AAPL,176.69000244140625,179.00999450683594,176.33999633789062,178.9600067138672,175.0298614501953,100589400,0.008040916,0.46904144,11,True
2022-03-29,MSFT,313.9100036621094,315.82000732421875,309.04998779296875,315.4100036621094,304.4605407714844,30393400,0.12050407,0.2866392,4,True
2022-03-29,NVDA,28.69499969482422,28.945999145507812,27.979999542236328,28.6560001373291,28.570621490478516,488984000,0.16884461,0.7836382,5,True
2022-03-29,TSLA,369.3299865722656,371.5899963378906,357.7033386230469,366.5233459472656,366.5233459472656,73614900,-0.17609853,0.65472496,11,True
2022-03-30,AAPL,178.5500030517578,179.61000061035156,176.6999969482422,177.77000427246094,173.86602783203125,92633200,-0.1648003,0.47775206,13,True
2022-03-30,MSFT,313.760009765625,315.95001220703125,311.5799865722656,313.8599853515625,302.9643249511719,28163600,0.06976737,0.619872,12,True
2022-03-30,NVDA,28.304000854492188,28.496000289916992,27.503000259399414,27.690000534057617,27.607501983642578,463487000,-0.2636939,0.4938489,5,True
2022-03-30,TSLA,363.72332763671875,371.3166809082031,361.3333435058594,364.663330078125,364.663330078125,59865000,-0.08355866,0.6647629,12,True
2022-03-31,AAPL,177.83999633789062,178.02999877929688,174.39999389648438,174.61000061035156,170.77542114257812,103049300,-0.053693414,0.6895852,12,True
2022-03-31,MSFT,313.8999938964844,315.1400146484375,307.8900146484375,308.30999755859375,297.60699462890625,33422100,-0.22402737,0.5972777,7,True
2022-03-31,NVDA,27.781999588012695,28.24799919128418,27.270000457763672,27.285999298095703,27.2047061920166,523440000,0.24742949,0.5845724,6,True
2022-03-31,TSLA,364.8566589355469,367.71331787109375,358.8800048828125,359.20001220703125,359.20001220703125,48992700,0.032146323,0.62237084,11,True
2022-04-01,AAPL,174.02999877929688,174.8800048828125,171.94000244140625,174.30999755859375,170.48196411132812,78751300,-0.29318255,0.4793554,10,True
2022-04-01,MSFT,309.3699951171875,310.1300048828125,305.5400085449219,309.4200134277344,298.67852783203125,27110500,-0.5362657,0.5096637,5,True
2022-04-01,NVDA,27.375,27.496000289916992,26.267000198364258,26.711999893188477,26.632413864135742,517235000,-0.03741971,0.023912685,3,True
2022-04-01,TSLA,360.3833312988281,364.9166564941406,355.5466613769531,361.5299987792969,361.5299987792969,54263100,0.0377774,0.37425807,10,True
2022-04-04,AAPL,174.57000732421875,178.49000549316406,174.44000244140625,178.44000244140625,174.52127075195312,76468400,-0.20154727,0.69426644,10,True
2022-04-04,MSFT,310.0899963378906,315.1099853515625,309.7099914550781,314.9700012207031,304.0357666015625,24289600,0.04404951,0.11601311,2,True
2022-04-04,NVDA,26.72800064086914,27.558000564575195,26.613000869750977,27.360000610351562,27.27849006652832,397120000,0.31812644,0.40753537,4,True
2022-04-04,TSLA,363.1266784667969,383.3033447265625,357.510009765625,381.8166809082031,381.8166809082031,82035900,0.02427863,0.54052866,14,True
2022-04-05,AAPL,177.5,178.3000030517578,174.4199981689453,175.05999755859375,171.21551513671875,73401800,-0.28083068,0.6163071,9,True
2022-04-05,MSFT,313.2699890136719,314.8699951171875,309.8699951171875,310.8800048828125,300.0877990722656,23156700,0.07748992,0.6033836,4,True
2022-04-05,NVDA,27.253999710083008,27.319000244140625,25.81999969482422,25.930999755859375,25.853744506835938,436615000,-0.42326432,0.0,1,True
2022-04-05,TSLA,378.76666259765625,384.2900085449219,362.4333190917969,363.7533264160156,363.7533264160156,80075100,-0.010675388,0.5564087,15,True
2022-04-06,AAPL,172.36000061035156,173.6300048828125,170.1300048828125,171.8300018310547,168.05648803710938,89058800,-0.47779635,0.6595014,8,True
2022-04-06,MSFT,305.19000244140625,307.0,296.7099914550781,299.5,289.1028137207031,40110400,-0.30383843,0.7617567,5,True
2022-04-06,NVDA,24.93400001525879,25.299999237060547,24.003000259399414,24.406999588012695,24.33428192138672,703833000,-0.48782796,0.7857453,5,True
2022-04-06,TSLA,357.8233337402344,359.6666564941406,342.5666809082031,348.586669921875,348.586669921875,89348400,-0.07120167,0.5420193,15,True
2022-04-07,AAPL,171.16000366210938,173.36000061035156,169.85000610351562,172.13999938964844,168.35968017578125,77594700,-0.11639047,0.7505166,12,True
2022-04-07,MSFT,296.6600036621094,303.6499938964844,296.3500061035156,301.3699951171875,290.90789794921875,31411200,0.13860203,0.2750496,3,True
2022-04-07,NVDA,24.44099998474121,24.722000122070312,23.47800064086914,24.20800018310547,24.13587188720703,557992000,-0.6745971,0.404876,2,True
2022-04-07,TSLA,350.7966613769531,358.86334228515625,340.5133361816406,352.4200134277344,352.4200134277344,79447200,-0.16480964,0.59759307,11,True
2022-04-08,AAPL,171.77999877929688,171.77999877929688,169.1999969482422,170.08999633789062,166.3546600341797,76575500,0.17566708,0.5724553,8,True
2022-04-08,MSFT,300.44000244140625,301.1199951171875,296.2799987792969,296.9700012207031,286.6606750488281,24361900,0.059062123,0.6636502,4,True
2022-04-08,NVDA,23.91699981689453,23.92300033569336,23.062000274658203,23.118999481201172,23.050119400024414,524781000,-0.94190913,0.0,1,True
2022-04-08,TSLA,347.7366638183594,349.4800109863281,340.8133239746094,341.8299865722656,341.8299865722656,55013700,-0.11209507,0.54034406,11,True
2022-04-11,AAPL,168.7100067138672,169.02999877929688,165.5,165.75,162.11000061035156,72246700,0.10881183,0.42864636,7,True
2022-04-11,MSFT,291.7900085449219,292.6099853515625,285.0,285.260009765625,275.3572082519531,34569300,-0.29114288,0.78274846,5,True
2022-04-11,NVDA,22.214000701904297,22.31999969482422,21.65999984741211,21.91699981689453,21.851699829101562,575207000,-0.39211315,0.5593272,9,True
2022-04-11,TSLA,326.79998779296875,336.15667724609375,324.8800048828125,325.30999755859375,325.30999755859375,59357100,-0.12911049,0.56403995,15,True
2022-04-12,AAPL,168.02000427246094,169.8699951171875,166.63999938964844,167.66000366210938,163.97801208496094,79265200,-0.03075384,0.6950266,11,True
2022-04-12,MSFT,289.239990234375,290.739990234375,280.489990234375,282.05999755859375,272.26824951171875,30966700,0.06559625,0.85721105,6,True
2022-04-12,NVDA,22.53700065612793,22.725000381469727,21.281999588012695,21.503999710083008,21.439929962158203,662258000,-0.22341807,0.73218334,7,True
2022-04-12,TSLA,332.5466613769531,340.39666748046875,325.5333251953125,328.98333740234375,328.98333740234375,65976000,-0.21981636,0.5621142,13,True
2022-04-13,AAPL,167.38999938964844,171.0399932861328,166.77000427246094,170.39999389648438,166.6578826904297,70618900,-0.1516007,0.5543651,9,True
2022-04-13,MSFT,282.7300109863281,288.5799865722656,281.29998779296875,287.6199951171875,277.6351623535156,21907200,-0.4132121,0.04103238,3,True
2022-04-13,NVDA,21.72800064086914,22.5,21.454999923706055,22.202999114990234,22.13684844970703,516943000,0.2467132,0.62938166,6,True
2022-04-13,TSLA,327.02667236328125,342.0799865722656,324.3666687011719,340.7900085449219,340.7900085449219,55121100,-0.27001777,0.6003079,10,True
2022-04-14,AAPL,170.6199951171875,171.27000427246094,165.0399932861328,165.2899932861328,161.6600799560547,75329400,-0.021111472,0.6990896,9,True
2022-04-14,MSFT,288.0899963378906,288.30999755859375,279.32000732421875,279.8299865722656,270.1156311035156,28221600,0.0071734465,0.6810918,7,True
2022-04-14,NVDA,22.5049991607666,22.777000427246094,21.163000106811523,21.257999420166016,21.194665908813477,569097000,0.6061075,0.49347752,4,True
2022-04-14,TSLA,333.0966796875,337.57000732421875,327.39666748046875,328.3333435058594,328.3333435058594,58422300,0.036272205,0.41814294,10,True
2022-04-18,AAPL,163.9199981689453,166.60000610351562,163.57000732421875,165.07000732421875,161.44491577148438,69023900,-0.29816914,0.5575452,14,True
2022-04-18,MSFT,278.9100036621094,282.4599914550781,278.3399963378906,280.5199890136719,270.78173828125,20778000,-0.1195823,0.4181382,6,True
2022-04-18,NVDA,21.200000762939453,22.08799934387207,21.07900047302246,21.783000946044922,21.71809959411621,525701000,0.25008738,0.46790105,3,True
2022-04-18,TSLA,329.6766662597656,338.3066711425781,324.4700012207031,334.7633361816406,334.7633361816406,51715200,-0.19224505,0.4925284,17,True
2022-04-19,AAPL,165.02000427246094,167.82000732421875,163.91000366210938,167.39999389648438,163.72377014160156,67723800,-0.0261257,0.5985407,10,True
2022-04-19,MSFT,279.3800048828125,286.1700134277344,278.4100036621094,285.29998779296875,275.39581298828125,22297700,-0.41056928,0.46788263,5,True
2022-04-19,NVDA,21.719999313354492,22.37299919128418,21.31399917602539,22.197999954223633,22.13186264038086,512781000,-0.36777833,0.078469045,2,True
2022-04-19,TSLA,335.0199890136719,344.9800109863281,331.77667236328125,342.7166748046875,342.7166748046875,49847700,0.13811572,0.41069627,11,True
2022-04-20,AAPL,168.75999450683594,168.8800048828125,166.10000610351562,167.22999572753906,163.55747985839844,67929800,-0.10148879,0.6152989,13,True
2022-04-20,MSFT,289.3999938964844,289.70001220703125,285.3699951171875,286.3599853515625,276.4189453125,22906700,0.11177011,0.6213125,4,True
2022-04-20,NVDA,22.517000198364258,22.670000076293945,21.200000762939453,21.48200035095215,21.417997360229492,468974000,-0.59363526,0.30186233,3,True
2022-04-20,TSLA,343.3333435058594,344.6666564941406,325.0833435058594,325.73333740234375,325.73333740234375,70711200,-0.30784583,0.6489264,14,True
2022-04-21,AAPL,168.91000366210938,171.52999877929688,165.91000366210938,166.4199981689453,162.7652587890625,87227800,-0.4109968,0.66746336,6,True
2022-04-21,MSFT,288.5799865722656,293.29998779296875,280.05999755859375,280.80999755859375,271.06158447265625,29454600,-0.11628415,0.66464067,7,True
2022-04-21,NVDA,21.708999633789062,22.392000198364258,20.0,20.183000564575195,20.12286949157715,656209000,-0.58222955,0.4834886,3,True
2022-04-21,TSLA,358.24334716796875,364.0733337402344,332.1400146484375,336.260009765625,336.260009765625,105416400,0.25615832,0.7031765,12,True
2022-04-22,AAPL,166.4600067138672,167.8699951171875,161.5,161.7899932861328,158.2369384765625,84882400,-0.058535673,0.7022642,8,True
2022-04-22,MSFT,281.67999267578125,283.20001220703125,273.3800048828125,274.0299987792969,264.51702880859375,29405800,-0.0010257115,0.6717652,6,True
2022-04-22,NVDA,20.30299949645996,20.486000061035156,19.5,19.514999389648438,19.456857681274414,624713000,0.1553238,0.8182472,2,True
2022-04-22,TSLA,338.3033447265625,344.95001220703125,331.3333435058594,335.01666259765625,335.01666259765625,69696600,-0.14715274,0.40970123,11,True
2022-04-25,AAPL,161.1199951171875,163.1699981689453,158.4600067138672,162.8800048828125,159.3030242919922,96046400,-0.37507728,0.65602034,12,True
2022-04-25,MSFT,273.2900085449219,281.1099853515625,270.7699890136719,280.7200012207031,270.9747009277344,35678900,0.047057644,0.6232495,8,True
2022-04-25,NVDA,19.20199966430664,19.94499969482422,19.09600067138672,19.902000427246094,19.84270477294922,641566000,-0.68035966,0.3175003,4,True
2022-04-25,TSLA,326.3233337402344,336.2066650390625,325.1000061035156,332.67333984375,332.67333984375,68341200,0.03320132,0.61504364,15,True
2022-04-26,AAPL,162.25,162.33999633789062,156.72000122070312,156.8000030517578,153.35653686523438,95623200,-0.072934814,0.7058034,11,True
2022-04-26,MSFT,277.5,278.3599853515625,270.0,270.2200012207031,260.8392333984375,46518400,-0.42380804,0.78216285,18,True
2022-04-26,NVDA,19.718000411987305,19.788000106811523,18.670000076293945,18.788000106811523,18.732023239135742,653143000,-0.31304052,0.7469608,6,True
2022-04-26,TSLA,331.80999755859375,333.3333435058594,291.6666564941406,292.1400146484375,292.1400146484375,136133700,-0.28809175,0.5379632,14,True
2022-04-27,AAPL,155.91000366210938,159.7899932861328,155.3800048828125,156.57000732421875,153.131591796875,88063200,-0.35464782,0.42439094,10,True
2022-04-27,MSFT,282.1000061035156,290.9700012207031,279.1600036621094,283.2200012207031,273.38800048828125,63477700,-0.016057035,0.8371891,12,True
2022-04-27,NVDA,18.597999572753906,19.16699981689453,18.290000915527344,18.415000915527344,18.360137939453125,499460000,-0.496875,0.64896965,2,True
2022-04-27,TSLA,299.52667236328125,306.0,292.4533386230469,293.836669921875,293.836669921875,76956300,-0.46985137,0.45382693,12,True
2022-04-28,AAPL,159.25,164.52000427246094,158.92999267578125,163.63999938964844,160.04635620117188,130216800,-0.24733697,0.6775687,14,True
2022-04-28,MSFT,285.19000244140625,290.9800109863281,281.4599914550781,289.6300048828125,279.575439453125,33646600,0.3780794,0.35132885,6,True
2022-04-28,NVDA,18.966999053955078,20.03700065612793,18.489999771118164,19.781999588012695,19.72306251525879,570327000,0.37601578,0.70683426,3,True
2022-04-28,TSLA,299.99334716796875,300.0,273.8999938964844,292.5033264160156,292.5033264160156,124948500,-0.18648177,0.53928655,13,True
2022-04-29,AAPL,161.83999633789062,166.1999969482422,157.25,157.64999389648438,154.1878662109375,131747600,-0.64891726,0.4299468,11,True
2022-04-29,MSFT,288.6099853515625,289.8800048828125,276.5,277.5199890136719,267.8858337402344,37073900,-0.001224014,0.0529877,4,True
2022-04-29,NVDA,19.402000427246094,20.128000259399414,18.517000198364258,18.547000885009766,18.491743087768555,500435000,0.0149267465,0.0,1,True
2022-04-29,TSLA,300.75,311.4666748046875,290.0,290.2533264160156,290.2533264160156,88133100,-0.34658566,0.461247,10,True
2022-05-02,AAPL,156.7100067138672,158.22999572753906,153.27000427246094,157.9600067138672,154.49105834960938,123055300,-0.25064608,0.56876224,10,True
2022-05-02,MSFT,277.7099914550781,284.94000244140625,276.2200012207031,284.4700012207031,274.5946044921875,35151100,0.23349,0.63196385,12,True
2022-05-02,NVDA,18.541000366210938,19.573999404907227,18.391000747680664,19.533000946044922,19.47480010986328,572049000,0.2978096,0.604574,5,True
2022-05-02,TSLA,286.92333984375,302.1199951171875,282.6766662597656,300.9800109863281,300.9800109863281,75781500,0.14796679,0.39183477,11,True
2022-05-03,AAPL,158.14999389648438,160.7100067138672,156.32000732421875,159.47999572753906,155.9776611328125,88966500,-0.18279569,0.5312906,12,True
2022-05-03,MSFT,283.9599914550781,284.1300048828125,280.1499938964844,281.7799987792969,271.9978942871094,25978600,-0.76525384,0.29757082,3,True
2022-05-03,NVDA,19.399999618530273,19.825000762939453,19.132999420166016,19.601999282836914,19.54360008239746,475751000,-0.16162151,0.49540523,5,True
2022-05-03,TSLA,301.05999755859375,308.02667236328125,296.1966552734375,303.0833435058594,303.0833435058594,63709500,-0.14118192,0.63229066,12,True
2022-05-04,AAPL,159.6699981689453,166.47999572753906,159.25999450683594,166.02000427246094,162.3740692138672,108256500,0.039423317,0.5438707,11,True
2022-05-04,MSFT,282.5899963378906,290.8800048828125,276.7300109863281,289.9800109863281,279.9133605957031,33599300,-0.027389348,0.5918841,6,True
2022-05-04,NVDA,19.92300033569336,20.399999618530273,18.750999450683594,20.333999633789062,20.273418426513672,648855000,-0.24240527,0.87059444,4,True
2022-05-04,TSLA,301.3133239746094,318.5,295.09332275390625,317.5400085449219,317.5400085449219,81643800,-0.030009603,0.44140944,12,True
2022-05-05,AAPL,163.85000610351562,164.0800018310547,154.9499969482422,156.77000427246094,153.3272247314453,130525300,-0.21094367,0.62783056,13,True
2022-05-05,MSFT,285.5400085449219,286.3500061035156,274.3399963378906,277.3500061035156,267.7217712402344,43260400,-0.30145633,0.7129474,9,True
2022-05-05,NVDA,19.867000579833984,19.924999237060547,18.5,18.8439998626709,18.787857055664062,626331000,-0.5985067,0.49221274,3,True
2022-05-05,TSLA,313.00665283203125,315.20001220703125,285.8999938964844,291.09332275390625,291.09332275390625,92519100,-0.1781547,0.6207659,12,True
2022-05-06,AAPL,156.00999450683594,159.44000244140625,154.17999267578125,157.27999877929688,154.05201721191406,116124600,-0.18455942,0.58481926,14,True
2022-05-06,MSFT,274.80999755859375,279.25,271.2699890136719,274.7300109863281,265.1927795410156,37780300,-0.058075376,0.6537083,8,True
2022-05-06,NVDA,18.736000061035156,19.511999130249023,17.989999771118164,18.674999237060547,18.61936378479004,633297000,-0.35405043,0.60663474,4,True
2022-05-06,TSLA,295.6666564941406,296.0,281.03668212890625,288.54998779296875,288.54998779296875,72903000,0.16448043,0.57547045,11,True
2022-05-09,AAPL,154.92999267578125,155.8300018310547,151.49000549316406,152.05999755859375,148.93911743164062,131577900,-0.5629155,0.47366884,19,True
2022-05-09,MSFT,270.05999755859375,272.3599853515625,263.32000732421875,264.5799865722656,255.3950958251953,47726000,-0.2507726,0.65174544,10,True
2022-05-09,NVDA,18.034000396728516,18.2549991607666,16.82699966430664,16.950000762939453,16.899497985839844,644455000,-0.6336755,0.516852,3,True
2022-05-09,TSLA,278.8166809082031,281.8766784667969,260.3833312988281,262.3699951171875,262.3699951171875,90810300,-0.2927345,0.69612724,16,True
2022-05-10,AAPL,155.52000427246094,156.74000549316406,152.92999267578125,154.50999450683594,151.33883666992188,115366700,-0.28884414,0.60666436,12,True
2022-05-10,MSFT,271.69000244140625,273.75,265.07000732421875,269.5,260.1442565917969,39336400,-0.50007814,0.6534996,2,True
2022-05-10,NVDA,17.68899917602539,18.197999954223633,17.024999618530273,17.594999313354492,17.54257583618164,761474000,-0.03250127,0.3860348,3,True
2022-05-10,TSLA,273.10333251953125,275.1199951171875,258.0833435058594,266.67999267578125,266.67999267578125,84401700,-0.21852466,0.5527405,14,True
2022-05-11,AAPL,153.5,155.4499969482422,145.80999755859375,146.5,143.49325561523438,142689800,-0.274188,0.53780967,9,True
2022-05-11,MSFT,265.67999267578125,271.3599853515625,259.29998779296875,260.54998779296875,251.5049591064453,48975900,-0.24359822,0.604388,3,True
2022-05-11,NVDA,17.347000122070312,17.753000259399414,16.56800079345703,16.6299991607666,16.5804500579834,670167000,-0.21980047,0.44711274,8,True
2022-05-11,TSLA,265.0,269.92333984375,242.39999389648438,244.6666717529297,244.6666717529297,97224600,-0.088657066,0.5255811,15,True
2022-05-12,AAPL,142.77000427246094,146.1999969482422,138.8000030517578,142.55999755859375,139.63409423828125,182602000,-0.12748662,0.7436749,16,True
2022-05-12,MSFT,257.69000244140625,259.8800048828125,250.02000427246094,255.35000610351562,246.48553466796875,51033800,-0.76231575,0.25145295,4,True
2022-05-12,NVDA,16.2189998626709,16.788000106811523,15.567000389099121,16.174999237060547,16.126806259155273,708728000,-0.348603,0.882412,4,True
2022-05-12,TSLA,233.6666717529297,253.22000122070312,226.6666717529297,242.6666717529297,242.6666717529297,140313000,-0.24101074,0.7881485,10,True
2022-05-13,AAPL,144.58999633789062,148.10000610351562,143.11000061035156,147.11000061035156,144.09071350097656,113990900,-0.378973,0.5728425,6,True
2022-05-13,MSFT,257.3500061035156,263.0400085449219,255.35000610351562,261.1199951171875,252.05517578125,34925100,-0.299727,0.7784964,5,True
2022-05-13,NVDA,16.788000106811523,17.92799949645996,16.593000411987305,17.70599937438965,17.653244018554688,670437000,-0.42326432,0.0,1,True
2022-05-13,TSLA,257.82666015625,262.45001220703125,250.52333068847656,256.5299987792969,256.5299987792969,92150700,-0.29702073,0.63505423,10,True
2022-05-16,AAPL,145.5500030517578,147.52000427246094,144.17999267578125,145.5399932861328,142.55296325683594,86643800,0.14848097,0.5102237,8,True
2022-05-16,MSFT,259.9599914550781,265.82000732421875,255.77999877929688,261.5,252.42202758789062,32550900,-0.040439826,0.3343502,3,True
2022-05-16,NVDA,17.509000778198242,17.788000106811523,17.106000900268555,17.263999938964844,17.21256446838379,521446000,-0.18807898,0.3326023,2,True
2022-05-16,TSLA,255.72000122070312,256.586669921875,239.69667053222656,241.4566650390625,241.4566650390625,86098500,-0.10667209,0.6690078,11,True
2022-05-17,AAPL,148.86000061035156,149.77000427246094,146.67999267578125,149.24000549316406,146.17698669433594,78336300,0.015602199,0.49258143,14,True
2022-05-17,MSFT,266.1099853515625,268.3299865722656,262.4599914550781,266.82000732421875,257.5573425292969,28828800,0.34083927,0.44750407,4,True
2022-05-17,NVDA,18.073999404907227,18.371000289916992,17.634000778198242,18.177000045776367,18.122846603393555,585830000,0.39652896,0.46719658,3,True
2022-05-17,TSLA,249.1199951171875,254.82666015625,242.9499969482422,253.8699951171875,253.8699951171875,80236200,-0.018035393,0.6540079,13,True
2022-05-18,AAPL,146.85000610351562,147.36000061035156,139.89999389648438,140.82000732421875,137.92987060546875,109742900,-0.33167988,0.45979652,11,True
2022-05-18,MSFT,263.0,263.6000061035156,252.77000427246094,254.0800018310547,245.83084106445312,31356000,-0.34124997,0.78602386,5,True
2022-05-18,NVDA,17.704999923706055,18.118000030517578,16.86400032043457,16.937999725341797,16.887540817260742,545161000,-0.034527734,0.82432187,4,True
2022-05-18,TSLA,248.17333984375,253.5,233.60333251953125,236.60333251953125,236.60333251953125,87811800,-0.2994738,0.63596606,9,True
2022-05-19,AAPL,139.8800048828125,141.66000366210938,136.60000610351562,137.35000610351562,134.53103637695312,136095600,-0.16232486,0.5860991,12,True
2022-05-19,MSFT,253.89999389648438,257.6700134277344,251.8800048828125,253.13999938964844,244.9213409423828,32692300,-0.018742155,0.5686831,7,True
2022-05-19,NVDA,16.937000274658203,17.687000274658203,16.733999252319336,17.124000549316406,17.072978973388672,621310000,-0.4925475,0.42822602,3,True
2022-05-19,TSLA,235.6666717529297,244.6666717529297,231.3699951171875,236.47332763671875,236.47332763671875,90296700,-0.113684334,0.61150074,12,True
2022-05-20,AAPL,139.08999633789062,140.6999969482422,132.61000061035156,137.58999633789062,134.76611328125,137426100,-0.28675815,0.71311396,8,True
2022-05-20,MSFT,257.239990234375,258.5400085449219,246.44000244140625,252.55999755859375,244.3601531982422,39199300,-0.1899798,0.6336253,4,True
2022-05-20,NVDA,17.332000732421875,17.40999984741211,15.755000114440918,16.694000244140625,16.64426612854004,739105000,-0.31575048,0.5631027,3,True
2022-05-20,TSLA,237.99667358398438,240.52667236328125,211.0,221.3000030517578,221.3000030517578,144973200,0.046222948,0.6356654,10,True
2022-05-23,AAPL,137.7899932861328,143.25999450683594,137.64999389648438,143.11000061035156,140.17283630371094,117726300,0.22634883,0.6376353,14,True
2022-05-23,MSFT,255.49000549316406,261.5,253.42999267578125,260.6499938964844,252.18753051757812,33175400,0.0851184,0.6755996,9,True
2022-05-23,NVDA,16.27400016784668,16.915000915527344,16.179000854492188,16.898000717163086,16.847658157348633,639889000,0.24881335,0.40220642,3,True
2022-05-23,TSLA,218.33999633789062,226.65333557128906,212.68666076660156,224.96665954589844,224.96665954589844,88903500,0.23848428,0.569634,12,True
2022-05-24,AAPL,140.80999755859375,141.97000122070312,137.3300018310547,140.36000061035156,137.47927856445312,104132700,-0.22392619,0.74520576,12,True
2022-05-24,MSFT,257.8900146484375,261.3299865722656,253.5,259.6199951171875,251.1909942626953,29043900,-0.07404844,0.65460074,4,True
2022-05-24,NVDA,16.510000228881836,16.597000122070312,15.779999732971191,16.15399932861328,16.105873107910156,588550000,-0.3114854,0.49627268,4,True
2022-05-24,TSLA,217.8433380126953,217.97332763671875,206.85667419433594,209.3866729736328,209.3866729736328,89092500,-0.1143326,0.51932096,11,True
2022-05-25,AAPL,138.42999267578125,141.7899932861328,138.33999633789062,140.52000427246094,137.63601684570312,92482700,0.040642157,0.41381273,12,True
2022-05-25,MSFT,258.1400146484375,264.5799865722656,257.1300048828125,262.5199890136719,253.99679565429688,28547900,0.11892629,0.6882442,4,True
2022-05-25,NVDA,16.020000457763672,17.111000061035156,16.0,16.975000381469727,16.924427032470703,781132000,-0.39536157,0.77740186,10,True
2022-05-25,TSLA,207.9499969482422,223.10667419433594,207.6699981689453,219.60000610351562,219.60000610351562,92139300,-0.2953727,0.60545415,11,True
2022-05-26,AAPL,137.38999938964844,144.33999633789062,137.13999938964844,143.77999877929688,140.8290557861328,90601500,0.15704851,0.5475671,10,True
2022-05-26,MSFT,262.2699890136719,267.1099853515625,261.42999267578125,265.8999938964844,257.26708984375,25002100,0.3479061,0.6811445,4,True
2022-05-26,NVDA,16.035999298095703,18.091999053955078,16.02199935913086,17.85099983215332,17.797819137573242,996575000,-0.11425239,0.644833,12,True
2022-05-26,TSLA,220.47332763671875,239.55667114257812,217.8866729736328,235.91000366210938,235.91000366210938,106003200,0.13742194,0.59046215,10,True
2022-05-27,AAPL,145.38999938964844,149.67999267578125,145.25999450683594,149.63999938964844,146.56878662109375,90978500,0.0253701,0.58553445,7,True
2022-05-27,MSFT,268.4800109863281,273.3399963378906,267.55999755859375,273.239990234375,264.3687744140625,26910800,-0.22312957,0.70731246,4,True
2022-05-27,NVDA,18.18600082397461,18.881000518798828,18.100000381469727,18.81100082397461,18.754959106445312,738379000,-0.1525024,0.7126319,7,True
2022-05-27,TSLA,241.0833282470703,253.26666259765625,240.17666625976562,253.2100067138672,253.2100067138672,89295000,-0.1222674,0.6625257,12,True
2022-05-31,AAPL,149.07000732421875,150.66000366210938,146.83999633789062,148.83999633789062,145.78524780273438,103718400,-0.011232015,0.38784418,11,True
2022-05-31,MSFT,272.5299987792969,274.7699890136719,268.92999267578125,271.8699951171875,263.043212890625,37827700,0.082628794,0.52626234,7,True
2022-05-31,NVDA,18.979999542236328,19.200000762939453,18.350000381469727,18.672000885009766,18.616371154785156,664100000,0.07899781,0.47668517,3,True
2022-05-31,TSLA,257.9466552734375,259.6000061035156,244.7433319091797,252.75332641601562,252.75332641601562,101914500,-0.04463246,0.44207314,11,True
2022-06-01,AAPL,149.89999389648438,151.74000549316406,147.67999267578125,148.7100067138672,145.6579132080078,74286600,-0.20457558,0.48216197,8,True
2022-06-01,MSFT,275.20001220703125,277.69000244140625,270.0400085449219,272.4200134277344,263.5754089355469,25292200,-0.22345267,0.21916457,3,True
2022-06-01,NVDA,18.724000930786133,19.05299949645996,18.121999740600586,18.31999969482422,18.265417098999023,544514000,0.2129384,0.8997265,2,True
2022-06-01,TSLA,251.72000122070312,257.32666015625,243.63999938964844,246.7899932861328,246.7899932861328,77247900,0.08672751,0.5381696,11,True
2022-06-02,AAPL,147.8300018310547,151.27000427246094,146.86000061035156,151.2100067138672,148.1066131591797,72348100,-0.3375181,0.43546575,13,True
2022-06-02,MSFT,264.45001220703125,274.6499938964844,261.6000061035156,274.5799865722656,265.6652526855469,44008200,-0.6550268,0.42869258,8,True
2022-06-02,NVDA,18.29199981689453,19.618999481201172,18.197999954223633,19.591999053955078,19.53362464904785,648656000,-0.41848224,0.33549356,5,True
2022-06-02,TSLA,244.1566619873047,264.2099914550781,242.06666564941406,258.3333435058594,258.3333435058594,93473100,-0.08631749,0.497355,13,True
2022-06-03,AAPL,146.89999389648438,147.97000122070312,144.4600067138672,145.3800048828125,142.39625549316406,88570300,-0.13999908,0.53180593,12,True
2022-06-03,MSFT,270.30999755859375,273.45001220703125,268.4100036621094,270.0199890136719,261.2532958984375,28059000,-0.4283776,0.44071686,7,True
2022-06-03,NVDA,19.082000732421875,19.332000732421875,18.52199935913086,18.719999313354492,18.66422462463379,598779000,-0.2334599,0.72692037,5,True
2022-06-03,TSLA,243.22666931152344,247.79666137695312,233.4166717529297,234.51666259765625,234.51666259765625,112393800,-0.50626314,0.5741012,20,True
2022-06-06,AAPL,147.02999877929688,148.57000732421875,144.89999389648438,146.13999938964844,143.14064025878906,71598400,-0.09424986,0.6172985,14,True
2022-06-06,MSFT,272.05999755859375,274.17999267578125,267.2200012207031,268.75,260.0245666503906,22400300,-0.11656997,0.51034504,4,True
2022-06-06,NVDA,19.138999938964844,19.336999893188477,18.56399917602539,18.785999298095703,18.73002815246582,422406000,0.18559471,0.27636018,5,True
2022-06-06,TSLA,244.35333251953125,244.86666870117188,234.35000610351562,238.27999877929688,238.27999877929688,84204600,-0.09204911,0.65449345,13,True
2022-06-07,AAPL,144.35000610351562,149.0,144.10000610351562,148.7100067138672,145.6579132080078,67808200,-0.018293137,0.5924646,11,True
2022-06-07,MSFT,266.6400146484375,273.1300048828125,265.94000244140625,272.5,263.65283203125,22860700,-0.10804971,0.6111286,5,True
2022-06-07,NVDA,18.472000122070312,19.0,18.187999725341797,18.926000595092773,18.869611740112305,388914000,-0.027427996,0.3939744,5,True
2022-06-07,TSLA,234.0,239.99667358398438,230.0933380126953,238.8866729736328,238.8866729736328,72808500,-0.102639064,0.5145832,10,True
2022-06-08,AAPL,148.5800018310547,149.8699951171875,147.4600067138672,147.9600067138672,144.9232635498047,53950200,-0.06508533,0.62863326,13,True
2022-06-08,MSFT,271.7099914550781,273.0,269.6099853515625,270.4100036621094,261.6307067871094,17372300,-0.24621193,0.8943316,4,True
2022-06-08,NVDA,18.798999786376953,19.18000030517578,18.53499984741211,18.648000717163086,18.59637451171875,363252000,-0.40026268,0.6012227,4,True
2022-06-08,TSLA,240.086669921875,249.9633331298828,239.17666625976562,241.86666870117188,241.86666870117188,76210500,-0.32561728,0.5824025,13,True
2022-06-09,AAPL,147.0800018310547,147.9499969482422,142.52999877929688,142.63999938964844,139.71249389648438,69473000,-0.10370931,0.63739914,11,True
2022-06-09,MSFT,267.7799987792969,272.7099914550781,264.6300048828125,264.7900085449219,256.1931457519531,26439700,0.44256207,0.6342519,4,True
2022-06-09,NVDA,18.481000900268555,18.933000564575195,18.041000366210938,18.04800033569336,17.998027801513672,395574000,-0.21269897,0.2977844,2,True
2022-06-09,TSLA,249.33999633789062,255.54666137695312,239.32666015625,239.7066650390625,239.7066650390625,96491400,0.21742591,0.5519507,11,True
2022-06-10,AAPL,140.27999877929688,140.75999450683594,137.05999755859375,137.1300048828125,134.31556701660156,91437900,-0.55723244,0.5682923,15,True
2022-06-10,MSFT,260.5799865722656,260.5799865722656,252.52999877929688,252.99000549316406,244.7762451171875,31422800,-0.6249898,0.42182016,5,True
2022-06-10,NVDA,17.600000381469727,17.69700050354004,16.868999481201172,16.974000930786133,16.92700958251953,465248000,-0.22925238,0.81172544,5,True
2022-06-10,TSLA,235.1566619873047,239.5,227.913330078125,232.22999572753906,232.22999572753906,97536600,-0.31871954,0.49994463,11,True
2022-06-13,AAPL,132.8699951171875,135.1999969482422,131.44000244140625,131.8800048828125,129.1732940673828,122207100,-0.10609728,0.69692725,12,True
2022-06-13,MSFT,245.11000061035156,249.02000427246094,241.52999877929688,242.25999450683594,234.39459228515625,46135800,-0.6717611,0.4227815,7,True
2022-06-13,NVDA,16.0,16.312000274658203,15.605999946594238,15.647000312805176,15.603679656982422,604153000,-0.3237667,1.0706146,3,True
2022-06-13,TSLA,223.1666717529297,226.63333129882812,214.68333435058594,215.73666381835938,215.73666381835938,102767400,-0.2822843,0.63138855,13,True
2022-06-14,AAPL,133.1300048828125,133.88999938964844,131.47999572753906,132.75999450683594,130.0352325439453,84784300,-0.23741868,0.6515837,10,True
2022-06-14,MSFT,243.86000061035156,245.74000549316406,241.50999450683594,244.49000549316406,236.5522003173828,28651500,-0.39786944,0.54351866,4,True
2022-06-14,NVDA,15.730999946594238,16.06599998474121,15.411999702453613,15.836000442504883,15.792157173156738,469680000,-0.6401815,0.3067672,2,True
2022-06-14,TSLA,218.2866668701172,226.3300018310547,211.73666381835938,220.88999938964844,220.88999938964844,97988700,0.13081124,0.6082239,10,True
2022-06-15,AAPL,134.2899932861328,137.33999633789062,132.16000366210938,135.42999267578125,132.6504364013672,91533000,-0.002548662,0.59195465,11,True
2022-06-15,MSFT,248.30999755859375,255.3000030517578,246.4199981689453,251.75999450683594,243.5861358642578,33111700,0.020097718,0.6674117,10,True
2022-06-15,NVDA,16.094999313354492,16.868000030517578,15.925999641418457,16.527000427246094,16.481246948242188,563936000,0.26599956,0.653892,5,True
2022-06-15,TSLA,220.9166717529297,235.663330078125,218.14999389648438,233.0,233.0,119131800,0.02531307,0.51268077,12,True
2022-06-16,AAPL,132.0800018310547,132.38999938964844,129.0399932861328,130.05999755859375,127.39066314697266,108123900,-0.177093,0.47557077,9,True
2022-06-16,MSFT,245.97999572753906,247.4199981689453,243.02000427246094,244.97000122070312,237.0166015625,33169200,-0.42779756,0.7017978,6,True
2022-06-16,NVDA,15.859999656677246,15.942000389099121,15.401000022888184,15.60099983215332,15.557806015014648,545749000,-0.80190927,0.25498974,4,True
2022-06-16,TSLA,222.73666381835938,225.1666717529297,208.69332885742188,213.10000610351562,213.10000610351562,107390700,-0.41549563,0.42724344,10,True
2022-06-17,AAPL,130.07000732421875,133.0800018310547,129.80999755859375,131.55999755859375,128.85989379882812,134520300,0.13338879,0.73145884,6,True
2022-06-17,MSFT,244.6999969482422,250.5,244.02999877929688,247.64999389648438,239.60955810546875,43084800,0.08379323,0.75745493,6,True
2022-06-17,NVDA,15.64799976348877,15.994999885559082,15.32800006866455,15.880000114440918,15.836034774780273,630334000,-0.33341986,0.87797165,4,True
2022-06-17,TSLA,213.43333435058594,220.97000122070312,213.19667053222656,216.75999450683594,216.75999450683594,92641800,-0.050871305,0.7266899,10,True
2022-06-21,AAPL,133.4199981689453,137.05999755859375,133.32000732421875,135.8699951171875,133.08145141601562,81000500,0.119892664,0.64249635,11,True
2022-06-21,MSFT,250.25999450683594,254.75,249.50999450683594,253.74000549316406,245.5018768310547,29928300,-0.037984144,0.0,1,True
2022-06-21,NVDA,16.475000381469727,17.007999420166016,16.406999588012695,16.56599998474121,16.5201358795166,483089000,-0.20562951,0.64097875,3,True
2022-06-21,TSLA,224.60333251953125,243.57666015625,224.3333282470703,237.0366668701172,237.0366668701172,122793000,-0.0025299834,0.5932697,13,True
2022-06-22,AAPL,134.7899932861328,137.75999450683594,133.91000366210938,135.35000610351562,132.57208251953125,73409200,0.08882748,0.5418764,10,True
2022-06-22,MSFT,251.88999938964844,257.1700134277344,250.3699951171875,253.1300048828125,244.9116668701172,25939900,0.096219935,0.5567733,5,True
2022-06-22,NVDA,16.22599983215332,16.66200065612793,16.18000030517578,16.360000610351562,16.314708709716797,437135000,-0.13733566,0.28491712,3,True
2022-06-22,TSLA,234.50332641601562,246.8333282470703,233.82666015625,236.086669921875,236.086669921875,101107500,0.21153767,0.56869906,10,True
2022-06-23,AAPL,136.82000732421875,138.58999633789062,135.6300048828125,138.27000427246094,135.4321746826172,72433800,0.031301636,0.6772874,7,True
2022-06-23,MSFT,255.57000732421875,259.3699951171875,253.6300048828125,258.8599853515625,250.45562744140625,25861400,0.20711601,0.6778862,3,True
2022-06-23,NVDA,16.518999099731445,16.584999084472656,15.852999687194824,16.225000381469727,16.18008041381836,463680000,0.25129375,0.9539692,2,True
2022-06-23,TSLA,237.9066619873047,239.31666564941406,228.6366729736328,235.07000732421875,235.07000732421875,104202600,0.08688082,0.59845585,13,True
2022-06-24,AAPL,139.89999389648438,141.91000366210938,139.77000427246094,141.66000366210938,138.75257873535156,89116800,-0.052482102,0.7424634,11,True
2022-06-24,MSFT,261.80999755859375,267.9800109863281,261.7200012207031,267.70001220703125,259.0086669921875,33923200,0.049694728,0.720322,7,True
2022-06-24,NVDA,16.5,17.139999389648438,16.309999465942383,17.125999450683594,17.078582763671875,472153000,-0.22057968,0.7698303,4,True
2022-06-24,TSLA,237.47000122070312,246.06666564941406,236.086669921875,245.7066650390625,245.7066650390625,95770800,-0.02154211,0.7763647,13,True
2022-06-27,AAPL,142.6999969482422,143.49000549316406,140.97000122070312,141.66000366210938,138.75257873535156,70207900,0.096612975,0.34332198,10,True
2022-06-27,MSFT,268.2099914550781,268.29998779296875,263.2799987792969,264.8900146484375,256.2899169921875,24615100,0.015867457,0.46054375,4,True
2022-06-27,NVDA,17.312000274658203,17.329999923706055,16.625999450683594,16.868999481201172,16.822298049926758,427968000,-0.40578544,0.024718896,2,True
2022-06-27,TSLA,249.36666870117188,252.07000732421875,242.56666564941406,244.9199981689453,244.9199981689453,89178300,-0.09251421,0.49772522,14,True
2022-06-28,AAPL,142.1300048828125,143.4199981689453,137.32000732421875,137.44000244140625,134.6191864013672,67083400,-0.18923487,0.6473675,9,True
2022-06-28,MSFT,263.9800109863281,266.9100036621094,256.32000732421875,256.4800109863281,248.15292358398438,27295500,-0.19420993,0.58445156,8,True
2022-06-28,NVDA,16.899999618530273,17.20199966430664,15.944999694824219,15.982000350952148,15.937752723693848,461149000,-0.47030395,0.7028899,2,True
2022-06-28,TSLA,244.48333740234375,249.97000122070312,232.3433380126953,232.663330078125,232.663330078125,90391200,0.001320637,0.6179965,9,True
2022-06-29,AAPL,137.4600067138672,140.6699981689453,136.6699981689453,139.22999572753906,136.37246704101562,66242400,-0.49981385,0.5018323,15,True
2022-06-29,MSFT,257.5899963378906,261.9700012207031,255.75999450683594,260.260009765625,251.81015014648438,20069800,-0.27421832,0.65830296,9,True
2022-06-29,NVDA,15.814000129699707,15.819999694824219,15.170000076293945,15.541999816894531,15.498971939086914,482352000,-0.4685124,0.6070848,5,True
2022-06-29,TSLA,230.5,231.17333984375,222.27333068847656,228.49000549316406,228.49000549316406,82897200,-0.33082262,0.51682407,13,True
2022-06-30,AAPL,137.25,138.3699951171875,133.77000427246094,136.72000122070312,133.9139862060547,98964500,-0.0460613,0.69043005,11,True
2022-06-30,MSFT,257.04998779296875,259.5299987792969,252.89999389648438,256.8299865722656,248.4915771484375,31730900,-0.42192927,0.6408354,6,True
2022-06-30,NVDA,15.361000061035156,15.567000389099121,14.862000465393066,15.159000396728516,15.11703109741211,686070000,-0.43097728,0.62080187,5,True
2022-06-30,TSLA,224.50999450683594,229.4566650390625,218.8633270263672,224.47332763671875,224.47332763671875,94600500,-0.122757524,0.78542304,8,True
2022-07-01,AAPL,136.0399932861328,139.0399932861328,135.66000366210938,138.92999267578125,136.07861328125,71051600,-0.43805048,0.64949894,11,True
2022-07-01,MSFT,256.3900146484375,259.7699890136719,254.61000061035156,259.5799865722656,251.1522216796875,22837700,-0.29398474,0.8032956,8,True
2022-07-01,NVDA,14.89900016784668,15.062999725341797,14.392000198364258,14.52299976348877,14.482791900634766,577610000,-0.32435992,0.7767308,6,True
2022-07-01,TSLA,227.0,230.22999572753906,222.1199951171875,227.26333618164062,227.26333618164062,74460300,-0.203025,0.68547404,12,True
2022-07-05,AAPL,137.77000427246094,141.61000061035156,136.92999267578125,141.55999755859375,138.65463256835938,73353800,0.14333194,0.6963924,11,True
2022-07-05,MSFT,256.1600036621094,262.9800109863281,254.74000549316406,262.8500061035156,254.3161163330078,22941000,-0.07930757,0.8213276,9,True
2022-07-05,NVDA,14.175000190734863,14.970999717712402,14.055000305175781,14.96399974822998,14.92257022857666,651397000,-0.094671115,0.8339483,9,True
2022-07-05,TSLA,223.0,233.14666748046875,216.1666717529297,233.06666564941406,233.06666564941406,84581100,-0.42228246,0.59215283,12,True
2022-07-06,AAPL,141.35000610351562,144.1199951171875,141.0800018310547,142.9199981689453,139.98670959472656,74064300,-0.10210553,0.5600349,4,True
2022-07-06,MSFT,263.75,267.989990234375,262.3999938964844,266.2099914550781,257.5669860839844,23824400,-0.39530033,0.56912386,7,True
2022-07-06,NVDA,15.010000228881836,15.319000244140625,14.788999557495117,15.130000114440918,15.088111877441406,529066000,-0.31741259,0.15406099,3,True
2022-07-06,TSLA,230.77999877929688,234.56333923339844,227.18666076660156,231.73333740234375,231.73333740234375,71853600,-0.2985087,0.63020724,11,True
2022-07-07,AAPL,143.2899932861328,146.5500030517578,143.27999877929688,146.35000610351562,143.3463592529297,66253700,-0.23847048,0.612924,3,True
2022-07-07,MSFT,265.1199951171875,269.05999755859375,265.0199890136719,268.3999938964844,259.6858825683594,20859900,-0.12684296,0.7577248,7,True
2022-07-07,NVDA,15.456000328063965,15.944999694824219,15.388999938964844,15.857999801635742,15.814096450805664,492903000,0.8526983,0.0,1,True
2022-07-07,TSLA,233.9199981689453,245.3633270263672,232.2100067138672,244.5433349609375,244.5433349609375,81930600,-0.14000875,0.63504934,10,True
2022-07-08,AAPL,145.25999450683594,147.5500030517578,145.0,147.0399932861328,144.02218627929688,64547800,-0.32848188,0.37438262,8,True
2022-07-08,MSFT,264.7900085449219,268.1000061035156,263.2900085449219,267.6600036621094,258.969970703125,19658800,-0.7782465,0.2527736,4,True
2022-07-08,NVDA,15.430000305175781,16.03700065612793,15.388999938964844,15.838000297546387,15.794153213500977,467972000,-0.42326432,0.0,1,True
2022-07-08,TSLA,242.3333282470703,254.97999572753906,241.16000366210938,250.76333618164062,250.76333618164062,101854200,0.3545004,0.5347681,10,True
2022-07-11,AAPL,145.6699981689453,146.63999938964844,143.77999877929688,144.8699951171875,141.89671325683594,63141600,-0.12429756,0.6059433,10,True
2022-07-11,MSFT,265.6499938964844,266.5299987792969,262.17999267578125,264.510009765625,255.92221069335938,19455200,-0.4205612,0.48471865,3,True
2022-07-11,NVDA,15.526000022888184,15.527000427246094,15.038000106811523,15.152000427246094,15.110051155090332,437321000,-0.6888254,0.43726617,4,True
2022-07-11,TSLA,252.10333251953125,253.06333923339844,233.6266632080078,234.3433380126953,234.3433380126953,99241200,-0.53339,0.4758631,13,True
2022-07-12,AAPL,145.75999450683594,148.4499969482422,145.0500030517578,145.86000061035156,142.8664093017578,77588800,-0.32656077,0.77036136,6,True
2022-07-12,MSFT,265.8800048828125,265.94000244140625,252.0399932861328,253.6699981689453,245.43414306640625,35868500,-0.65203565,0.5318628,3,True
2022-07-12,NVDA,15.267999649047852,15.430999755859375,14.876999855041504,15.081999778747559,15.040246963500977,458483000,-0.6544308,0.5338586,3,True
2022-07-12,TSLA,236.84666442871094,239.77333068847656,228.3699951171875,233.07000732421875,233.07000732421875,87930900,-0.22960976,0.58176064,13,True
2022-07-13,AAPL,142.99000549316406,146.4499969482422,142.1199951171875,145.49000549316406,142.5039825439453,71185600,-0.26494044,0.7467931,10,True
2022-07-13,MSFT,250.19000244140625,253.5500030517578,248.11000061035156,252.72000122070312,244.5149688720703,29497400,-0.13519403,0.8541811,7,True
2022-07-13,NVDA,14.59000015258789,15.375,14.46500015258789,15.163999557495117,15.122018814086914,521918000,-0.037984144,0.0,1,True
2022-07-13,TSLA,225.5,242.05999755859375,225.03334045410156,237.0399932861328,237.0399932861328,97954500,-0.11449397,0.6349018,11,True
2022-07-14,AAPL,144.0800018310547,148.9499969482422,143.25,148.47000122070312,145.4228057861328,78140700,-0.2856359,0.3700648,10,True
2022-07-14,MSFT,250.57000732421875,255.13999938964844,245.94000244140625,254.0800018310547,245.83084106445312,25102800,-0.3271497,0.4362135,4,True
2022-07-14,NVDA,15.107999801635742,15.472999572753906,14.727999687194824,15.371999740600586,15.329440116882324,456235000,-0.34932423,0.52980775,3,True
2022-07-14,TSLA,234.89666748046875,238.65333557128906,229.3333282470703,238.31333923339844,238.31333923339844,78557400,-0.078017786,0.57855636,14,True
2022-07-15,AAPL,149.77999877929688,150.86000061035156,148.1999969482422,150.1699981689453,147.08792114257812,76259900,-0.22687203,0.5826988,6,True
2022-07-15,MSFT,255.72000122070312,260.3699951171875,254.77000427246094,256.7200012207031,248.38514709472656,29774100,0.06318063,0.45628396,4,True
2022-07-15,NVDA,15.659000396728516,15.781999588012695,15.444999694824219,15.76200008392334,15.718360900878906,385935000,0.095125444,0.5377105,3,True
2022-07-15,TSLA,240.0,243.6233367919922,236.88999938964844,240.06666564941406,240.06666564941406,69683100,-0.16800341,0.5659661,10,True
2022-07-18,AAPL,150.74000549316406,151.57000732421875,146.6999969482422,147.07000732421875,144.05154418945312,81420900,0.006210322,0.70191175,12,True
2022-07-18,MSFT,259.75,260.8399963378906,253.3000030517578,254.25,245.9953155517578,20975000,0.21769363,0.84957415,4,True
2022-07-18,NVDA,16.302000045776367,16.89699935913086,16.00200080871582,16.10099983215332,16.056419372558594,670517000,-0.24340422,0.7022717,7,True
2022-07-18,TSLA,244.93666076660156,250.51666259765625,239.60333251953125,240.54666137695312,240.54666137695312,82537500,0.11358778,0.7013845,10,True
2022-07-19,AAPL,147.9199981689453,151.22999572753906,146.91000366210938,151.0,147.90090942382812,82982400,-0.33413103,0.63475513,12,True
2022-07-19,MSFT,257.5799865722656,259.7200012207031,253.67999267578125,259.5299987792969,251.10391235351562,25012600,-0.1453393,0.6390925,11,True
2022-07-19,NVDA,16.486000061035156,17.110000610351562,16.172000885009766,16.992000579833984,16.94495964050293,702366000,-0.06356764,0.79803497,4,True
2022-07-19,TSLA,245.0,247.13999938964844,236.97666931152344,245.52999877929688,245.52999877929688,80890200,-0.09326725,0.6097847,15,True
2022-07-20,AAPL,151.1199951171875,153.72000122070312,150.3699951171875,153.0399932861328,149.89901733398438,64823400,-0.1439449,0.7483877,11,True
2022-07-20,MSFT,259.8999938964844,264.8699951171875,258.9100036621094,262.2699890136719,253.75489807128906,22788300,-0.59485555,0.51209277,3,True
2022-07-20,NVDA,16.94700050354004,17.933000564575195,16.801000595092773,17.80699920654297,17.757699966430664,760538000,-0.26292083,0.22782445,2,True
2022-07-20,TSLA,246.78334045410156,250.663330078125,243.48333740234375,247.5,247.5,88864200,0.1622934,0.6493897,14,True
2022-07-21,AAPL,154.5,155.57000732421875,151.94000244140625,155.35000610351562,152.16165161132812,65086600,-0.012681884,0.77197975,10,True
2022-07-21,MSFT,259.7900085449219,264.8900146484375,257.0299987792969,264.8399963378906,256.241455078125,22404700,-0.067336835,0.7455743,9,True
2022-07-21,NVDA,17.885000228881836,18.143999099731445,17.545000076293945,18.049999237060547,18.00002098083496,557049000,-0.1754335,0.74763286,4,True
2022-07-21,TSLA,255.10667419433594,273.26666259765625,254.86666870117188,271.7066650390625,271.7066650390625,142032300,0.04980272,0.6727951,15,True
2022-07-22,AAPL,155.38999938964844,156.27999877929688,153.41000366210938,154.08999633789062,150.927490234375,66675400,-0.34734538,0.76613164,11,True
2022-07-22,MSFT,265.239990234375,265.3299865722656,259.07000732421875,260.3599853515625,251.9069366455078,21881300,-0.34053427,0.8261856,8,True
2022-07-22,NVDA,17.89299964904785,17.966999053955078,17.136999130249023,17.319000244140625,17.271053314208984,536671000,-0.50837326,0.4640284,3,True
2022-07-22,TSLA,276.2200012207031,280.78668212890625,270.71331787109375,272.24334716796875,272.24334716796875,103472700,-0.20776418,0.69004303,13,True
2022-07-25,AAPL,154.00999450683594,155.0399932861328,152.27999877929688,152.9499969482422,149.8108673095703,53623900,-0.32301754,0.5544106,13,True
2022-07-25,MSFT,261.0,261.5,256.80999755859375,258.8299865722656,250.42662048339844,21056000,-0.29304028,0.6702589,7,True
2022-07-25,NVDA,17.018999099731445,17.124000549316406,16.64900016784668,17.02400016784668,16.97686767578125,480748000,0.019851753,0.7094566,7,True
2022-07-25,TSLA,272.2166748046875,274.14666748046875,267.3999938964844,268.4333190917969,268.4333190917969,64073400,-0.5281983,0.5989684,12,True
2022-07-26,AAPL,152.25999450683594,153.08999633789062,150.8000030517578,151.60000610351562,148.4885711669922,55138700,-0.16238083,0.70482266,12,True
2022-07-26,MSFT,259.8599853515625,259.8800048828125,249.57000732421875,251.89999389648438,243.7216033935547,39348000,-0.38548592,0.674252,13,True
2022-07-26,NVDA,16.888999938964844,16.91900062561035,16.47800064086914,16.533000946044922,16.487228393554688,397865000,-0.635537,0.5185422,3,True
2022-07-26,TSLA,266.5133361816406,267.30999755859375,256.2633361816406,258.8599853515625,258.8599853515625,66820800,0.19814815,0.6712663,9,True
2022-07-27,AAPL,152.5800018310547,157.3300018310547,152.16000366210938,156.7899932861328,153.57205200195312,78620700,0.22346504,0.70245063,14,True
2022-07-27,MSFT,261.1600036621094,270.04998779296875,258.8500061035156,268.739990234375,260.0147705078125,45994000,0.18472068,0.8255023,15,True
2022-07-27,NVDA,17.031999588012695,17.93600082397461,16.913000106811523,17.790000915527344,17.74074935913086,569776000,0.5052807,0.5812858,8,True
2022-07-27,TSLA,263.80999755859375,275.9266662597656,261.7900085449219,274.82000732421875,274.82000732421875,88110000,0.2963209,0.601622,14,True
2022-07-28,AAPL,156.97999572753906,157.63999938964844,154.41000366210938,157.35000610351562,154.12057495117188,81378700,-0.035343647,0.7150205,14,True
2022-07-28,MSFT,269.75,277.8399963378906,267.8699951171875,276.4100036621094,267.4358825683594,33459300,0.2973684,0.53947175,9,True
2022-07-28,NVDA,17.975000381469727,18.139999389648438,17.440000534057617,17.983999252319336,17.9342098236084,474646000,-0.21219718,0.3166304,3,True
2022-07-28,TSLA,280.0666809082031,283.29998779296875,272.79998779296875,280.8999938964844,280.8999938964844,84723000,0.10076744,0.5527066,12,True
2022-07-29,AAPL,161.24000549316406,163.6300048828125,159.5,162.50999450683594,159.17466735839844,101786900,-0.11778075,0.6833134,18,True
2022-07-29,MSFT,277.70001220703125,282.0,276.6300048828125,280.739990234375,271.6252136230469,32152800,-0.40232688,0.41974893,10,True
2022-07-29,NVDA,17.812999725341797,18.243999481201172,17.691999435424805,18.163000106811523,18.112716674804688,435460000,-0.20886725,0.24166521,2,True
2022-07-29,TSLA,280.70001220703125,298.32000732421875,279.1000061035156,297.1499938964844,297.1499938964844,95313000,-0.35125867,0.43410662,10,True
2022-08-01,AAPL,161.00999450683594,163.58999633789062,160.88999938964844,161.50999450683594,158.19517517089844,67829400,0.0750251,0.64463204,10,True
2022-08-01,MSFT,277.82000732421875,281.2799987792969,275.8399963378906,278.010009765625,268.9838562011719,21539600,-0.14271858,0.5333348,8,True
2022-08-01,NVDA,18.18199920654297,18.84600067138672,17.989999771118164,18.44099998474121,18.389942169189453,476469000,-0.026588466,0.056956004,4,True
2022-08-01,TSLA,301.27667236328125,311.8766784667969,295.0,297.27667236328125,297.27667236328125,117042900,0.19447565,0.48541147,10,True
2022-08-02,AAPL,160.10000610351562,162.41000366210938,159.6300048828125,160.00999450683594,156.72596740722656,59907000,-0.5099481,0.6434252,8,True
2022-08-02,MSFT,276.0,277.8900146484375,272.3800048828125,274.82000732421875,265.89752197265625,22754200,0.29878086,0.47625762,2,True
2022-08-02,NVDA,18.121999740600586,18.937999725341797,18.091999053955078,18.525999069213867,18.47471046447754,489527000,-0.21314533,0.24771534,2,True
2022-08-02,TSLA,294.0033264160156,307.8333435058594,292.6666564941406,300.586669921875,300.586669921875,95577600,-0.08944398,0.6682613,10,True
2022-08-03,AAPL,160.83999633789062,166.58999633789062,160.75,166.1300048828125,162.7203826904297,82507500,-0.15073588,0.39977622,10,True
2022-08-03,MSFT,276.760009765625,283.5,276.6099853515625,282.4700012207031,273.2990417480469,23518900,-0.16497125,0.545867,7,True
2022-08-03,NVDA,18.18400001525879,18.968000411987305,18.136999130249023,18.89299964904785,18.840694427490234,418146000,-0.19998707,0.6886171,5,True
2022-08-03,TSLA,305.0,309.54998779296875,301.1499938964844,307.39666748046875,307.39666748046875,80091000,0.08795616,0.6046499,9,True
2022-08-04,AAPL,166.00999450683594,167.19000244140625,164.42999267578125,165.80999755859375,162.40695190429688,55474100,-0.032756377,0.5469423,10,True
2022-08-04,MSFT,281.79998779296875,283.79998779296875,280.1700134277344,283.6499938964844,274.4407958984375,18098700,0.026297316,0.34511703,4,True
2022-08-04,NVDA,18.849000930786133,19.27400016784668,18.760000228881836,19.21500015258789,19.161800384521484,409652000,-0.04360682,0.007951667,2,True
2022-08-04,TSLA,311.0,313.6066589355469,305.0,308.6333312988281,308.6333312988281,72256200,-0.098852895,0.5630647,11,True
2022-08-05,AAPL,163.2100067138672,165.85000610351562,163.0,165.35000610351562,162.1813201904297,56697000,-0.29477352,0.7218162,7,True
2022-08-05,MSFT,279.1499938964844,283.6499938964844,278.67999267578125,282.9100036621094,273.72479248046875,16774600,-0.30666184,1.078634,3,True
2022-08-05,NVDA,18.809999465942383,19.229000091552734,18.666000366210938,18.98900032043457,18.93642807006836,386068000,0.0,0.0,0,False
2022-08-05,TSLA,302.6700134277344,304.6066589355469,285.5433349609375,288.1700134277344,288.1700134277344,113172900,-0.31122193,0.60029674,11,True
2022-08-08,AAPL,166.3699951171875,167.80999755859375,164.1999969482422,164.8699951171875,161.71055603027344,60276900,-0.28146526,0.6546033,14,True
2022-08-08,MSFT,284.04998779296875,285.9200134277344,279.32000732421875,280.32000732421875,271.2189025878906,18739200,-0.39400268,0.7866234,6,True
2022-08-08,NVDA,17.50200080871582,18.23900032043457,17.242000579833984,17.792999267578125,17.74373435974121,981859000,-0.67672956,0.4287012,9,True
2022-08-08,TSLA,295.0,305.20001220703125,289.086669921875,290.42333984375,290.42333984375,98994000,-0.31082684,0.56070805,11,True
2022-08-09,AAPL,164.02000427246094,165.82000732421875,163.25,164.9199981689453,161.7595977783203,63135500,-0.15878741,0.7390923,8,True
2022-08-09,MSFT,279.6400146484375,283.0799865722656,277.6099853515625,282.29998779296875,273.1346435546875,23405200,-0.33945495,0.52900434,5,True
2022-08-09,NVDA,17.25200080871582,17.44700050354004,16.724000930786133,17.086000442504883,17.038694381713867,668263000,-0.7309154,0.43425754,14,True
2022-08-09,TSLA,290.2933349609375,292.39666748046875,279.35333251953125,283.3333435058594,283.3333435058594,86244600,-0.26963887,0.65058845,11,True
2022-08-10,AAPL,167.67999267578125,169.33999633789062,166.89999389648438,169.24000549316406,165.99681091308594,70170500,-0.03790615,0.69532204,9,True
2022-08-10,MSFT,288.1700134277344,289.80999755859375,286.94000244140625,289.1600036621094,279.7718505859375,24687800,0.13815376,0.774504,8,True
2022-08-10,NVDA,17.697999954223633,18.118000030517578,17.316999435424805,18.097000122070312,18.046897888183594,597422000,-0.12546276,0.834453,5,True
2022-08-10,TSLA,297.0666809082031,297.510009765625,283.3699951171875,294.3566589355469,294.3566589355469,94918800,0.081530824,0.68228054,20,True
2022-08-11,AAPL,170.05999755859375,170.99000549316406,168.19000244140625,168.49000549316406,165.26119995117188,57149200,-0.004000932,0.86740565,10,True
2022-08-11,MSFT,290.8500061035156,291.2099914550781,286.510009765625,287.0199890136719,277.7013854980469,20065900,-0.15287451,0.8737012,3,True
2022-08-11,NVDA,18.131000518798828,18.707000732421875,17.875999450683594,17.941999435424805,17.892322540283203,509327000,-0.3164465,0.0,1,True
2022-08-11,TSLA,296.5133361816406,298.2366638183594,285.8333435058594,286.6300048828125,286.6300048828125,70155000,-0.099666074,0.6525259,14,True
2022-08-12,AAPL,169.82000732421875,172.1699981689453,169.39999389648438,172.10000610351562,168.802001953125,68039400,0.23944844,0.46220854,9,True
2022-08-12,MSFT,288.4800109863281,291.9100036621094,286.94000244140625,291.9100036621094,282.4326171875,22619700,-0.027451336,0.5059383,4,True
2022-08-12,NVDA,18.15999984741211,18.718000411987305,17.952999114990234,18.708999633789062,18.657203674316406,478094000,-0.641263,0.30829668,2,True
2022-08-12,TSLA,289.4166564941406,300.1600036621094,285.0333251953125,300.0299987792969,300.0299987792969,79657200,0.02029649,0.751456,10,True
2022-08-15,AAPL,171.52000427246094,173.38999938964844,171.35000610351562,173.19000244140625,169.87109375,54091700,0.2931542,0.41134223,6,True
2022-08-15,MSFT,291.0,294.17999267578125,290.1099853515625,293.4700012207031,283.9419860839844,18085700,0.23361757,0.65553343,9,True
2022-08-15,NVDA,18.701000213623047,19.163999557495117,18.613000869750977,19.031999588012695,18.97930908203125,457666000,0.23257102,0.33744952,3,True
2022-08-15,TSLA,301.78668212890625,313.1333312988281,301.2300109863281,309.32000732421875,309.32000732421875,89359200,0.13476811,0.591918,11,True
2022-08-16,AAPL,172.77999877929688,173.7100067138672,171.66000366210938,173.02999877929688,169.7141571044922,56377100,-0.22398984,0.73336923,8,True
2022-08-16,MSFT,291.989990234375,294.0400085449219,290.4200134277344,292.7099914550781,283.20660400390625,18102900,0.24467696,0.58838004,7,True
2022-08-16,NVDA,18.920000076293945,19.142000198364258,18.500999450683594,18.878999710083008,18.826732635498047,451240000,-0.42326432,0.0,1,True
2022-08-16,TSLA,311.6666564941406,314.6666564941406,302.8833312988281,306.5633239746094,306.5633239746094,88136400,0.026807865,0.690852,12,True
2022-08-17,AAPL,172.77000427246094,176.14999389648438,172.57000732421875,174.5500030517578,171.2050323486328,79542000,0.18675439,0.62645864,12,True
2022-08-17,MSFT,289.739990234375,293.3500061035156,289.4700012207031,291.32000732421875,282.4599609375,18253400,0.28357196,0.5232755,4,True
2022-08-17,NVDA,18.523000717163086,18.687999725341797,18.145000457763672,18.334999084472656,18.284236907958984,446799000,-0.102215916,0.60185856,4,True
2022-08-17,TSLA,303.39666748046875,309.65667724609375,300.0333251953125,303.9966735839844,303.9966735839844,68766000,-0.021420427,0.61037594,12,True
2022-08-18,AAPL,173.75,174.89999389648438,173.1199951171875,174.14999389648438,170.8126678466797,62290100,-0.3668999,0.55941314,9,True
2022-08-18,MSFT,290.19000244140625,291.9100036621094,289.0799865722656,290.1700134277344,281.3450622558594,17186200,0.041409474,0.6240212,6,True
2022-08-18,NVDA,18.301000595092773,18.864999771118164,18.183000564575195,18.773000717163086,18.72102928161621,415447000,-0.26058033,0.2300699,2,True
2022-08-18,TSLA,306.0,306.5,301.85333251953125,302.8699951171875,302.8699951171875,47500500,0.06323965,0.38236699,10,True
2022-08-19,AAPL,173.02999877929688,173.74000549316406,171.30999755859375,171.52000427246094,168.23312377929688,70346300,-0.12052383,0.68343097,12,True
2022-08-19,MSFT,288.8999938964844,289.25,285.55999755859375,286.1499938964844,277.44732666015625,20570000,0.06358578,0.6265996,5,True
2022-08-19,NVDA,18.4060001373291,18.520000457763672,17.770000457763672,17.849000930786133,17.799585342407227,441588000,-0.066245526,0.77068365,4,True
2022-08-19,TSLA,299.0,300.3599853515625,292.5,296.6666564941406,296.6666564941406,61395300,-0.30354014,0.64345527,14,True
2022-08-22,AAPL,169.69000244140625,169.86000061035156,167.13999938964844,167.57000732421875,164.35879516601562,69026800,-0.2715797,0.71439695,11,True
2022-08-22,MSFT,282.0799865722656,282.4599914550781,277.2200012207031,277.75,269.30279541015625,25061100,-0.41604695,0.5445815,3,True
2022-08-22,NVDA,17.489999771118164,17.558000564575195,16.965999603271484,17.034000396728516,16.986839294433594,409593000,-0.36981404,0.5121958,8,True
2022-08-22,TSLA,291.913330078125,292.3999938964844,286.2966613769531,289.913330078125,289.913330078125,55843200,-0.38984594,0.6395636,10,True
2022-08-23,AAPL,167.0800018310547,168.7100067138672,166.64999389648438,167.22999572753906,164.02529907226562,54147100,0.0041026096,0.7574586,11,True
2022-08-23,MSFT,276.44000244140625,278.8599853515625,275.3999938964844,276.44000244140625,268.0325622558594,17527400,0.023568943,0.64624786,8,True
2022-08-23,NVDA,16.98900032043457,17.46500015258789,16.969999313354492,17.180999755859375,17.133432388305664,369986000,-0.26296833,0.49573654,3,True
2022-08-23,TSLA,291.4533386230469,298.82666015625,287.92333984375,296.4533386230469,296.4533386230469,63984900,-0.0722662,0.59192276,10,True
2022-08-24,AAPL,167.32000732421875,168.11000061035156,166.25,167.52999877929688,164.31954956054688,53841500,0.33011466,0.51704764,7,True
2022-08-24,MSFT,275.4100036621094,277.2300109863281,275.1099853515625,275.7900085449219,267.4023742675781,18137000,0.41847318,0.5453736,4,True
2022-08-24,NVDA,17.011999130249023,17.4060001373291,16.895000457763672,17.222000122070312,17.174318313598633,522661000,-0.34432474,0.7310775,11,True
2022-08-24,TSLA,297.5633239746094,303.64666748046875,296.5,297.0966796875,297.0966796875,57259800,-0.17175335,0.55529195,17,True
2022-08-25,AAPL,168.77999877929688,170.13999938964844,168.35000610351562,170.02999877929688,166.77166748046875,51218200,-0.49764892,0.50674665,4,True
2022-08-25,MSFT,277.3299865722656,279.0199890136719,274.5199890136719,278.8500061035156,270.3692626953125,16583400,-0.10954407,1.2133849,2,True
2022-08-25,NVDA,16.8439998626709,17.94700050354004,16.83300018310547,17.913000106811523,17.863405227661133,770691000,-0.055417877,0.8731551,12,True
2022-08-25,TSLA,302.3599853515625,302.9599914550781,291.6000061035156,296.07000732421875,296.07000732421875,53230000,-0.2370691,0.6803246,15,True
2022-08-26,AAPL,170.57000732421875,171.0500030517578,163.55999755859375,163.6199951171875,160.4844970703125,78961000,-0.37268698,0.7971574,5,True
2022-08-26,MSFT,279.0799865722656,280.3399963378906,267.9800109863281,268.0899963378906,259.9365234375,27549300,-0.14796585,0.7234087,5,True
2022-08-26,NVDA,17.85700035095215,17.923999786376953,16.23699951171875,16.260000228881836,16.21497917175293,769127000,-0.42714366,0.4823491,4,True
2022-08-26,TSLA,297.42999267578125,302.0,287.4700012207031,288.0899963378906,288.0899963378906,57163900,-0.14839274,0.6884296,9,True
2022-08-29,AAPL,161.14999389648438,162.89999389648438,159.82000732421875,161.3800048828125,158.28746032714844,73314000,-0.23046142,0.6727695,16,True
2022-08-29,MSFT,265.8500061035156,267.3999938964844,263.8500061035156,265.2300109863281,257.1635437011719,20338500,-0.045444027,0.65440506,9,True
2022-08-29,NVDA,16.020000457763672,16.33799934387207,15.767000198364258,15.800999641418457,15.75725269317627,496132000,-0.09792678,0.7413043,7,True
2022-08-29,TSLA,282.8299865722656,287.739990234375,280.70001220703125,284.82000732421875,284.82000732421875,41864700,-0.21707077,0.7556535,11,True
2022-08-30,AAPL,162.1300048828125,162.55999755859375,157.72000122070312,158.91000366210938,155.86476135253906,77906200,-0.20938927,0.5731687,16,True
2022-08-30,MSFT,266.6700134277344,267.04998779296875,260.6600036621094,262.9700012207031,254.97232055664062,22767100,-0.24336341,0.43157268,9,True
2022-08-30,NVDA,15.960000038146973,16.038999557495117,15.182000160217285,15.468000411987305,15.425175666809082,530181000,-0.37856996,0.43956986,4,True
2022-08-30,TSLA,287.8699951171875,288.4800109863281,272.6499938964844,277.70001220703125,277.70001220703125,50541800,-0.007046145,0.57944906,13,True
2022-08-31,AAPL,160.30999755859375,160.5800018310547,157.13999938964844,157.22000122070312,154.2071075439453,87991100,-0.7744377,0.36849016,7,True
2022-08-31,MSFT,265.3900146484375,267.1099853515625,261.3299865722656,261.4700012207031,253.51788330078125,24791800,-0.76150894,0.41995698,5,True
2022-08-31,NVDA,15.383999824523926,15.539999961853027,14.958999633789062,15.093999862670898,15.05221176147461,573710000,-0.9690127,0.0,1,True
2022-08-31,TSLA,280.6199951171875,281.25,271.80999755859375,275.6099853515625,275.6099853515625,52107300,-0.34565118,0.48682246,11,True
2022-09-01,AAPL,156.63999938964844,158.4199981689453,154.6699981689453,157.9600067138672,154.9329376220703,74229900,-0.15760012,0.6008084,10,True
2022-09-01,MSFT,258.8699951171875,260.8900146484375,255.41000366210938,260.3999938964844,252.4803924560547,23263400,-0.013220131,0.6104702,4,True
2022-09-01,NVDA,14.208999633789062,14.380000114440918,13.270000457763672,13.937000274658203,13.898415565490723,1178865000,-0.38084182,0.6682514,12,True
2022-09-01,TSLA,272.5799865722656,277.5799865722656,266.1499938964844,277.1600036621094,277.1600036621094,54287000,0.08672482,0.788278,3,True
2022-09-02,AAPL,159.75,160.36000061035156,154.97000122070312,155.80999755859375,152.82412719726562,76957800,-0.22797792,0.6141846,6,True
2022-09-02,MSFT,261.70001220703125,264.739990234375,254.47000122070312,256.05999755859375,248.2724151611328,22855400,0.34917554,0.39819396,3,True
2022-09-02,NVDA,14.100000381469727,14.170999526977539,13.590999603271484,13.647000312805176,13.609216690063477,743157000,-0.2693158,0.7271008,11,True
2022-09-02,TSLA,281.07000732421875,282.3500061035156,269.0799865722656,270.2099914550781,270.2099914550781,50890100,-0.11370656,0.7801375,8,True
2022-09-06,AAPL,156.47000122070312,157.08999633789062,153.69000244140625,154.52999877929688,151.5686798095703,73714800,-0.19761012,0.59126276,13,True
2022-09-06,MSFT,256.20001220703125,257.8299865722656,251.94000244140625,253.25,245.5478973388672,21328200,-0.7224084,0.22108781,4,True
2022-09-06,NVDA,13.730999946594238,13.779000282287598,13.35099983215332,13.46500015258789,13.427719116210938,535751000,0.15682349,0.6420166,3,True
2022-09-06,TSLA,272.67999267578125,275.989990234375,265.739990234375,274.4200134277344,274.4200134277344,55860000,-0.17648928,0.5893518,12,True
2022-09-07,AAPL,154.82000732421875,156.6699981689453,153.61000061035156,155.9600067138672,152.97128295898438,87449600,-0.41260526,0.5681992,16,True
2022-09-07,MSFT,254.6999969482422,258.8299865722656,253.22000122070312,258.0899963378906,250.2406463623047,24126700,-0.45327562,0.51458544,8,True
2022-09-07,NVDA,13.562999725341797,13.838000297546387,13.345999717712402,13.71399974822998,13.680093765258789,512657000,0.037887253,0.10729836,2,True
2022-09-07,TSLA,273.1000061035156,283.8399963378906,272.2699890136719,283.70001220703125,283.70001220703125,50028900,-0.29283953,0.52726394,11,True
2022-09-08,AAPL,154.63999938964844,156.36000061035156,152.67999267578125,154.4600067138672,151.50006103515625,84923800,-0.44368893,0.5949218,14,True
2022-09-08,MSFT,257.510009765625,260.42999267578125,254.7899932861328,258.5199890136719,250.6575927734375,20319900,-0.25759804,0.7781701,6,True
2022-09-08,NVDA,13.458999633789062,14.008000373840332,13.369000434875488,13.989999771118164,13.955414772033691,624873000,0.1826564,0.58781,4,True
2022-09-08,TSLA,281.29998779296875,289.5,279.760009765625,289.260009765625,289.260009765625,53713100,-0.10832358,0.716057,11,True
2022-09-09,AAPL,155.47000122070312,157.82000732421875,154.75,157.3699951171875,154.35423278808594,68028800,-0.10963467,0.58879226,13,True
2022-09-09,MSFT,260.5,265.2300109863281,260.2900085449219,264.4599914550781,256.4169006347656,22084700,-0.13249713,0.5153451,6,True
2022-09-09,NVDA,14.156999588012695,14.473999977111816,14.12600040435791,14.38700008392334,14.351431846618652,486612000,-0.3775871,0.5513925,4,True
2022-09-09,TSLA,291.6700134277344,299.8500061035156,291.25,299.67999267578125,299.67999267578125,54338100,0.15198518,0.5569012,11,True
2022-09-12,AAPL,159.58999633789062,164.25999450683594,159.3000030517578,163.42999267578125,160.2981414794922,104956000,-0.06970339,0.6845826,12,True
2022-09-12,MSFT,265.7799987792969,267.45001220703125,265.1600036621094,266.6499938964844,258.540283203125,18747700,-0.16737027,0.8288528,3,True
2022-09-12,NVDA,14.369000434875488,14.54699993133545,14.197999954223633,14.505000114440918,14.469139099121094,484159000,-0.34287542,0.806605,4,True
2022-09-12,TSLA,300.7200012207031,305.489990234375,300.3999938964844,304.4200134277344,304.4200134277344,48674600,0.335227,0.6735818,10,True
2022-09-13,AAPL,159.89999389648438,160.5399932861328,153.3699951171875,153.83999633789062,150.8919219970703,122656600,-0.0009326093,0.78559226,17,True
2022-09-13,MSFT,258.8399963378906,260.3999938964844,251.58999633789062,251.99000549316406,244.3262176513672,33353300,-0.36153492,0.7415026,6,True
2022-09-13,NVDA,13.802000045776367,13.92199993133545,13.098999977111816,13.130999565124512,13.098539352416992,714956000,-0.24472703,0.65512174,7,True
2022-09-13,TSLA,292.8999938964844,297.3999938964844,290.3999938964844,292.1300048828125,292.1300048828125,68229600,-0.092091575,0.50642025,10,True
2022-09-14,AAPL,154.7899932861328,157.10000610351562,153.61000061035156,155.30999755859375,152.33372497558594,87965400,-0.5386767,0.6520965,17,True
2022-09-14,MSFT,253.52999877929688,254.22999572753906,249.86000061035156,252.22000122070312,244.5491943359375,23913000,-0.18584725,0.8312564,10,True
2022-09-14,NVDA,13.253999710083008,13.289999961853027,12.913000106811523,13.128000259399414,13.095545768737793,588507000,-0.34548658,0.88379514,4,True
2022-09-14,TSLA,292.239990234375,306.0,291.6400146484375,302.6099853515625,302.6099853515625,72628700,-0.45470992,0.35668406,10,True
2022-09-15,AAPL,154.64999389648438,155.24000549316406,151.3800048828125,152.3699951171875,149.4500732421875,90481100,-0.05692495,0.62915796,11,True
2022-09-15,MSFT,249.77000427246094,251.39999389648438,244.02000427246094,245.3800048828125,237.917236328125,31530900,0.51784927,0.4338802,3,True
2022-09-15,NVDA,13.015000343322754,13.232999801635742,12.789999961853027,12.928999900817871,12.897035598754883,523625000,0.28482082,0.5965657,6,True
2022-09-15,TSLA,301.8299865722656,309.1199951171875,300.7200012207031,303.75,303.75,64795500,-0.30926314,0.7989993,11,True
2022-09-16,AAPL,151.2100067138672,151.35000610351562,148.3699951171875,150.6999969482422,147.8120880126953,162278800,-0.1205331,0.69284654,11,True
2022-09-16,MSFT,244.25999450683594,245.3000030517578,242.05999755859375,244.74000549316406,237.2966766357422,39791800,-0.48746645,0.78053164,4,True
2022-09-16,NVDA,12.741999626159668,13.211999893188477,12.616999626159668,13.197999954223633,13.165372848510742,670751000,-0.15105368,0.8013117,3,True
2022-09-16,TSLA,299.6099853515625,303.7099914550781,295.6000061035156,303.3500061035156,303.3500061035156,87087800,-0.111105524,0.6401706,9,True
2022-09-19,AAPL,149.30999755859375,154.55999755859375,149.10000610351562,154.47999572753906,151.51962280273438,81474200,-0.0076914486,0.6259186,11,True
2022-09-19,MSFT,242.47000122070312,245.13999938964844,240.85000610351562,244.52000427246094,237.08335876464844,26826900,-0.3451607,0.2839616,4,True
2022-09-19,NVDA,13.01200008392334,13.463000297546387,13.010000228881836,13.381999969482422,13.348915100097656,569685000,0.043468997,0.11519214,2,True
2022-09-19,TSLA,300.0899963378906,309.8399963378906,297.79998779296875,309.07000732421875,309.07000732421875,60231200,0.027103875,0.3722977,9,True
2022-09-20,AAPL,153.39999389648438,158.0800018310547,153.0800018310547,156.89999389648438,153.89329528808594,107689800,0.26315627,0.45909393,12,True
2022-09-20,MSFT,242.07000732421875,243.50999450683594,239.63999938964844,242.4499969482422,235.07635498046875,26660300,-0.15307325,0.65414,4,True
2022-09-20,NVDA,13.21500015258789,13.482999801635742,13.057000160217285,13.175999641418457,13.143426895141602,524818000,-0.029813075,0.70822835,5,True
2022-09-20,TSLA,306.9100036621094,313.3299865722656,305.5799865722656,308.7300109863281,308.7300109863281,61642800,-0.108801946,0.45990473,9,True
2022-09-21,AAPL,157.33999633789062,158.74000549316406,153.60000610351562,153.72000122070312,150.77423095703125,101696800,-0.014229178,0.78449476,9,True
2022-09-21,MSFT,244.27000427246094,247.66000366210938,238.89999389648438,238.9499969482422,231.68280029296875,28625600,0.01186909,0.7302892,7,True
2022-09-21,NVDA,13.213000297546387,14.031000137329102,13.109999656677246,13.26099967956543,13.228214263916016,807679000,0.029475681,0.765792,9,True
2022-09-21,TSLA,308.2900085449219,313.79998779296875,300.6300048828125,300.79998779296875,300.79998779296875,62555700,-0.015055665,0.6694562,11,True
2022-09-22,AAPL,152.3800048828125,154.47000122070312,150.91000366210938,152.74000549316406,149.81301879882812,86652500,-0.23488122,0.68924904,12,True
2022-09-22,MSFT,237.8699951171875,243.86000061035156,237.57000732421875,240.97999572753906,233.65103149414062,31061200,0.14074928,0.68782705,11,True
2022-09-22,NVDA,13.069999694824219,13.14900016784668,12.428000450134277,12.560999870300293,12.529948234558105,759162000,-0.20459259,0.62923974,3,True
2022-09-22,TSLA,299.8599853515625,301.2900085449219,285.82000732421875,288.5899963378906,288.5899963378906,70545400,-0.012103107,0.6608167,9,True
2022-09-23,AAPL,151.19000244140625,151.47000122070312,148.55999755859375,150.42999267578125,147.54722595214844,96029900,-0.29972494,0.696116,9,True
2022-09-23,MSFT,239.5399932861328,241.1300048828125,235.1999969482422,237.9199981689453,230.68411254882812,34176000,-0.27936655,0.48502588,4,True
2022-09-23,NVDA,12.420000076293945,12.611000061035156,12.256999969482422,12.515999794006348,12.485057830810547,663309000,-0.5196925,0.54138345,4,True
2022-09-23,TSLA,283.0899963378906,284.5,272.82000732421875,275.3299865722656,275.3299865722656,63748400,-0.23125213,0.71102047,11,True
2022-09-26,AAPL,149.66000366210938,153.77000427246094,149.63999938964844,150.77000427246094,147.88076782226562,93339400,-0.0874532,0.75271755,11,True
2022-09-26,MSFT,237.0500030517578,241.4499969482422,236.89999389648438,237.4499969482422,230.22842407226562,27694200,0.003721257,0.9276818,3,True
2022-09-26,NVDA,12.491000175476074,12.659000396728516,12.21399974822998,12.227999687194824,12.197769165039062,547343000,0.010842815,0.72946167,4,True
2022-09-26,TSLA,271.8299865722656,284.0899963378906,270.30999755859375,276.010009765625,276.010009765625,58076900,-0.39154646,0.58109456,9,True
2022-09-27,AAPL,152.74000549316406,154.72000122070312,149.9499969482422,151.75999450683594,148.85174560546875,84442700,-0.1647382,0.58697194,9,True
2022-09-27,MSFT,239.97999572753906,241.8000030517578,234.5,236.41000366210938,229.2200469970703,27018700,0.37580687,0.4923678,4,True
2022-09-27,NVDA,12.506999969482422,12.736000061035156,12.258000373840332,12.413000106811523,12.38231086730957,553854000,-0.21264048,0.7739591,5,True
2022-09-27,TSLA,283.8399963378906,288.6700134277344,277.510009765625,282.94000244140625,282.94000244140625,61925200,0.062290955,0.5575447,11,True
2022-09-28,AAPL,147.63999938964844,150.63999938964844,144.83999633789062,149.83999633789062,146.96856689453125,146691400,-0.56527793,0.5995845,13,True
2022-09-28,MSFT,236.80999755859375,242.3300018310547,234.72999572753906,241.07000732421875,233.73831176757812,29029700,-0.27944142,0.73555803,5,True
2022-09-28,NVDA,12.40999984741211,12.822999954223633,12.354000091552734,12.736000061035156,12.704513549804688,542414000,0.8682767,0.0807497,2,True
2022-09-28,TSLA,283.0799865722656,289.0,277.57000732421875,287.80999755859375,287.80999755859375,54664800,-0.091950275,0.5414123,9,True
2022-09-29,AAPL,146.10000610351562,146.72000122070312,140.67999267578125,142.47999572753906,139.74957275390625,128138200,-0.30443946,0.71477914,16,True
2022-09-29,MSFT,238.88999938964844,239.9499969482422,234.41000366210938,237.5,230.2769012451172,27484200,-0.44632936,0.7112731,5,True
2022-09-29,NVDA,12.447999954223633,12.5,11.946000099182129,12.220000267028809,12.189789772033691,532763000,-0.6781198,0.4098578,2,True
2022-09-29,TSLA,282.760009765625,283.6499938964844,265.7799987792969,268.2099914550781,268.2099914550781,77620600,-0.4779603,0.5606851,10,True
2022-09-30,AAPL,141.27999877929688,143.10000610351562,138.0,138.1999969482422,135.55165100097656,124925300,-0.5637831,0.59906614,11,True
2022-09-30,MSFT,238.2899932861328,240.5399932861328,232.72999572753906,232.89999389648438,225.81675720214844,35694800,-0.08258451,0.54001653,10,True
2022-09-30,NVDA,12.086999893188477,12.633000373840332,12.074999809265137,12.138999938964844,12.108988761901855,565638000,-0.4264029,0.73675835,5,True
2022-09-30,TSLA,266.1499938964844,275.57000732421875,262.4700012207031,265.25,265.25,67726600,-0.54039294,0.5022294,9,True
2022-10-03,AAPL,138.2100067138672,143.07000732421875,137.69000244140625,142.4499969482422,139.72018432617188,114311700,0.022083588,0.74810624,17,True
2022-10-03,MSFT,235.41000366210938,241.61000061035156,234.66000366210938,240.74000549316406,233.41835021972656,28880400,0.28645542,0.6991857,10,True
2022-10-03,NVDA,12.347000122070312,12.678000450134277,12.104999542236328,12.51200008392334,12.481067657470703,547478000,0.33975714,0.7304461,5,True
2022-10-03,TSLA,254.5,255.16000366210938,241.00999450683594,242.39999389648438,242.39999389648438,98363500,0.26522636,0.67993885,18,True
2022-10-04,AAPL,145.02999877929688,146.22000122070312,144.25999450683594,146.10000610351562,143.30027770996094,87830100,0.060416654,0.6499417,12,True
2022-10-04,MSFT,245.08999633789062,250.36000061035156,244.97999572753906,248.8800048828125,241.31077575683594,34888400,-0.023712873,0.6047016,5,True
2022-10-04,NVDA,12.878999710083008,13.220000267028809,12.878999710083008,13.166999816894531,13.134448051452637,584182000,0.15349577,0.64230645,6,True
2022-10-04,TSLA,250.52000427246094,257.5,242.00999450683594,249.44000244140625,249.44000244140625,109578500,-0.14450425,0.6010377,13,True
2022-10-05,AAPL,144.07000732421875,147.3800048828125,143.00999450683594,146.39999389648438,143.594482421875,79471000,0.3182054,0.7908391,12,True
2022-10-05,MSFT,245.99000549316406,250.5800018310547,244.10000610351562,249.1999969482422,241.6210479736328,20347100,-0.2006279,0.72131443,4,True
2022-10-05,NVDA,12.91100025177002,13.321000099182129,12.621000289916992,13.208999633789062,13.176344871520996,507131000,-0.6962412,0.2435015,4,True
2022-10-05,TSLA,245.00999450683594,246.6699981689453,233.27000427246094,240.80999755859375,240.80999755859375,86982700,-0.19802855,0.5925633,12,True
2022-10-06,AAPL,145.80999755859375,147.5399932861328,145.22000122070312,145.42999267578125,142.64309692382812,68402200,-0.07633925,0.6108457,12,True
2022-10-06,MSFT,247.92999267578125,250.33999633789062,246.0800018310547,246.7899932861328,239.2843475341797,20239900,-0.68820995,0.24944058,4,True
2022-10-06,NVDA,13.220000267028809,13.656000137329102,13.102999687194824,13.130000114440918,13.097541809082031,644157000,-0.6955949,0.38513365,2,True
2022-10-06,TSLA,239.44000244140625,244.5800018310547,235.35000610351562,238.1300048828125,238.1300048828125,69298400,-0.1369409,0.6430273,9,True
2022-10-07,AAPL,142.5399932861328,143.10000610351562,139.4499969482422,140.08999633789062,137.40538024902344,85925600,-0.32309934,0.7234476,11,True
2022-10-07,MSFT,240.89999389648438,241.32000732421875,233.1699981689453,234.24000549316406,227.1160125732422,37769600,-0.74378276,0.3538591,6,True
2022-10-07,NVDA,12.505000114440918,12.670000076293945,12.022000312805176,12.076000213623047,12.046143531799316,672478000,-0.6631239,0.4290699,5,True
2022-10-07,TSLA,233.94000244140625,234.57000732421875,222.02000427246094,223.07000732421875,223.07000732421875,83916800,-0.37963304,0.43832052,11,True
2022-10-10,AAPL,140.4199981689453,141.88999938964844,138.57000732421875,140.4199981689453,137.7290802001953,74899000,-0.314661,0.7001807,13,True
2022-10-10,MSFT,233.0500030517578,234.55999755859375,226.72999572753906,229.25,222.2777862548828,29743600,-0.21839023,0.76690906,11,True
2022-10-10,NVDA,12.036999702453613,12.12399959564209,11.407999992370605,11.670000076293945,11.64115047454834,698699000,-0.5753884,0.62605906,8,True
2022-10-10,TSLA,223.92999267578125,226.99000549316406,218.36000061035156,222.9600067138672,222.9600067138672,67925000,-0.23797369,0.54529405,15,True
2022-10-11,AAPL,139.89999389648438,141.35000610351562,138.22000122070312,138.97999572753906,136.3166961669922,77033700,-0.41524282,0.62826276,17,True
2022-10-11,MSFT,227.6199951171875,229.05999755859375,224.11000061035156,225.41000366210938,218.5545654296875,30474000,-0.0017317235,0.81882906,4,True
2022-10-11,NVDA,11.560999870300293,11.845999717712402,11.282999992370605,11.586000442504883,11.557357788085938,667482000,-0.83551425,0.20474729,10,True
2022-10-11,TSLA,220.9499969482422,225.75,215.0,216.5,216.5,77013200,-0.29723075,0.45575622,12,True
2022-10-12,AAPL,139.1300048828125,140.36000061035156,138.16000366210938,138.33999633789062,135.68894958496094,70433700,0.2152647,0.5117417,13,True
2022-10-12,MSFT,225.39999389648438,227.86000061035156,223.9600067138672,225.75,218.8842315673828,21903900,-0.20655364,0.60198456,11,True
2022-10-12,NVDA,11.579000473022461,11.734999656677246,11.345000267028809,11.5,11.471569061279297,492590000,-0.14762823,0.756818,5,True
2022-10-12,TSLA,215.3300018310547,219.3000030517578,211.50999450683594,217.24000549316406,217.24000549316406,66860700,-0.1335974,0.4571519,10,True
2022-10-13,AAPL,134.99000549316406,143.58999633789062,134.3699951171875,142.99000549316406,140.24986267089844,113224000,-0.083183154,0.714838,11,True
2022-10-13,MSFT,219.85000610351562,236.10000610351562,219.1300048828125,234.24000549316406,227.1160125732422,42551800,-0.39534464,0.61948234,10,True
2022-10-13,NVDA,10.970999717712402,12.07800006866455,10.812999725341797,11.960000038146973,11.930434226989746,850103000,0.24952759,0.58894205,4,True
2022-10-13,TSLA,208.3000030517578,222.99000549316406,206.22000122070312,221.72000122070312,221.72000122070312,91483000,0.03777897,0.4673795,8,True
2022-10-14,AAPL,144.30999755859375,144.52000427246094,138.19000244140625,138.3800048828125,135.72821044921875,88598000,-0.10594251,0.6121557,12,True
2022-10-14,MSFT,235.5399932861328,237.24000549316406,228.33999633789062,228.55999755859375,221.6087646484375,30198600,-0.37783295,0.69905317,8,True
2022-10-14,NVDA,12.057000160217285,12.111000061035156,11.204000473022461,11.22700023651123,11.19924545288086,713432000,-0.27548987,0.6087882,3,True
2022-10-14,TSLA,224.00999450683594,226.25999450683594,204.16000366210938,204.99000549316406,204.99000549316406,94124500,-0.5615494,0.5260444,15,True
2022-10-17,AAPL,141.07000732421875,142.89999389648438,140.27000427246094,142.41000366210938,139.68092346191406,85250900,-0.18133505,0.65471184,14,True
2022-10-17,MSFT,235.82000732421875,238.9600067138672,235.13999938964844,237.52999877929688,230.3059539794922,28142300,0.18167894,0.5856786,7,True
2022-10-17,NVDA,11.517999649047852,11.947999954223633,11.517000198364258,11.887999534606934,11.858610153198242,580774000,0.046334427,0.7856075,3,True
2022-10-17,TSLA,210.0399932861328,221.86000061035156,209.4499969482422,219.35000610351562,219.35000610351562,79428800,-0.34599176,0.422045,10,True
2022-10-18,AAPL,145.49000549316406,146.6999969482422,140.61000061035156,143.75,140.99526977539062,99136600,-0.08754317,0.47166532,12,True
2022-10-18,MSFT,243.24000549316406,243.92999267578125,235.3699951171875,238.5,231.2464599609375,26329600,-0.10082209,0.770922,10,True
2022-10-18,NVDA,12.343999862670898,12.491999626159668,11.618000030517578,11.967000007629395,11.937413215637207,659362000,-0.4294319,0.49092373,3,True
2022-10-18,TSLA,229.5,229.82000732421875,217.25,220.19000244140625,220.19000244140625,75891900,-0.010059734,0.647932,12,True
2022-10-19,AAPL,141.69000244140625,144.9499969482422,141.5,143.86000061035156,141.10317993164062,61758300,-0.07407502,0.5637844,9,True
2022-10-19,MSFT,237.0399932861328,239.61000061035156,234.2899932861328,236.47999572753906,229.28790283203125,19985700,-0.27795163,0.7069278,5,True
2022-10-19,NVDA,11.878999710083008,12.350000381469727,11.833999633789062,12.050999641418457,12.021206855773926,523131000,0.38435206,0.70332885,3,True
2022-10-19,TSLA,219.8000030517578,222.92999267578125,217.77999877929688,222.0399932861328,222.0399932861328,66571500,0.1728214,0.64974517,12,True
2022-10-20,AAPL,143.02000427246094,145.88999938964844,142.64999389648438,143.38999938964844,140.6422119140625,64522000,-0.15595798,0.7177328,12,True
2022-10-20,MSFT,235.77000427246094,241.30999755859375,234.8699951171875,236.14999389648438,228.96792602539062,21811000,-0.27552637,0.830476,9,True
2022-10-20,NVDA,12.11299991607666,12.769000053405762,12.104999542236328,12.194000244140625,12.163853645324707,652398000,0.438393,0.673699,2,True
2022-10-20,TSLA,208.27999877929688,215.5500030517578,202.0,207.27999877929688,207.27999877929688,117798100,-0.5086221,0.7238157,11,True
2022-10-21,AAPL,142.8699951171875,147.85000610351562,142.64999389648438,147.27000427246094,144.4478302001953,86548600,-0.47332823,0.44894552,11,True
2022-10-21,MSFT,234.74000549316406,243.0,234.5,242.1199951171875,234.7563934326172,26299700,-0.6393046,0.30871236,6,True
2022-10-21,NVDA,12.097999572753906,12.498000144958496,11.88700008392334,12.465999603271484,12.435181617736816,609494000,-0.2521288,0.31463912,3,True
2022-10-21,TSLA,206.4199981689453,214.66000366210938,203.8000030517578,214.44000244140625,214.44000244140625,75713800,-0.43743277,0.54825026,17,True
2022-10-24,AAPL,147.19000244140625,150.22999572753906,146.0,149.4499969482422,146.58604431152344,75981900,-0.2763493,0.6000594,12,True
2022-10-24,MSFT,243.75999450683594,247.83999633789062,241.3000030517578,247.25,239.73036193847656,24911200,-0.34479016,0.4607236,8,True
2022-10-24,NVDA,12.508000373840332,12.710000038146973,12.064000129699707,12.598999977111816,12.567852973937988,517457000,-0.8789538,0.06375883,4,True
2022-10-24,TSLA,205.82000732421875,213.5,198.58999633789062,211.25,211.25,100446800,-0.43464538,0.6008686,14,True
2022-10-25,AAPL,150.08999633789062,152.49000549316406,149.36000061035156,152.33999633789062,149.42062377929688,74732300,0.10174823,0.6750401,12,True
2022-10-25,MSFT,247.25999450683594,251.0399932861328,245.8300018310547,250.66000366210938,243.03665161132812,34775500,0.2851459,0.6784356,13,True
2022-10-25,NVDA,12.694000244140625,13.300000190734863,12.663999557495117,13.26099967956543,13.228214263916016,505482000,0.03851375,0.7697472,3,True
2022-10-25,TSLA,210.10000610351562,224.35000610351562,210.0,222.4199981689453,222.4199981689453,96507900,-0.22944815,0.6423158,15,True
2022-10-26,AAPL,150.9600067138672,151.99000549316406,148.0399932861328,149.35000610351562,146.4879608154297,88194300,-0.35437334,0.6801416,16,True
2022-10-26,MSFT,231.1699981689453,238.3000030517578,230.05999755859375,231.32000732421875,224.2848663330078,82543200,-0.30807984,0.744254,18,True
2022-10-26,NVDA,12.869000434875488,13.387999534606934,12.708000183105469,12.895999908447266,12.864117622375488,532953000,-0.012279533,0.94196993,3,True
2022-10-26,TSLA,219.39999389648438,230.60000610351562,218.1999969482422,224.63999938964844,224.63999938964844,85012500,-0.22303797,0.63487184,15,True
2022-10-27,AAPL,148.07000732421875,149.0500030517578,144.1300048828125,144.8000030517578,142.025146484375,109180200,-0.45142347,0.7276231,20,True
2022-10-27,MSFT,231.0399932861328,233.69000244140625,225.77999877929688,226.75,219.8538055419922,40424600,-0.2857076,0.81411296,12,True
2022-10-27,NVDA,13.630000114440918,13.838000297546387,13.121999740600586,13.175999641418457,13.143426895141602,583113000,0.058194466,0.1360171,2,True
2022-10-27,TSLA,229.77000427246094,233.80999755859375,222.85000610351562,225.08999633789062,225.08999633789062,61638800,-0.1821183,0.70134586,12,True
2022-10-28,AAPL,148.1999969482422,157.5,147.82000732421875,155.74000549316406,152.75552368164062,164762400,-0.0026847422,0.91453207,16,True
2022-10-28,MSFT,226.24000549316406,236.60000610351562,226.0500030517578,235.8699951171875,228.6964569091797,40647700,-0.76606965,0.29752046,3,True
2022-10-28,NVDA,13.104000091552734,13.850000381469727,13.060999870300293,13.833999633789062,13.799798011779785,521040000,-0.022315234,1.3264235,2,True
2022-10-28,TSLA,225.39999389648438,228.86000061035156,216.35000610351562,228.52000427246094,228.52000427246094,69152400,-0.14235769,0.61925936,11,True
2022-10-31,AAPL,153.16000366210938,154.24000549316406,151.9199981689453,153.33999633789062,150.40151977539062,97943200,0.024522588,0.6997249,12,True
2022-10-31,MSFT,233.75999450683594,234.9199981689453,231.14999389648438,232.1300048828125,225.0701904296875,28357300,0.115973204,0.3766287,3,True
2022-10-31,NVDA,13.777999877929688,13.838000297546387,13.29699993133545,13.496999740600586,13.463630676269531,486341000,-0.24987672,0.88714314,4,True
2022-10-31,TSLA,226.19000244140625,229.85000610351562,221.94000244140625,227.5399932861328,227.5399932861328,61554300,-0.38211688,0.53739005,10,True
2022-11-01,AAPL,155.0800018310547,155.4499969482422,149.1300048828125,150.64999389648438,147.76304626464844,80379300,-0.15731028,0.786162,8,True
2022-11-01,MSFT,234.60000610351562,235.74000549316406,227.3300018310547,228.1699981689453,221.23062133789062,30592300,-0.15498845,0.9742767,3,True
2022-11-01,NVDA,13.810999870300293,13.925000190734863,13.519000053405762,13.543000221252441,13.50951862335205,432817000,0.2537072,0.9573823,2,True
2022-11-01,TSLA,234.0500030517578,237.39999389648438,227.27999877929688,227.82000732421875,227.82000732421875,62688800,0.35153762,0.5531499,15,True
2022-11-02,AAPL,148.9499969482422,152.1699981689453,145.0,145.02999877929688,142.250732421875,93604600,-0.2688688,0.74809587,13,True
2022-11-02,MSFT,229.4600067138672,231.3000030517578,220.0399932861328,220.10000610351562,213.40606689453125,38407000,-0.41412303,0.4336306,8,True
2022-11-02,NVDA,13.850000381469727,14.210000038146973,13.211000442504883,13.218999862670898,13.186317443847656,672628000,-0.54891944,0.4767551,3,True
2022-11-02,TSLA,226.0399932861328,227.8699951171875,214.82000732421875,214.97999572753906,214.97999572753906,63070300,-0.33198476,0.57357246,14,True
2022-11-03,AAPL,142.05999755859375,142.8000030517578,138.75,138.8800048828125,136.21856689453125,97918500,-0.48234907,0.74084413,10,True
2022-11-03,MSFT,220.08999633789062,220.41000366210938,213.97999572753906,214.25,207.7340087890625,36633900,-0.37904713,0.51216525,4,True
2022-11-03,NVDA,13.043000221252441,13.781000137329102,12.956000328063965,13.420999526977539,13.38782024383545,500065000,-0.02470694,0.0,1,True
2022-11-03,TSLA,211.36000061035156,221.1999969482422,210.13999938964844,215.30999755859375,215.30999755859375,56538800,-0.12003907,0.59403753,12,True
2022-11-04,AAPL,142.08999633789062,142.6699981689453,134.3800048828125,138.3800048828125,135.95335388183594,140814800,-0.5073792,0.49155828,13,True
2022-11-04,MSFT,217.5500030517578,221.58999633789062,213.42999267578125,221.38999938964844,214.65682983398438,36789100,-0.21634358,0.6606409,6,True
2022-11-04,NVDA,13.986000061035156,14.229000091552734,13.696999549865723,14.156000137329102,14.121003150939941,612576000,0.22404644,0.4925952,4,True
2022-11-04,TSLA,222.60000610351562,223.8000030517578,203.0800018310547,207.47000122070312,207.47000122070312,98622200,-0.22682251,0.7614264,11,True
2022-11-07,AAPL,137.11000061035156,139.14999389648438,135.6699981689453,138.9199981689453,136.48387145996094,83374600,-0.38145354,0.57983404,13,True
2022-11-07,MSFT,221.99000549316406,228.41000366210938,221.27999877929688,227.8699951171875,220.93975830078125,33498000,0.16632287,0.3069544,5,True
2022-11-07,NVDA,14.227999687194824,14.411999702453613,13.954000473022461,14.300999641418457,14.265643119812012,410061000,0.0,0.0,0,False
2022-11-07,TSLA,208.64999389648438,208.89999389648438,196.66000366210938,197.0800018310547,197.0800018310547,93916500,-0.5083167,0.4515201,14,True
2022-11-08,AAPL,140.41000366210938,141.42999267578125,137.49000549316406,139.5,137.05369567871094,89908500,-0.42677265,0.44408196,10,True
2022-11-08,MSFT,228.6999969482422,231.64999389648438,225.83999633789062,228.8699951171875,221.90931701660156,28192500,0.12046188,0.5561311,4,True
2022-11-08,NVDA,14.800999641418457,14.890999794006348,14.215999603271484,14.60200023651123,14.565899848937988,595292000,0.17344062,0.67614007,7,True
2022-11-08,TSLA,194.02000427246094,195.1999969482422,186.75,191.3000030517578,191.3000030517578,128803400,-0.41826588,0.6386431,14,True
2022-11-09,AAPL,138.5,138.5500030517578,134.58999633789062,134.8699951171875,132.50486755371094,74917800,-0.36434194,0.66132903,15,True
2022-11-09,MSFT,227.3699951171875,228.6300048828125,224.3300018310547,224.50999450683594,217.6819610595703,27852900,-0.42453483,0.5521949,9,True
2022-11-09,NVDA,14.161999702453613,14.211000442504883,13.758999824523926,13.776000022888184,13.741943359375,454414000,-0.6379248,0.41617984,4,True
2022-11-09,TSLA,190.77999877929688,195.88999938964844,177.1199951171875,177.58999633789062,177.58999633789062,127062700,-0.62984526,0.45301896,11,True
2022-11-10,AAPL,141.24000549316406,146.8699951171875,139.5,146.8699951171875,144.29444885253906,118854000,-0.034411058,0.7261611,15,True
2022-11-10,MSFT,235.42999267578125,243.3300018310547,235.0,242.97999572753906,235.59022521972656,46268000,0.44066134,0.44235548,5,True
2022-11-10,NVDA,14.800000190734863,15.77299976348877,14.54699993133545,15.75,15.711063385009766,700819000,0.25320196,0.88483626,3,True
2022-11-10,TSLA,189.89999389648438,191.0,180.02999877929688,190.72000122070312,190.72000122070312,132703000,-0.49616423,0.5580946,16,True
2022-11-11,AAPL,145.82000732421875,150.00999450683594,144.3699951171875,149.6999969482422,147.07484436035156,93979700,0.086522855,0.6188222,12,True
2022-11-11,MSFT,242.99000549316406,247.99000549316406,241.92999267578125,247.11000061035156,239.5946044921875,34620200,0.144576,0.59286076,12,True
2022-11-11,NVDA,15.807000160217285,16.388999938964844,15.482000350952148,16.32699966430664,16.286632537841797,655487000,0.07701592,0.64282024,11,True
2022-11-11,TSLA,186.0,196.52000427246094,182.58999633789062,195.97000122070312,195.97000122070312,114403600,0.14315388,0.6623329,16,True
2022-11-14,AAPL,148.97000122070312,150.27999877929688,147.42999267578125,148.27999877929688,145.67971801757812,73374100,0.061849304,0.55679584,16,True
2022-11-14,MSFT,241.99000549316406,243.91000366210938,239.2100067138672,241.5500030517578,234.20372009277344,31123300,-0.2550301,0.5837244,6,True
2022-11-14,NVDA,16.218000411987305,16.540000915527344,15.92199993133545,16.295000076293945,16.254714965820312,527852000,-0.21679176,0.21305144,3,True
2022-11-14,TSLA,192.77000427246094,195.72999572753906,186.33999633789062,190.9499969482422,190.9499969482422,92226600,-0.2928483,0.6946234,13,True
2022-11-15,AAPL,152.22000122070312,153.58999633789062,148.55999755859375,150.0399932861328,147.40884399414062,89868300,0.39811182,0.56299555,12,True
2022-11-15,MSFT,245.66000366210938,247.0,240.02999877929688,241.97000122070312,234.61093139648438,31390100,0.066419385,0.75205076,8,True
2022-11-15,NVDA,16.722000122070312,16.99799919128418,16.381999969482422,16.666000366210938,16.624797821044922,545876000,0.14128985,0.62275475,6,True
2022-11-15,TSLA,195.8800048828125,200.82000732421875,192.05999755859375,194.4199981689453,194.4199981689453,91293800,-0.3400833,0.48192662,10,True
2022-11-16,AAPL,149.1300048828125,149.8699951171875,147.2899932861328,148.7899932861328,146.18077087402344,64218300,0.08336853,0.6019794,11,True
2022-11-16,MSFT,242.7899932861328,243.8000030517578,240.4199981689453,241.72999572753906,235.03871154785156,24093300,0.060317386,0.7043567,6,True
2022-11-16,NVDA,16.16200065612793,16.36199951171875,15.873000144958496,15.90999984741211,15.870668411254883,649547000,-0.16618392,0.75311923,10,True
2022-11-16,TSLA,191.50999450683594,192.57000732421875,185.66000366210938,186.9199981689453,186.9199981689453,66567600,-0.22128455,0.68918467,10,True
2022-11-17,AAPL,146.42999267578125,151.47999572753906,146.14999389648438,150.72000122070312,148.076904296875,80389400,-0.10288356,0.5336941,9,True
2022-11-17,MSFT,237.77999877929688,243.25,237.6300048828125,241.67999267578125,234.99012756347656,23123500,-0.1385159,0.69812715,7,True
2022-11-17,NVDA,15.71500015258789,16.266000747680664,15.53499984741211,15.677000045776367,15.6382417678833,710894000,-0.39600074,0.6287294,10,True
2022-11-17,TSLA,183.9600067138672,186.16000366210938,180.89999389648438,183.1699981689453,183.1699981689453,64336000,-0.48562518,0.5432503,12,True
2022-11-18,AAPL,152.30999755859375,152.6999969482422,149.97000122070312,151.2899932861328,148.63693237304688,74829600,-0.3812194,0.39942384,8,True
2022-11-18,MSFT,243.50999450683594,243.74000549316406,239.02999877929688,241.22000122070312,234.54287719726562,27613500,-0.18837206,0.43481934,3,True
2022-11-18,NVDA,15.965999603271484,16.00200080871582,15.119999885559082,15.409000396728516,15.370906829833984,492072000,-0.3508041,0.41843122,7,True
2022-11-18,TSLA,185.0500030517578,185.19000244140625,176.5500030517578,180.19000244140625,180.19000244140625,76048900,-0.43912363,0.5963563,8,True
2022-11-21,AAPL,150.16000366210938,150.3699951171875,147.72000122070312,148.00999450683594,145.41445922851562,58724100,-0.022600492,0.60697126,14,True
2022-11-21,MSFT,241.42999267578125,244.6699981689453,241.19000244140625,242.0500030517578,235.3498992919922,26394700,-0.09229707,0.71868914,6,True
2022-11-21,NVDA,15.147000312805176,15.47700023651123,15.079999923706055,15.317000389099121,15.279133796691895,404739000,0.16970125,0.6123543,5,True
2022-11-21,TSLA,175.85000610351562,176.77000427246094,167.5399932861328,167.8699951171875,167.8699951171875,92882700,-0.3916069,0.43391383,14,True
2022-11-22,AAPL,148.1300048828125,150.4199981689453,146.92999267578125,150.17999267578125,147.54635620117188,51804100,-0.37383515,0.65892994,10,True
2022-11-22,MSFT,243.58999633789062,245.30999755859375,240.7100067138672,245.02999877929688,238.2473907470703,19665700,0.12607244,0.9005701,4,True
2022-11-22,NVDA,15.32800006866455,16.058000564575195,15.121999740600586,16.038000106811523,15.998350143432617,472866000,-0.8769824,0.0,1,True
2022-11-22,TSLA,168.6300048828125,170.9199981689453,166.19000244140625,169.91000366210938,169.91000366210938,78452300,-0.46604443,0.5907869,11,True
2022-11-23,AAPL,149.4499969482422,151.8300018310547,149.33999633789062,151.07000732421875,148.42074584960938,58301400,-0.16122812,0.5894772,12,True
2022-11-23,MSFT,245.11000061035156,248.27999877929688,244.27000427246094,247.5800018310547,240.726806640625,19508500,-0.14271167,0.6371287,5,True
2022-11-23,NVDA,16.097999572753906,16.527000427246094,16.04800033569336,16.518999099731445,16.478160858154297,427241000,-0.4816699,0.4099513,4,True
2022-11-23,TSLA,173.57000732421875,183.6199951171875,172.5,183.1999969482422,183.1999969482422,109536700,0.028528849,0.6498141,15,True
2022-11-25,AAPL,148.30999755859375,148.8800048828125,147.1199951171875,148.11000061035156,145.5127410888672,35195900,-0.39160812,0.6350228,8,True
2022-11-25,MSFT,247.30999755859375,248.6999969482422,246.72999572753906,247.49000549316406,240.6393280029297,9200800,-0.8740141,0.104726136,3,True
2022-11-25,NVDA,16.31800079345703,16.48699951171875,16.172000885009766,16.270000457763672,16.22977638244629,167934000,-0.12987527,0.0,1,True
2022-11-25,TSLA,185.05999755859375,185.1999969482422,180.6300048828125,182.86000061035156,182.86000061035156,50672700,-0.21608892,0.7591588,10,True
2022-11-28,AAPL,145.13999938964844,146.63999938964844,143.3800048828125,144.22000122070312,141.69094848632812,69246000,-0.4946426,0.5093501,17,True
2022-11-28,MSFT,246.0800018310547,246.64999389648438,240.8000030517578,241.75999450683594,235.0679473876953,24778200,0.3056848,0.37907568,5,True
2022-11-28,NVDA,16.025999069213867,16.35700035095215,15.725000381469727,15.82699966430664,15.787870407104492,303741000,-0.037984144,0.0,1,True
2022-11-28,TSLA,179.9600067138672,188.5,179.0,182.9199981689453,182.9199981689453,92905200,-0.2685815,0.6154649,14,True
2022-11-29,AAPL,144.2899932861328,144.80999755859375,140.35000610351562,141.1699981689453,138.69439697265625,83763800,-0.34879124,0.6470562,12,True
2022-11-29,MSFT,241.39999389648438,242.7899932861328,238.2100067138672,240.3300018310547,233.6775360107422,17956300,-0.564768,0.47406906,3,True
2022-11-29,NVDA,15.82699966430664,15.932000160217285,15.520000457763672,15.638999938964844,15.600337028503418,298384000,0.225345,0.37240365,2,True
2022-11-29,TSLA,184.99000549316406,186.3800048828125,178.75,180.8300018310547,180.8300018310547,83357100,-0.46074286,0.45871374,10,True
2022-11-30,AAPL,141.39999389648438,148.72000122070312,140.5500030517578,148.02999877929688,145.43409729003906,111380900,-0.2793545,0.7393821,13,True
2022-11-30,MSFT,240.57000732421875,255.3300018310547,239.86000061035156,255.13999938964844,248.07754516601562,47594200,-0.85160196,0.03497864,2,True
2022-11-30,NVDA,15.696999549865723,16.93000030517578,15.597000122070312,16.92300033569336,16.885480880737305,565298000,-0.45982862,0.5965782,2,True
2022-11-30,TSLA,182.42999267578125,194.75999450683594,180.6300048828125,194.6999969482422,194.6999969482422,109186400,-0.32577306,0.61887074,11,True
2022-12-01,AAPL,148.2100067138672,149.1300048828125,146.61000061035156,148.30999755859375,145.70919799804688,71250400,-0.19787523,0.5633412,13,True
2022-12-01,MSFT,253.8699951171875,256.1199951171875,250.9199981689453,254.69000244140625,247.63999938964844,26041500,0.2869656,0.4396645,5,True
2022-12-01,NVDA,16.999000549316406,17.264999389648438,16.635000228881836,17.135000228881836,17.09701156616211,470977000,0.012263258,0.8769633,3,True
2022-12-01,TSLA,197.0800018310547,198.9199981689453,191.8000030517578,194.6999969482422,194.6999969482422,80046200,0.3122813,0.5387903,13,True
2022-12-02,AAPL,145.9600067138672,148.0,145.64999389648438,147.80999755859375,145.2179718017578,65447400,-0.6454913,0.395591,10,True
2022-12-02,MSFT,249.82000732421875,256.05999755859375,249.69000244140625,255.02000427246094,247.9608612060547,21528500,-0.33367568,0.7664036,4,True
2022-12-02,NVDA,16.659000396728516,16.933000564575195,16.44499969482422,16.875999450683594,16.83858299255371,371389000,-0.037984144,0.0,1,True
2022-12-02,TSLA,191.77999877929688,196.25,191.11000061035156,194.86000061035156,194.86000061035156,73645900,-0.18064465,0.64006513,11,True
2022-12-05,AAPL,147.77000427246094,150.9199981689453,145.77000427246094,146.6300048828125,144.05870056152344,68826400,-0.2880547,0.577272,12,True
2022-12-05,MSFT,252.00999450683594,253.82000732421875,248.05999755859375,250.1999969482422,243.2742919921875,23435300,-0.063709535,0.27512473,7,True
2022-12-05,NVDA,16.679000854492188,16.9950008392334,16.472000122070312,16.610000610351562,16.57317543029785,352255000,-0.01859299,0.61751354,7,True
2022-12-05,TSLA,189.44000244140625,191.27000427246094,180.5500030517578,182.4499969482422,182.4499969482422,93122700,-0.115487956,0.5945745,12,True
2022-12-06,AAPL,147.07000732421875,147.3000030517578,141.9199981689453,142.91000366210938,140.40391540527344,64727200,-0.12185502,0.7130895,12,True
2022-12-06,MSFT,250.82000732421875,251.86000061035156,243.77999877929688,245.1199951171875,238.3349151611328,22463700,-0.14537965,0.47513753,11,True
2022-12-06,NVDA,16.530000686645508,16.572999954223633,15.819000244140625,15.987000465393066,15.951556205749512,352694000,-0.10619327,0.9040618,3,True
2022-12-06,TSLA,181.22000122070312,183.64999389648438,175.3300018310547,179.82000732421875,179.82000732421875,92150800,-0.15506202,0.5441999,11,True
2022-12-07,AAPL,142.19000244140625,143.3699951171875,140.0,140.94000244140625,138.46847534179688,69721100,-0.079374656,0.8648141,13,True
2022-12-07,MSFT,244.8300018310547,246.16000366210938,242.2100067138672,244.3699951171875,237.6056671142578,20481500,0.20082308,0.6345951,6,True
2022-12-07,NVDA,15.772000312805176,16.18600082397461,15.666999816894531,16.1200008392334,16.084260940551758,372388000,0.10327004,0.7948867,4,True
2022-12-07,TSLA,175.02999877929688,179.3800048828125,172.22000122070312,174.0399932861328,174.0399932861328,84213300,-0.089825176,0.6153893,12,True
2022-12-08,AAPL,142.36000061035156,143.52000427246094,141.10000610351562,142.64999389648438,140.14846801757812,62128300,-0.09254296,0.7083068,10,True
2022-12-08,MSFT,244.83999633789062,248.74000549316406,243.05999755859375,247.39999389648438,240.55177307128906,22611800,0.27001035,0.65465593,7,True
2022-12-08,NVDA,16.273000717163086,17.179000854492188,15.958999633789062,17.16900062561035,17.130935668945312,515456000,-0.16720134,0.36212775,2,True
2022-12-08,TSLA,172.1999969482422,175.1999969482422,169.05999755859375,173.44000244140625,173.44000244140625,97624500,-0.4154941,0.57769054,12,True
2022-12-09,AAPL,142.33999633789062,145.57000732421875,140.89999389648438,142.16000366210938,139.6670379638672,76097000,-0.022548543,0.68829215,8,True
2022-12-09,MSFT,244.6999969482422,248.30999755859375,244.16000366210938,245.4199981689453,238.62660217285156,20609700,-0.6077315,0.43207404,5,True
2022-12-09,NVDA,17.15999984741211,17.58300018310547,16.975000381469727,17.000999450683594,16.963306427001953,465338000,0.098370574,0.83187175,5,True
2022-12-09,TSLA,173.83999633789062,182.5,173.36000061035156,179.0500030517578,179.0500030517578,104872300,-0.4048872,0.64813226,10,True
2022-12-12,AAPL,142.6999969482422,144.5,141.05999755859375,144.49000549316406,141.95619201660156,70462700,-0.32535225,0.54871994,11,True
2022-12-12,MSFT,247.4499969482422,252.5399932861328,247.1699981689453,252.50999450683594,245.52029418945312,30665100,-0.3026973,0.6431842,9,True
2022-12-12,NVDA,17.03700065612793,17.538000106811523,16.797000885009766,17.53499984741211,17.496126174926758,457328000,-0.21314533,0.24771534,2,True
2022-12-12,TSLA,176.10000610351562,177.3699951171875,167.52000427246094,167.82000732421875,167.82000732421875,109794500,-0.5399454,0.5188708,11,True
2022-12-13,AAPL,149.5,149.97000122070312,144.24000549316406,145.47000122070312,142.91900634765625,93886200,-0.07035734,0.48343658,11,True
2022-12-13,MSFT,261.69000244140625,263.9200134277344,253.07000732421875,256.9200134277344,249.80828857421875,42196900,-0.17571056,0.40039134,5,True
2022-12-13,NVDA,18.5310001373291,18.790000915527344,17.711000442504883,18.07200050354004,18.03193473815918,656589000,0.28093886,0.45102525,2,True
2022-12-13,TSLA,174.8699951171875,175.0500030517578,156.91000366210938,160.9499969482422,160.9499969482422,175862700,-0.2523149,0.6498544,12,True
2022-12-14,AAPL,145.35000610351562,146.66000366210938,141.16000366210938,143.2100067138672,140.69863891601562,82291200,0.04929949,0.540312,7,True
2022-12-14,MSFT,257.1300048828125,262.5899963378906,254.30999755859375,257.2200012207031,250.09996032714844,35410900,-0.15141045,0.61391795,6,True
2022-12-14,NVDA,17.98699951171875,18.25200080871582,17.420000076293945,17.673999786376953,17.634817123413086,496888000,-0.50127447,0.6551914,2,True
2022-12-14,TSLA,159.25,161.6199951171875,155.30999755859375,156.8000030517578,156.8000030517578,140682300,-0.48168886,0.5034828,13,True
2022-12-15,AAPL,141.11000061035156,141.8000030517578,136.02999877929688,136.5,134.10629272460938,98931900,-0.34008244,0.49174476,12,True
2022-12-15,MSFT,253.72000122070312,254.1999969482422,247.33999633789062,249.00999450683594,242.11724853515625,35560400,-0.07415411,0.67046845,9,True
2022-12-15,NVDA,17.145999908447266,17.31999969482422,16.700000762939453,16.95199966430664,16.914413452148438,478542000,-0.27305153,0.86250603,4,True
2022-12-15,TSLA,153.44000244140625,160.92999267578125,153.27999877929688,157.6699981689453,157.6699981689453,122334500,-0.49917692,0.381728,13,True
2022-12-16,AAPL,136.69000244140625,137.64999389648438,133.72999572753906,134.50999450683594,132.15118408203125,160156900,-0.1412902,0.68877715,8,True
2022-12-16,MSFT,248.5500030517578,249.83999633789062,243.50999450683594,244.69000244140625,237.91680908203125,86102000,-0.17253517,0.6818245,6,True
2022-12-16,NVDA,16.86400032043457,17.041000366210938,16.40999984741211,16.570999145507812,16.53426170349121,478232000,-0.037984144,0.0,1,True
2022-12-16,TSLA,159.63999938964844,160.99000549316406,150.0399932861328,150.22999572753906,150.22999572753906,139032200,-0.5923957,0.42168283,12,True
2022-12-19,AAPL,135.11000061035156,135.1999969482422,131.32000732421875,132.3699951171875,130.04872131347656,79592600,-0.26691946,0.6411615,12,True
2022-12-19,MSFT,244.86000061035156,245.2100067138672,238.7100067138672,240.4499969482422,233.79417419433594,29696400,-0.33191413,0.7030266,5,True
2022-12-19,NVDA,16.57200050354004,16.608999252319336,16.145000457763672,16.253999710083008,16.217960357666016,354039000,-0.1636015,0.9115139,3,True
2022-12-19,TSLA,154.0,155.25,145.82000732421875,149.8699951171875,149.8699951171875,139390600,-0.4860161,0.5579029,15,True
2022-12-20,AAPL,131.38999938964844,133.25,129.88999938964844,132.3000030517578,129.97996520996094,77432800,-0.5119725,0.4895412,12,True
2022-12-20,MSFT,239.39999389648438,242.91000366210938,238.4199981689453,241.8000030517578,235.10679626464844,25150800,-0.18642746,0.8294617,4,True
2022-12-20,NVDA,16.06399917602539,16.309999465942383,15.85200023651123,16.084999084472656,16.049341201782227,403260000,-0.093319856,0.08253144,3,True
2022-12-20,TSLA,146.0500030517578,148.47000122070312,137.66000366210938,137.8000030517578,137.8000030517578,159563300,-0.5315816,0.5227858,12,True
2022-12-21,AAPL,132.97999572753906,136.80999755859375,132.75,135.4499969482422,133.07472229003906,85928000,-0.23112969,0.53727657,7,True
2022-12-21,MSFT,241.69000244140625,245.6199951171875,240.11000061035156,244.42999267578125,237.6639862060547,23690600,-0.5415442,0.42958292,6,True
2022-12-21,NVDA,16.11400032043457,16.62700080871582,16.101999282836914,16.500999450683594,16.464412689208984,325025000,0.0,0.0,0,False
2022-12-21,TSLA,139.33999633789062,141.25999450683594,135.88999938964844,137.57000732421875,137.57000732421875,145417400,-0.30914614,0.56339025,13,True
2022-12-22,AAPL,134.35000610351562,134.55999755859375,130.3000030517578,132.22999572753906,129.9111785888672,77852100,-0.03982973,0.79473305,11,True
2022-12-22,MSFT,241.25999450683594,241.99000549316406,233.8699951171875,238.19000244140625,231.5967254638672,28651700,-0.360979,0.6497073,6,True
2022-12-22,NVDA,16.0939998626709,16.13800048828125,14.881999969482422,15.33899974822998,15.304993629455566,565045000,0.05637735,0.7912687,4,True
2022-12-22,TSLA,136.0,136.6300048828125,122.26000213623047,125.3499984741211,125.3499984741211,210090300,-0.28680608,0.7335555,11,True
2022-12-23,AAPL,130.9199981689453,132.4199981689453,129.63999938964844,131.86000061035156,129.54766845703125,63814900,-0.40052748,0.6499398,6,True
2022-12-23,MSFT,236.11000061035156,238.8699951171875,233.94000244140625,238.72999572753906,232.1217498779297,21207000,-0.25277603,0.6850927,5,True
2022-12-23,NVDA,15.196000099182129,15.33899974822998,14.883000373840332,15.206000328063965,15.172287940979004,349326000,0.2838251,0.455107,2,True
2022-12-23,TSLA,126.37000274658203,128.6199951171875,121.0199966430664,123.1500015258789,123.1500015258789,166989700,-0.45819286,0.6467701,12,True
2022-12-27,AAPL,131.3800048828125,131.41000366210938,128.72000122070312,130.02999877929688,127.7497787475586,69007800,-0.45288616,0.45800948,14,True
2022-12-27,MSFT,238.6999969482422,238.92999267578125,235.8300018310547,236.9600067138672,230.40078735351562,16688600,0.12409842,0.12907636,3,True
2022-12-27,NVDA,15.074000358581543,15.100000381469727,14.055999755859375,14.121000289916992,14.089694023132324,464902000,-0.6924417,0.3806743,2,True
2022-12-27,TSLA,117.5,119.66999816894531,108.76000213623047,109.0999984741211,109.0999984741211,208643400,-0.5112067,0.6093161,11,True
2022-12-28,AAPL,129.6699981689453,131.02999877929688,125.87000274658203,126.04000091552734,123.82974243164062,85438400,-0.0444458,0.73477405,10,True
2022-12-28,MSFT,236.88999938964844,239.72000122070312,234.1699981689453,234.52999877929688,228.03805541992188,17457100,0.0,0.0,0,False
2022-12-28,NVDA,13.927000045776367,14.26200008392334,13.883999824523926,14.03600025177002,14.00487995147705,351066000,-0.6813222,0.43216905,4,True
2022-12-28,TSLA,110.3499984741211,116.2699966430664,108.23999786376953,112.70999908447266,112.70999908447266,221070500,-0.19970863,0.74035215,15,True
2022-12-29,AAPL,127.98999786376953,130.47999572753906,127.7300033569336,129.61000061035156,127.33712768554688,75703700,0.015551001,0.84689075,10,True
2022-12-29,MSFT,235.64999389648438,241.9199981689453,235.64999389648438,241.00999450683594,234.33865356445312,19770700,-0.09560491,0.6513286,5,True
2022-12-29,NVDA,14.402000427246094,14.682999610900879,14.22700023651123,14.602999687194824,14.570625305175781,354923000,-0.50129193,0.6552161,2,True
2022-12-29,TSLA,120.38999938964844,123.56999969482422,117.5,121.81999969482422,121.81999969482422,221923300,-0.31957185,0.7434413,13,True
2022-12-30,AAPL,128.41000366210938,129.9499969482422,127.43000030517578,129.92999267578125,127.65152740478516,77034200,-0.07147876,0.8205884,6,True
2022-12-30,MSFT,238.2100067138672,239.9600067138672,236.66000366210938,239.82000732421875,233.18161010742188,21938500,0.35793924,0.2705723,2,True
2022-12-30,NVDA,14.333999633789062,14.628999710083008,14.232999801635742,14.61400032043457,14.581600189208984,310490000,0.0,0.0,0,False
2022-12-30,TSLA,119.94999694824219,124.4800033569336,119.75,123.18000030517578,123.18000030517578,157777300,-0.15526323,0.68325216,14,True
2023-01-03,AAPL,130.27999877929688,130.89999389648438,124.16999816894531,125.06999969482422,122.87673950195312,112117500,-0.12225098,0.58714235,13,True
2023-01-03,MSFT,243.0800018310547,245.75,237.39999389648438,239.5800018310547,232.94825744628906,25740000,-0.06777921,0.7399782,4,True
2023-01-03,NVDA,14.85099983215332,14.996000289916992,14.095999717712402,14.3149995803833,14.283260345458984,401277000,-0.056458667,0.7438997,4,True
2023-01-03,TSLA,118.47000122070312,118.80000305175781,104.63999938964844,108.0999984741211,108.0999984741211,231402800,-0.3646562,0.63359094,17,True
2023-01-04,AAPL,126.88999938964844,128.66000366210938,125.08000183105469,126.36000061035156,124.14413452148438,89113600,-0.24761885,0.7417246,12,True
2023-01-04,MSFT,232.27999877929688,232.8699951171875,225.9600067138672,229.10000610351562,222.7583770751953,50623400,-0.23979355,0.72729266,11,True
2023-01-04,NVDA,14.567000389099121,14.852999687194824,14.241000175476074,14.74899959564209,14.716300964355469,431324000,0.3903402,0.7181338,6,True
2023-01-04,TSLA,109.11000061035156,114.58999633789062,107.5199966430664,113.63999938964844,113.63999938964844,180389000,-0.21814048,0.6605495,17,True
2023-01-05,AAPL,127.12999725341797,127.7699966430664,124.76000213623047,125.0199966430664,122.82760620117188,80962700,-0.1268521,0.70176435,16,True
2023-01-05,MSFT,227.1999969482422,227.5500030517578,221.75999450683594,222.30999755859375,216.15631103515625,39585600,0.0075604883,0.6080332,9,True
2023-01-05,NVDA,14.491000175476074,14.564000129699707,14.14799976348877,14.265000343322754,14.233372688293457,389168000,-0.037984144,0.0,1,True
2023-01-05,TSLA,110.51000213623047,111.75,107.16000366210938,110.33999633789062,110.33999633789062,157986300,-0.12232976,0.67201763,10,True
2023-01-06,AAPL,126.01000213623047,130.2899932861328,124.88999938964844,129.6199951171875,127.34695434570312,87754700,-0.29818872,0.6618263,7,True
2023-01-06,MSFT,223.0,225.75999450683594,219.35000610351562,224.92999267578125,218.70375061035156,43613600,-0.28854385,0.4090274,6,True
2023-01-06,NVDA,14.473999977111816,15.010000228881836,14.034000396728516,14.859000205993652,14.826056480407715,405044000,-0.49936697,0.0,1,True
2023-01-06,TSLA,103.0,114.38999938964844,101.80999755859375,113.05999755859375,113.05999755859375,220911100,-0.549962,0.5065457,11,True
2023-01-09,AAPL,130.47000122070312,133.41000366210938,129.88999938964844,130.14999389648438,127.86760711669922,70790800,0.024615962,0.5827264,14,True
2023-01-09,MSFT,226.4499969482422,231.24000549316406,226.41000366210938,227.1199951171875,220.83319091796875,27369800,0.13362795,0.57795894,9,True
2023-01-09,NVDA,15.284000396728516,16.055999755859375,15.140999794006348,15.628000259399414,15.593354225158691,504231000,0.29880473,0.36292922,4,True
2023-01-09,TSLA,118.95999908447266,123.5199966430664,117.11000061035156,119.7699966430664,119.7699966430664,190284000,-0.112706445,0.56250566,16,True
2023-01-10,AAPL,130.25999450683594,131.25999450683594,128.1199951171875,130.72999572753906,128.43748474121094,63896200,-0.2688348,0.62970155,12,True
2023-01-10,MSFT,227.75999450683594,231.30999755859375,227.3300018310547,228.85000610351562,222.51527404785156,27033900,-0.37780145,0.45032334,8,True
2023-01-10,NVDA,15.506999969482422,15.961999893188477,15.472000122070312,15.909000396728516,15.873727798461914,384101000,-0.48730457,0.63371617,2,True
2023-01-10,TSLA,121.06999969482422,122.76000213623047,114.91999816894531,118.8499984741211,118.8499984741211,167642500,-0.29531693,0.6301296,10,True
2023-01-11,AAPL,131.25,133.50999450683594,130.4600067138672,133.49000549316406,131.14910888671875,69458900,-0.61448765,0.4762076,12,True
2023-01-11,MSFT,231.2899932861328,235.9499969482422,231.11000061035156,235.77000427246094,229.2437286376953,28669300,-0.19144823,0.86340016,6,True
2023-01-11,NVDA,15.84000015258789,16.027999877929688,15.562999725341797,16.000999450683594,15.965523719787598,353285000,-0.43155065,0.6460923,5,True
2023-01-11,TSLA,122.08999633789062,125.94999694824219,120.51000213623047,123.22000122070312,123.22000122070312,183810800,-0.15918213,0.8252077,12,True
2023-01-12,AAPL,133.8800048828125,134.25999450683594,131.44000244140625,133.41000366210938,131.0705108642578,71379600,-0.102198996,0.6201638,9,True
2023-01-12,MSFT,235.25999450683594,239.89999389648438,233.55999755859375,238.50999450683594,231.9078826904297,27269500,-0.85238147,0.08604425,4,True
2023-01-12,NVDA,16.100000381469727,16.636999130249023,15.491999626159668,16.51099967956543,16.474393844604492,551409000,-0.74191815,0.21812834,3,True
2023-01-12,TSLA,122.55999755859375,124.12999725341797,117.0,123.55999755859375,123.55999755859375,169400900,-0.44220662,0.72547364,7,True
2023-01-13,AAPL,132.02999877929688,134.9199981689453,131.66000366210938,134.75999450683594,132.3968048095703,57809700,-0.42324528,0.36281037,5,True
2023-01-13,MSFT,237.0,239.3699951171875,234.9199981689453,239.22999572753906,232.60797119140625,21333300,-0.1689114,0.61557966,8,True
2023-01-13,NVDA,16.277999877929688,16.922000885009766,16.165000915527344,16.89900016784668,16.86153793334961,447287000,-0.3194249,0.5107523,7,True
2023-01-13,TSLA,116.55000305175781,122.62999725341797,115.5999984741211,122.4000015258789,122.4000015258789,180714100,-0.3011732,0.6232004,12,True
2023-01-17,AAPL,134.8300018310547,137.2899932861328,134.1300048828125,135.94000244140625,133.55615234375,63646600,0.09002371,0.50942343,10,True
2023-01-17,MSFT,237.97000122070312,240.91000366210938,237.08999633789062,240.35000610351562,233.6969451904297,29831300,-0.24327375,0.6832439,8,True
2023-01-17,NVDA,16.89900016784668,17.72800064086914,16.89900016784668,17.70199966430664,17.66275405883789,511102000,-0.15202536,0.960643,3,True
2023-01-17,TSLA,125.69999694824219,131.6999969482422,125.0199966430664,131.49000549316406,131.49000549316406,186477000,-0.09737458,0.5639622,12,True
2023-01-18,AAPL,136.82000732421875,138.61000061035156,135.02999877929688,135.2100067138672,132.8389129638672,69672800,0.15365514,0.5898414,10,True
2023-01-18,MSFT,241.57000732421875,242.3800048828125,235.52000427246094,235.80999755859375,229.28260803222656,30028700,-0.41867676,0.6912207,7,True
2023-01-18,NVDA,17.66699981689453,17.87299919128418,17.281999588012695,17.37700080871582,17.338476181030273,439624000,-0.6401105,0.0,1,True
2023-01-18,TSLA,136.55999755859375,136.67999267578125,127.01000213623047,128.77999877929688,128.77999877929688,195680300,-0.263035,0.8338652,10,True
2023-01-19,AAPL,134.0800018310547,136.25,133.77000427246094,135.27000427246094,132.8978729248047,58280400,-0.23276941,0.72886354,10,True
2023-01-19,MSFT,233.77999877929688,235.52000427246094,230.67999267578125,231.92999267578125,225.51002502441406,28623000,-0.65001833,0.45599622,11,True
2023-01-19,NVDA,17.035999298095703,17.19700050354004,16.731000900268555,16.764999389648438,16.727827072143555,452932000,-0.9609404,0.0,1,True
2023-01-19,TSLA,127.26000213623047,129.99000549316406,124.30999755859375,127.16999816894531,127.16999816894531,170291900,-0.3179122,0.80226344,12,True
2023-01-20,AAPL,135.27999877929688,138.02000427246094,134.22000122070312,137.8699951171875,135.45228576660156,80223600,-0.107324444,0.70442235,7,True
2023-01-20,MSFT,234.86000061035156,240.74000549316406,234.50999450683594,240.22000122070312,233.57054138183594,35389800,-0.39343864,0.63300705,10,True
2023-01-20,NVDA,17.01099967956543,17.856000900268555,16.825000762939453,17.839000701904297,17.799449920654297,564967000,-0.4788755,0.4797006,4,True
2023-01-20,TSLA,128.67999267578125,133.50999450683594,127.3499984741211,133.4199981689453,133.4199981689453,138858100,-0.35347003,0.7809402,11,True
2023-01-23,AAPL,138.1199951171875,143.32000732421875,137.89999389648438,141.11000061035156,138.63548278808594,81760300,0.022038082,0.5779544,8,True
2023-01-23,MSFT,241.10000610351562,245.1699981689453,239.64999389648438,242.5800018310547,235.86521911621094,31934000,-0.2555467,0.5675143,13,True
2023-01-23,NVDA,18.06399917602539,19.2450008392334,17.81800079345703,19.19300079345703,19.15045166015625,655163000,-0.9624439,0.0,1,True
2023-01-23,TSLA,135.8699951171875,145.3800048828125,134.27000427246094,143.75,143.75,203119200,0.0117425,0.6531242,11,True
2023-01-24,AAPL,140.30999755859375,143.16000366210938,140.3000030517578,142.52999877929688,140.03057861328125,66435100,0.080039926,0.49744606,11,True
2023-01-24,MSFT,242.5,243.9499969482422,240.44000244140625,242.0399932861328,235.34014892578125,40234400,-0.013179823,0.76561433,11,True
2023-01-24,NVDA,18.82699966430664,19.4950008392334,18.81999969482422,19.264999389648438,19.222286224365234,496204000,-0.06416371,0.0,1,True
2023-01-24,TSLA,143.0,146.5,141.10000610351562,143.88999938964844,143.88999938964844,158699100,-0.14954795,0.57629615,10,True
2023-01-25,AAPL,140.88999938964844,142.42999267578125,138.80999755859375,141.86000061035156,139.372314453125,65799300,0.10963518,0.24909844,7,True
2023-01-25,MSFT,234.47999572753906,243.3000030517578,230.89999389648438,240.61000061035156,233.9497528076172,66526600,-0.476182,0.68801206,16,True
2023-01-25,NVDA,18.913000106811523,19.3700008392334,18.579999923706055,19.322999954223633,19.28015899658203,449537000,0.25334308,0.3893085,3,True
2023-01-25,TSLA,141.91000366210938,146.41000366210938,138.07000732421875,144.42999267578125,144.42999267578125,192734300,-0.2860862,0.7524553,13,True
2023-01-26,AAPL,143.1699981689453,144.25,141.89999389648438,143.9600067138672,141.4355010986328,54105100,-0.24371968,0.30181995,7,True
2023-01-26,MSFT,243.64999389648438,248.30999755859375,242.0,248.0,241.13519287109375,33454500,-0.62050277,0.3974818,9,True
2023-01-26,NVDA,19.701000213623047,20.166000366210938,19.277999877929688,19.802000045776367,19.758094787597656,489535000,-0.42326432,0.0,1,True
2023-01-26,TSLA,159.97000122070312,161.4199981689453,154.75999450683594,160.27000427246094,160.27000427246094,234815100,-0.036236636,0.85199416,15,True
2023-01-27,AAPL,143.16000366210938,147.22999572753906,143.0800018310547,145.92999267578125,143.3708953857422,70555800,-0.33653688,0.6574228,8,True
2023-01-27,MSFT,248.99000549316406,249.8300018310547,246.8300018310547,248.16000366210938,241.290771484375,26498900,-0.4133905,0.44533566,3,True
2023-01-27,NVDA,19.461999893188477,20.628000259399414,19.405000686645508,20.364999771118164,20.319847106933594,542142000,-0.6764968,0.4939727,3,True
2023-01-27,TSLA,162.42999267578125,180.67999267578125,161.1699981689453,177.89999389648438,177.89999389648438,306590600,0.11812557,0.86669606,9,True
2023-01-30,AAPL,144.9600067138672,145.5500030517578,142.85000610351562,143.0,140.49232482910156,64015300,-0.21199751,0.57955784,14,True
2023-01-30,MSFT,244.50999450683594,245.60000610351562,242.1999969482422,242.7100067138672,235.99163818359375,25867400,-0.48859048,0.6014449,5,True
2023-01-30,NVDA,19.950000762939453,20.139999389648438,19.149999618530273,19.16200065612793,19.119518280029297,488611000,-0.60003674,0.3758461,3,True
2023-01-30,TSLA,178.0500030517578,179.77000427246094,166.5,166.66000366210938,166.66000366210938,230878800,-0.30614358,0.71037215,11,True
2023-01-31,AAPL,142.6999969482422,144.33999633789062,142.27999877929688,144.2899932861328,141.7596893310547,65874500,-0.48864943,0.6472431,8,True
2023-01-31,MSFT,243.4499969482422,247.9499969482422,242.9499969482422,247.80999755859375,240.950439453125,26541100,-0.5620987,0.51355416,5,True
2023-01-31,NVDA,19.170000076293945,19.687000274658203,18.950000762939453,19.53700065612793,19.493690490722656,498017000,-0.037984144,0.0,1,True
2023-01-31,TSLA,164.57000732421875,174.3000030517578,162.77999877929688,173.22000122070312,173.22000122070312,196813500,-0.030043025,0.66523594,10,True
2023-02-01,AAPL,143.97000122070312,146.61000061035156,141.32000732421875,145.42999267578125,142.87973022460938,77663600,-0.07287539,0.5347682,9,True
2023-02-01,MSFT,248.0,255.17999267578125,245.47000122070312,252.75,245.75372314453125,31259900,-0.13486348,0.6605603,5,True
2023-02-01,NVDA,19.69099998474121,21.191999435424805,19.611000061035156,20.94300079345703,20.896570205688477,660477000,-0.14856803,0.96952665,3,True
2023-02-01,TSLA,173.88999938964844,183.80999755859375,169.92999267578125,181.41000366210938,181.41000366210938,213806300,-0.085973255,0.7392238,10,True
2023-02-02,AAPL,148.89999389648438,151.17999267578125,148.1699981689453,150.82000732421875,148.17515563964844,118339000,0.18762966,0.6715412,12,True
2023-02-02,MSFT,258.82000732421875,264.69000244140625,257.25,264.6000061035156,257.2756652832031,39940400,0.10098894,0.72580045,7,True
2023-02-02,NVDA,21.0,21.948999404907227,20.700000762939453,21.708999633789062,21.660869598388672,564276000,-0.29912966,0.7658253,2,True
2023-02-02,TSLA,187.3300018310547,196.75,182.61000061035156,188.27000427246094,188.27000427246094,217448300,-0.0010932251,0.6252279,8,True
2023-02-03,AAPL,148.02999877929688,157.3800048828125,147.8300018310547,154.5,151.79066467285156,154357300,-0.17099501,0.5974644,19,True
2023-02-03,MSFT,259.5400085449219,264.20001220703125,257.1000061035156,258.3500061035156,251.1986846923828,29077300,-0.06309893,0.84068406,3,True
2023-02-03,NVDA,21.0,21.7450008392334,20.788999557495117,21.100000381469727,21.053220748901367,429366000,0.18028052,0.0,1,True
2023-02-03,TSLA,183.9499969482422,199.0,183.69000244140625,189.97999572753906,189.97999572753906,232662000,-0.11814865,0.6221443,10,True
2023-02-06,AAPL,152.57000732421875,153.10000610351562,150.77999877929688,151.72999572753906,149.0692596435547,69858300,-0.21568185,0.54575247,11,True
2023-02-06,MSFT,257.44000244140625,258.29998779296875,254.77999877929688,256.7699890136719,249.66241455078125,22518000,-0.10586393,0.74488235,14,True
2023-02-06,NVDA,20.805999755859375,21.56999969482422,20.785999298095703,21.089000701904297,21.042251586914062,452197000,0.49821234,0.4701297,3,True
2023-02-06,TSLA,193.00999450683594,198.1699981689453,189.9199981689453,194.75999450683594,194.75999450683594,186188100,0.36321598,0.655562,8,True
2023-02-07,AAPL,150.63999938964844,155.22999572753906,150.63999938964844,154.64999389648438,151.93801879882812,83322600,-0.3041862,0.5992902,10,True
2023-02-07,MSFT,260.5299987792969,268.7699890136719,260.0799865722656,267.55999755859375,260.1537780761719,50841400,0.14190982,0.58247155,13,True
2023-02-07,NVDA,21.381999969482422,22.259000778198242,21.149999618530273,22.17300033569336,22.123844146728516,664150000,-0.017294737,0.0,1,True
2023-02-07,TSLA,196.42999267578125,197.5,189.5500030517578,196.80999755859375,196.80999755859375,186010300,0.0946761,0.61291325,7,True
2023-02-08,AAPL,153.8800048828125,154.5800018310547,151.1699981689453,151.9199981689453,149.25588989257812,64120100,0.21635331,0.3830518,6,True
2023-02-08,MSFT,273.20001220703125,276.760009765625,266.2099914550781,266.7300109863281,259.34674072265625,54686000,0.10528021,0.55081993,15,True
2023-02-08,NVDA,22.386999130249023,22.878000259399414,22.007999420166016,22.204999923706055,22.1557674407959,559651000,-0.42330608,0.652816,2,True
2023-02-08,TSLA,196.10000610351562,203.0,194.30999755859375,201.2899932861328,201.2899932861328,180673600,0.26732206,0.45956528,8,True
2023-02-09,AAPL,153.77999877929688,154.3300018310547,150.4199981689453,150.8699951171875,148.22430419921875,56007100,-0.12750502,0.72664595,5,True
2023-02-09,MSFT,273.79998779296875,273.9800109863281,262.79998779296875,263.6199951171875,256.3228454589844,42375100,-0.022382846,0.52236557,6,True
2023-02-09,NVDA,22.606000900268555,23.020000457763672,22.1200008392334,22.336999893188477,22.2874813079834,523876000,0.0,0.0,0,False
2023-02-09,TSLA,207.77999877929688,214.0,204.77000427246094,207.32000732421875,207.32000732421875,215431400,-0.22204101,0.77963483,8,True
2023-02-10,AAPL,149.4600067138672,151.33999633789062,149.22000122070312,151.00999450683594,148.58839416503906,57450700,-0.12252789,0.64027107,9,True
2023-02-10,MSFT,261.5299987792969,264.0899963378906,260.6600036621094,263.1000061035156,255.81723022460938,25818500,-0.42426553,0.65620774,7,True
2023-02-10,NVDA,21.690000534057617,22.077999114990234,20.81100082397461,21.264999389648438,21.217853546142578,550737000,0.65149397,0.0,1,True
2023-02-10,TSLA,202.22999572753906,206.1999969482422,192.88999938964844,196.88999938964844,196.88999938964844,204754100,0.047007184,0.53768194,10,True
2023-02-13,AAPL,150.9499969482422,154.25999450683594,150.9199981689453,153.85000610351562,151.38284301757812,62199000,0.05060319,0.5286673,14,True
2023-02-13,MSFT,267.6400146484375,274.6000061035156,267.1499938964844,271.32000732421875,263.8096923828125,44630900,-0.14902677,0.70467156,10,True
2023-02-13,NVDA,21.538000106811523,22.04800033569336,20.961999893188477,21.788000106811523,21.73969078063965,474919000,-0.42326432,0.0,1,True
2023-02-13,TSLA,194.4199981689453,196.3000030517578,187.61000061035156,194.63999938964844,194.63999938964844,172475500,-0.16926879,0.7373804,13,True
2023-02-14,AAPL,152.1199951171875,153.77000427246094,150.86000061035156,153.1999969482422,150.74322509765625,61707600,-0.3712564,0.4475512,10,True
2023-02-14,MSFT,272.6700134277344,274.9700012207031,269.2799987792969,272.1700134277344,264.6361999511719,37047900,-0.10745309,0.7361872,9,True
2023-02-14,NVDA,21.577999114990234,23.048999786376953,21.365999221801758,22.97100067138672,22.920068740844727,675474000,0.8123462,0.16635272,3,True
2023-02-14,TSLA,191.94000244140625,209.82000732421875,189.44000244140625,209.25,209.25,216455700,-0.14019962,0.596801,8,True
2023-02-15,AAPL,153.11000061035156,155.5,152.8800048828125,155.3300018310547,152.83908081054688,65573800,0.17254603,0.5703272,7,True
2023-02-15,MSFT,268.32000732421875,270.7300109863281,266.17999267578125,269.32000732421875,262.52093505859375,28922400,-0.0063765943,0.48553368,4,True
2023-02-15,NVDA,22.548999786376953,22.854999542236328,22.106000900268555,22.763999938964844,22.713529586791992,420575000,0.92518437,0.007716582,2,True
2023-02-15,TSLA,211.75999450683594,214.66000366210938,206.11000061035156,214.24000549316406,214.24000549316406,181006400,0.33537886,0.3978211,13,True
2023-02-16,AAPL,153.50999450683594,156.3300018310547,153.35000610351562,153.7100067138672,151.24505615234375,68167900,-0.24166015,0.6630246,7,True
2023-02-16,MSFT,264.0199890136719,266.739990234375,261.8999938964844,262.1499938964844,255.53192138671875,29603600,-0.31710517,0.4778918,9,True
2023-02-16,NVDA,22.132999420166016,22.549999237060547,21.927000045776367,22.00200080871582,21.953222274780273,412026000,0.0,0.0,0,False
2023-02-16,TSLA,210.77999877929688,217.64999389648438,201.83999633789062,202.0399932861328,202.0399932861328,229586500,0.121425614,0.7780286,10,True
2023-02-17,AAPL,152.35000610351562,153.0,150.85000610351562,152.5500030517578,150.10369873046875,59144100,-0.68869555,0.37782794,4,True
2023-02-17,MSFT,259.3900146484375,260.0899963378906,256.0,258.05999755859375,251.54519653320312,30000100,0.0009367764,0.5955691,7,True
2023-02-17,NVDA,21.631000518798828,21.739999771118164,20.975000381469727,21.38800048828125,21.3405818939209,465888000,-0.19458291,0.9180029,4,True
2023-02-17,TSLA,199.99000549316406,208.44000244140625,197.5,208.30999755859375,208.30999755859375,213738500,-0.5751892,0.58629507,6,True
2023-02-21,AAPL,150.1999969482422,151.3000030517578,148.41000366210938,148.47999572753906,146.09893798828125,58867200,0.094981804,0.54534113,10,True
2023-02-21,MSFT,254.47999572753906,255.49000549316406,251.58999633789062,252.6699981689453,246.29124450683594,28397400,0.0033538714,0.66413456,8,True
2023-02-21,NVDA,21.0,21.493999481201172,20.618000030517578,20.655000686645508,20.60920524597168,410015000,0.10592536,0.76691943,4,True
2023-02-21,TSLA,204.99000549316406,209.7100067138672,197.22000122070312,197.3699951171875,197.3699951171875,180018600,-0.16229223,0.5785881,12,True
2023-02-22,AAPL,148.8699951171875,149.9499969482422,147.16000366210938,148.91000366210938,146.52203369140625,51011300,-0.19909066,0.7879864,9,True
2023-02-22,MSFT,254.08999633789062,254.33999633789062,250.33999633789062,251.50999450683594,245.1605682373047,22491100,-0.20923729,0.70256823,9,True
2023-02-22,NVDA,20.707000732421875,21.104000091552734,20.42099952697754,20.753999710083008,20.70798683166504,513184000,0.19069032,0.7483751,11,True
2023-02-22,TSLA,197.92999267578125,201.99000549316406,191.77999877929688,200.86000061035156,200.86000061035156,191828500,-0.30211368,0.6791469,9,True
2023-02-23,AAPL,150.08999633789062,150.33999633789062,147.24000549316406,149.39999389648438,147.0041961669922,48394200,0.28222376,0.71253717,8,True
2023-02-23,MSFT,255.55999755859375,256.8399963378906,250.47999572753906,254.77000427246094,248.33824157714844,29219100,-0.1272371,0.8723067,4,True
2023-02-23,NVDA,23.440000534057617,23.88800048828125,23.024999618530273,23.663999557495117,23.611536026000977,1117995000,0.33118296,0.7109611,14,True
2023-02-23,TSLA,203.91000366210938,205.13999938964844,196.3300018310547,202.07000732421875,202.07000732421875,146360000,-0.19435221,0.58913916,8,True
2023-02-24,AAPL,147.11000061035156,147.19000244140625,145.72000122070312,146.7100067138672,144.3573455810547,55469600,-0.16189104,0.5526992,10,True
2023-02-24,MSFT,249.9600067138672,251.0,248.10000610351562,249.22000122070312,242.92835998535156,24990900,-0.2926615,0.51787436,7,True
2023-02-24,NVDA,23.225000381469727,23.474000930786133,22.94700050354004,23.285999298095703,23.234371185302734,589716000,-0.91637534,0.012671619,2,True
2023-02-24,TSLA,196.3300018310547,197.6699981689453,192.8000030517578,196.8800048828125,196.8800048828125,142228100,-0.10638578,0.77252364,9,True
2023-02-27,AAPL,147.7100067138672,149.1699981689453,147.4499969482422,147.9199981689453,145.5478973388672,44998500,-0.09695115,0.50088704,12,True
2023-02-27,MSFT,252.4600067138672,252.82000732421875,249.38999938964844,250.16000366210938,243.84461975097656,21190000,0.07783423,0.6195505,9,True
2023-02-27,NVDA,23.670000076293945,23.8799991607666,23.45400047302246,23.500999450683594,23.448898315429688,452994000,0.09165644,0.58456904,6,True
2023-02-27,TSLA,202.02999877929688,209.4199981689453,201.25999450683594,207.6300048828125,207.6300048828125,161028300,-0.27964675,0.68390507,13,True
2023-02-28,AAPL,147.0500030517578,149.0800018310547,146.8300018310547,147.41000366210938,145.04612731933594,50547000,-0.20766786,0.71815395,9,True
2023-02-28,MSFT,249.07000732421875,251.49000549316406,248.72999572753906,249.4199981689453,243.123291015625,22491000,0.19414714,0.40314806,5,True
2023-02-28,NVDA,23.371999740600586,23.825000762939453,23.20599937438965,23.215999603271484,23.164525985717773,455963000,0.34324992,0.72212833,2,True
2023-02-28,TSLA,210.58999633789062,211.22999572753906,203.75,205.7100067138672,205.7100067138672,153144900,0.05939357,0.603343,16,True
2023-03-01,AAPL,146.8300018310547,147.22999572753906,145.00999450683594,145.30999755859375,142.979736328125,55479000,-0.2116549,0.41584,8,True
2023-03-01,MSFT,250.75999450683594,250.92999267578125,245.7899932861328,246.27000427246094,240.0528106689453,27565300,-0.23160252,0.5124366,7,True
2023-03-01,NVDA,23.191999435424805,23.256000518798828,22.507999420166016,22.697999954223633,22.647676467895508,460026000,-0.39358103,0.5601189,9,True
2023-03-01,TSLA,206.2100067138672,207.1999969482422,198.52000427246094,202.77000427246094,202.77000427246094,156852800,-0.24087802,0.6858853,14,True
2023-03-02,AAPL,144.3800048828125,146.7100067138672,143.89999389648438,145.91000366210938,143.57015991210938,52238100,-0.1061264,0.638623,13,True
2023-03-02,MSFT,246.5500030517578,251.39999389648438,245.61000061035156,251.11000061035156,244.7706756591797,24808200,-0.116458476,0.64175767,10,True
2023-03-02,NVDA,22.488000869750977,23.3799991607666,22.43199920654297,23.31399917602539,23.26231575012207,389415000,0.105952434,0.3013048,4,True
2023-03-02,TSLA,186.74000549316406,193.75,186.00999450683594,190.89999389648438,190.89999389648438,181500700,-0.25368556,0.53080654,12,True
2023-03-03,AAPL,148.0399932861328,151.11000061035156,147.3300018310547,151.02999877929688,148.60806274414062,70732300,-0.36330938,0.5290473,8,True
2023-03-03,MSFT,252.19000244140625,255.6199951171875,251.38999938964844,255.2899932861328,248.84512329101562,30760100,-0.61540526,0.3924218,4,True
2023-03-03,NVDA,23.31999969482422,23.899999618530273,23.1299991607666,23.889999389648438,23.8370361328125,412393000,-0.39180723,0.5003814,2,True
2023-03-03,TSLA,194.8000030517578,200.47999572753906,192.8800048828125,197.7899932861328,197.7899932861328,154193300,-0.26785553,0.6226897,14,True
2023-03-06,AAPL,153.7899932861328,156.3000030517578,153.4600067138672,153.8300018310547,151.36314392089844,87558000,-0.009857206,0.5956489,15,True
2023-03-06,MSFT,256.42999267578125,260.1199951171875,255.97999572753906,256.8699951171875,250.38525390625,24109800,0.09040314,0.48773894,6,True
2023-03-06,NVDA,23.891000747680664,24.24799919128418,23.48699951171875,23.554000854492188,23.501781463623047,437429000,0.55780095,0.52062744,3,True
2023-03-06,TSLA,198.5399932861328,198.60000610351562,192.3000030517578,193.80999755859375,193.80999755859375,128100100,-0.028624862,0.6250667,12,True
2023-03-07,AAPL,153.6999969482422,154.02999877929688,151.1300048828125,151.60000610351562,149.16893005371094,56182000,-0.08956629,0.5387544,12,True
2023-03-07,MSFT,256.29998779296875,257.69000244140625,253.38999938964844,254.14999389648438,247.73390197753906,21473200,-0.26155585,0.5121646,8,True
2023-03-07,NVDA,23.600000381469727,24.125,23.240999221801758,23.288000106811523,23.240314483642578,515154000,-0.42326432,0.0,1,True
2023-03-07,TSLA,191.3800048828125,194.1999969482422,186.10000610351562,187.7100067138672,187.7100067138672,148125800,-0.38801214,0.4925579,12,True
2023-03-08,AAPL,152.80999755859375,153.47000122070312,151.8300018310547,152.8699951171875,150.41854858398438,47204800,-0.07284244,0.68912816,6,True
2023-03-08,MSFT,254.0399932861328,254.5399932861328,250.80999755859375,253.6999969482422,247.29527282714844,17340200,0.11551204,0.77435696,3,True
2023-03-08,NVDA,23.48699951171875,24.200000762939453,23.423999786376953,24.180999755859375,24.13149070739746,513573000,0.16661909,1.0879273,2,True
2023-03-08,TSLA,185.0399932861328,186.5,180.0,182.0,182.0,151897800,-0.26846403,0.72138673,13,True
2023-03-09,AAPL,153.55999755859375,154.5399932861328,150.22999572753906,150.58999633789062,148.17507934570312,53833600,-0.31334227,0.708794,10,True
2023-03-09,MSFT,255.82000732421875,259.55999755859375,251.5800018310547,252.32000732421875,245.95010375976562,26653400,0.06384374,0.66221726,8,True
2023-03-09,NVDA,24.174999237060547,24.45400047302246,23.382999420166016,23.43600082397461,23.38801383972168,501257000,-0.20546128,0.72524554,9,True
2023-03-09,TSLA,180.25,185.17999267578125,172.50999450683594,172.9199981689453,172.9199981689453,170023800,-0.31361094,0.5680649,12,True
2023-03-10,AAPL,150.2100067138672,150.94000244140625,147.61000061035156,148.5,146.11865234375,68572400,-0.051153827,0.45363566,10,True
2023-03-10,MSFT,251.0800018310547,252.7899932861328,247.60000610351562,248.58999633789062,242.3142547607422,28333900,-0.60941774,0.4824794,5,True
2023-03-10,NVDA,23.409000396728516,23.62700080871582,22.72599983215332,22.96500015258789,22.917978286743164,474866000,-0.037984144,0.0,1,True
2023-03-10,TSLA,175.1300048828125,178.2899932861328,168.44000244140625,173.44000244140625,173.44000244140625,191488900,-0.3880987,0.51563424,5,True
2023-03-13,AAPL,147.80999755859375,153.13999938964844,147.6999969482422,150.47000122070312,148.05703735351562,84457100,-0.037293904,0.5668272,13,True
2023-03-13,MSFT,247.39999389648438,257.9100036621094,245.72999572753906,253.9199981689453,247.5096893310547,33339700,0.2115447,0.32975757,5,True
2023-03-13,NVDA,22.75200080871582,23.29800033569336,22.297000885009766,22.965999603271484,22.918975830078125,421890000,-0.22430678,0.6062972,3,True
2023-03-13,TSLA,167.4600067138672,177.35000610351562,163.91000366210938,174.47999572753906,174.47999572753906,167790300,-0.28778622,0.6333563,11,True
2023-03-14,AAPL,151.27999877929688,153.39999389648438,150.10000610351562,152.58999633789062,150.1430206298828,73695900,-0.41184726,0.44530064,8,True
2023-03-14,MSFT,256.75,261.07000732421875,255.86000061035156,260.7900085449219,254.206298828125,33620300,-0.10384863,0.60670555,9,True
2023-03-14,NVDA,23.496000289916992,24.2189998626709,23.459999084472656,24.062999725341797,24.01372718811035,474910000,-0.1579898,0.6174915,6,True
2023-03-14,TSLA,177.30999755859375,183.8000030517578,177.13999938964844,183.25999450683594,183.25999450683594,143717900,-0.14075375,0.66704404,10,True
2023-03-15,AAPL,151.19000244140625,153.25,149.9199981689453,152.99000549316406,150.53660583496094,77167900,-0.1326468,0.6343313,8,True
2023-03-15,MSFT,259.9800109863281,266.4800109863281,259.2099914550781,265.44000244140625,258.7388916015625,46028000,-0.1525211,0.4943932,8,True
2023-03-15,NVDA,23.76099967956543,24.285999298095703,23.360000610351562,24.22800064086914,24.178388595581055,524486000,-0.1047379,0.70609087,5,True
2023-03-15,TSLA,180.8000030517578,182.33999633789062,176.02999877929688,180.4499969482422,180.4499969482422,145995600,-0.253366,0.6123328,10,True
2023-03-16,AAPL,152.16000366210938,156.4600067138672,151.63999938964844,155.85000610351562,153.3507537841797,76161100,-0.124280185,0.73053813,11,True
2023-03-16,MSFT,265.2099914550781,276.55999755859375,263.2799987792969,276.20001220703125,269.22723388671875,54768800,-0.297092,0.74796784,15,True
2023-03-16,NVDA,24.027000427246094,25.58799934387207,23.893999099731445,25.541000366210938,25.48870086669922,583253000,-0.083292805,0.82117635,8,True
2023-03-16,TSLA,180.3699951171875,185.80999755859375,178.83999633789062,184.1300048828125,184.1300048828125,121136800,-0.2647898,0.64101756,10,True
2023-03-17,AAPL,156.0800018310547,156.74000549316406,154.27999877929688,155.0,152.51438903808594,98944600,-0.3176106,0.47464573,6,True
2023-03-17,MSFT,278.260009765625,283.3299865722656,276.32000732421875,279.42999267578125,272.375732421875,69527400,0.052534427,0.57066697,8,True
2023-03-17,NVDA,25.98200035095215,26.39900016784668,25.667999267578125,25.725000381469727,25.672327041625977,848547000,0.38265258,0.70430726,7,True
2023-03-17,TSLA,184.52000427246094,186.22000122070312,177.3300018310547,180.1300048828125,180.1300048828125,133197100,-0.2439649,0.5986906,7,True
2023-03-20,AAPL,155.07000732421875,157.82000732421875,154.14999389648438,157.39999389648438,154.8759002685547,73641400,0.18235394,0.28968608,9,True
2023-03-20,MSFT,276.9800109863281,277.4800109863281,269.8500061035156,272.2300109863281,265.35748291015625,43466600,0.24601433,0.31096923,7,True
2023-03-20,NVDA,25.614999771118164,26.02400016784668,25.1299991607666,25.899999618530273,25.846965789794922,432747000,-0.21314533,0.24771534,2,True
2023-03-20,TSLA,178.0800018310547,186.44000244140625,176.35000610351562,183.25,183.25,129684400,-0.077708475,0.4852423,12,True
2023-03-21,AAPL,157.32000732421875,159.39999389648438,156.5399932861328,159.27999877929688,156.7257537841797,73938300,0.16900599,0.51233935,11,True
2023-03-21,MSFT,274.8800048828125,275.0,269.5199890136719,273.7799987792969,266.8683776855469,34558700,-0.14251527,0.47962672,10,True
2023-03-21,NVDA,26.18000030517578,26.392000198364258,25.381000518798828,26.198999404907227,26.145355224609375,547408000,0.044293378,0.56705064,6,True
2023-03-21,TSLA,188.27999877929688,198.0,188.0399932861328,197.5800018310547,197.5800018310547,153391400,-0.11257951,0.7535666,15,True
2023-03-22,AAPL,159.3000030517578,162.13999938964844,157.80999755859375,157.8300018310547,155.29901123046875,75701800,0.19783929,0.3562804,7,True
2023-03-22,MSFT,273.3999938964844,281.0400085449219,272.17999267578125,272.2900085449219,265.41595458984375,34873300,-0.07667203,0.6550197,8,True
2023-03-22,NVDA,26.424999237060547,27.589000701904297,26.23699951171875,26.468000411987305,26.41380500793457,797295000,0.25067595,0.60709876,10,True
2023-03-22,TSLA,199.3000030517578,200.66000366210938,190.9499969482422,191.14999389648438,191.14999389648438,150376400,0.14446992,0.49733675,10,True
2023-03-23,AAPL,158.8300018310547,161.5500030517578,157.67999267578125,158.92999267578125,156.38134765625,67622100,-0.0021643569,0.65465516,13,True
2023-03-23,MSFT,277.94000244140625,281.05999755859375,275.20001220703125,277.6600036621094,270.650390625,36610900,-0.29095346,0.47451952,8,True
2023-03-23,NVDA,27.114999771118164,27.499000549316406,26.690000534057617,27.19099998474121,27.135326385498047,564889000,-0.023659542,0.8793876,4,True
2023-03-23,TSLA,195.25999450683594,199.30999755859375,188.64999389648438,192.22000122070312,192.22000122070312,144193900,-0.44179347,0.5342562,9,True
2023-03-24,AAPL,158.86000061035156,160.33999633789062,157.85000610351562,160.25,157.6802215576172,59196500,-0.047672465,0.47232097,11,True
2023-03-24,MSFT,277.239990234375,280.6300048828125,275.2799987792969,280.57000732421875,273.4869689941406,28172000,-0.08292762,0.62610656,10,True
2023-03-24,NVDA,27.0310001373291,27.16699981689453,26.354999542236328,26.77899932861328,26.724164962768555,454920000,0.13708656,0.9148656,4,True
2023-03-24,TSLA,191.64999389648438,192.36000061035156,187.14999389648438,190.41000366210938,190.41000366210938,116312400,-0.2241404,0.5556243,14,True
2023-03-27,AAPL,159.94000244140625,160.77000427246094,157.8699951171875,158.27999877929688,155.74180603027344,52390300,-0.37111425,0.45297748,12,True
2023-03-27,MSFT,280.5,281.4599914550781,275.5199890136719,276.3800048828125,269.4027099609375,26840200,-0.07722514,0.6569134,11,True
2023-03-27,NVDA,26.836999893188477,27.0,26.364999771118164,26.5310001373291,26.476673126220703,361026000,-0.005299262,0.62315655,7,True
2023-03-27,TSLA,194.4199981689453,197.38999938964844,189.94000244140625,191.80999755859375,191.80999755859375,120851600,-0.027775334,0.44460502,13,True
2023-03-28,AAPL,157.97000122070312,158.49000549316406,155.97999572753906,157.64999389648438,155.12188720703125,45992200,-0.2941149,0.58801615,10,True
2023-03-28,MSFT,275.7900085449219,276.1400146484375,272.04998779296875,275.2300109863281,268.2817077636719,21878600,-0.35726032,0.5766443,17,True
2023-03-28,NVDA,26.44700050354004,26.51300048828125,25.850000381469727,26.40999984741211,26.355926513671875,356104000,-0.81247777,0.22452867,5,True
2023-03-28,TSLA,192.0,192.35000610351562,185.42999267578125,189.19000244140625,189.19000244140625,98654600,-0.040545486,0.5455643,9,True
2023-03-29,AAPL,159.3699951171875,161.0500030517578,159.35000610351562,160.77000427246094,158.19183349609375,51305700,0.020838512,0.4623182,12,True
2023-03-29,MSFT,278.9599914550781,281.1400146484375,278.4100036621094,280.510009765625,273.4284362792969,25087000,-0.11403659,0.7396522,8,True
2023-03-29,NVDA,26.825000762939453,27.077999114990234,26.597000122070312,26.983999252319336,26.928747177124023,393694000,0.5966602,0.5499687,3,True
2023-03-29,TSLA,193.1300048828125,195.2899932861328,189.44000244140625,193.8800048828125,193.8800048828125,123660000,-0.3191149,0.6880558,11,True
2023-03-30,AAPL,161.52999877929688,162.47000122070312,161.27000427246094,162.36000061035156,159.75640869140625,49501700,0.3240182,0.35073805,11,True
2023-03-30,MSFT,284.2300109863281,284.4599914550781,281.4800109863281,284.04998779296875,276.8790588378906,25053400,-0.094120175,0.6331543,10,True
2023-03-30,NVDA,27.229000091552734,27.499000549316406,27.101999282836914,27.382999420166016,27.32693099975586,364516000,0.039833847,0.06760641,3,True
2023-03-30,TSLA,195.5800018310547,197.3300018310547,194.4199981689453,195.27999877929688,195.27999877929688,110252200,0.17178105,0.5361455,8,True
2023-03-31,AAPL,162.44000244140625,165.0,161.91000366210938,164.89999389648438,162.25564575195312,68749800,-0.14411375,0.4504949,7,True
2023-03-31,MSFT,283.7300109863281,289.2699890136719,283.0,288.29998779296875,281.021728515625,32766000,0.14188321,0.3290753,5,True
2023-03-31,NVDA,27.139999389648438,27.833999633789062,27.104999542236328,27.777000427246094,27.720123291015625,433933000,0.20355348,0.8382892,7,True
2023-03-31,TSLA,197.52999877929688,207.7899932861328,197.1999969482422,207.4600067138672,207.4600067138672,170222100,-0.21011005,0.74713415,9,True
2023-04-03,AAPL,164.27000427246094,166.2899932861328,164.22000122070312,166.1699981689453,163.5052947998047,56976200,0.07598063,0.71329206,11,True
2023-04-03,MSFT,286.5199890136719,288.2699890136719,283.95001220703125,287.2300109863281,279.9787902832031,24883300,0.2391469,0.7323552,10,True
2023-04-03,NVDA,27.509000778198242,28.0,27.336000442504883,27.96500015258789,27.907743453979492,398716000,0.43565086,0.4837911,3,True
2023-04-03,TSLA,199.91000366210938,202.69000244140625,192.1999969482422,194.77000427246094,194.77000427246094,169545900,-0.23970327,0.77709067,16,True
2023-04-04,AAPL,166.60000610351562,166.83999633789062,165.11000061035156,165.6300048828125,162.97393798828125,46278300,-0.19772242,0.6138175,12,True
2023-04-04,MSFT,287.2300109863281,290.45001220703125,285.6700134277344,287.17999267578125,279.92999267578125,25824300,-0.0061935037,0.6710641,8,True
2023-04-04,NVDA,27.965999603271484,28.0,27.30699920654297,27.452999114990234,27.396785736083984,368592000,0.5531389,0.5126482,3,True
2023-04-04,TSLA,197.32000732421875,198.74000549316406,190.32000732421875,192.5800018310547,192.5800018310547,126463800,0.020615522,0.71297413,14,True
2023-04-05,AAPL,164.74000549316406,165.0500030517578,161.8000030517578,163.75999450683594,161.13389587402344,51511700,-0.113233685,0.51486176,10,True
2023-04-05,MSFT,285.8500061035156,287.1499938964844,282.9200134277344,284.3399963378906,277.1617126464844,22064800,0.20339541,0.5827688,12,True
2023-04-05,NVDA,26.82900047302246,26.99799919128418,26.395000457763672,26.881000518798828,26.825958251953125,515015000,-0.34992388,0.6305992,8,True
2023-04-05,TSLA,190.52000427246094,190.67999267578125,183.75999450683594,185.52000427246094,185.52000427246094,133882500,-0.2794034,0.59621805,13,True
2023-04-06,AAPL,162.42999267578125,164.9600067138672,162.0,164.66000366210938,162.0194854736328,45390100,-0.43414083,0.56934065,9,True
2023-04-06,MSFT,283.2099914550781,292.0799865722656,282.0299987792969,291.6000061035156,284.2384948730469,29770300,-0.122543536,0.7395213,12,True
2023-04-06,NVDA,26.583999633789062,27.079999923706055,26.427000045776367,27.03700065612793,26.981639862060547,397654000,-0.037984144,0.0,1,True
2023-04-06,TSLA,183.0800018310547,186.38999938964844,179.74000549316406,185.05999755859375,185.05999755859375,123857900,-0.27545327,0.5660314,10,True
2023-04-10,AAPL,161.4199981689453,162.02999877929688,160.0800018310547,162.02999877929688,159.43165588378906,47716900,-0.14370377,0.52599114,10,True
2023-04-10,MSFT,289.2099914550781,289.6000061035156,284.7099914550781,289.3900146484375,282.0842590332031,23103000,-0.1348625,0.5853346,7,True
2023-04-10,NVDA,26.822999954223633,27.621000289916992,26.66900062561035,27.57900047302246,27.522531509399414,395279000,-0.14200622,0.42989093,5,True
2023-04-10,TSLA,179.94000244140625,185.10000610351562,176.11000061035156,184.50999450683594,184.50999450683594,142154600,-0.26265886,0.55223787,11,True
2023-04-11,AAPL,162.35000610351562,162.36000061035156,160.50999450683594,160.8000030517578,158.22140502929688,47644200,-0.1154694,0.50530213,11,True
2023-04-11,MSFT,285.75,285.9800109863281,281.6400146484375,282.8299865722656,275.6898498535156,27276600,0.1184529,0.6228245,6,True
2023-04-11,NVDA,27.724000930786133,27.790000915527344,27.125999450683594,27.16900062561035,27.113367080688477,314378000,0.09349516,0.8232816,5,True
2023-04-11,TSLA,186.69000244140625,189.19000244140625,185.64999389648438,186.7899932861328,186.7899932861328,115770900,-0.34071735,0.41049755,6,True
2023-04-12,AAPL,161.22000122070312,162.05999755859375,159.77999877929688,160.10000610351562,157.5326385498047,50133100,-0.1782159,0.67188424,11,True
2023-04-12,MSFT,284.7900085449219,287.010009765625,281.9599914550781,283.489990234375,276.33319091796875,27403400,-0.1782177,0.58020777,12,True
2023-04-12,NVDA,27.3700008392334,27.468000411987305,26.447999954223633,26.4950008392334,26.44074821472168,446259000,0.27596125,0.5498782,6,True
2023-04-12,TSLA,190.74000549316406,191.5800018310547,180.30999755859375,180.5399932861328,180.5399932861328,150256300,0.20961715,0.65608263,11,True
2023-04-13,AAPL,161.6300048828125,165.8000030517578,161.4199981689453,165.55999755859375,162.90505981445312,68445600,0.018297749,0.7676183,14,True
2023-04-13,MSFT,283.5899963378906,289.8999938964844,283.1700134277344,289.8399963378906,282.52288818359375,24222700,-0.33667874,0.39646116,7,True
2023-04-13,NVDA,26.733999252319336,26.886999130249023,26.32900047302246,26.46299934387207,26.4088134765625,353615000,-0.037984144,0.0,1,True
2023-04-13,TSLA,182.9600067138672,186.5,180.94000244140625,185.89999389648438,185.89999389648438,112933000,-0.19020753,0.5991333,10,True
2023-04-14,AAPL,164.58999633789062,166.32000732421875,163.82000732421875,165.2100067138672,162.5606689453125,49386500,-0.37202486,0.65120375,7,True
2023-04-14,MSFT,287.0,288.4800109863281,283.69000244140625,286.1400146484375,278.9163818359375,20987900,-0.33103475,0.68381846,4,True
2023-04-14,NVDA,26.503999710083008,26.882999420166016,26.219999313354492,26.757999420166016,26.703210830688477,395660000,-0.42326432,0.0,1,True
2023-04-14,TSLA,183.9499969482422,186.27999877929688,182.00999450683594,185.0,185.0,96438700,-0.22068919,0.58668846,12,True
2023-04-17,AAPL,165.08999633789062,165.38999938964844,164.02999877929688,165.22999572753906,162.58033752441406,41516200,-0.051611453,0.5565488,16,True
2023-04-17,MSFT,289.92999267578125,291.6000061035156,286.1600036621094,288.79998779296875,281.50909423828125,23836200,0.047430184,0.63554907,13,True
2023-04-17,NVDA,26.565000534057617,27.006000518798828,26.433000564575195,27.00200080871582,26.94670867919922,321471000,0.20344062,0.55094296,5,True
2023-04-17,TSLA,186.32000732421875,189.69000244140625,182.69000244140625,187.0399932861328,187.0399932861328,116662200,-0.04274343,0.61424744,15,True
2023-04-18,AAPL,166.10000610351562,167.41000366210938,165.64999389648438,166.47000122070312,163.80044555664062,49923000,-0.016901186,0.553014,14,True
2023-04-18,MSFT,291.57000732421875,291.760009765625,287.010009765625,288.3699951171875,281.0899963378906,20161800,-0.029075244,0.5399477,15,True
2023-04-18,NVDA,27.533000946044922,28.110000610351562,27.35700035095215,27.66699981689453,27.6103515625,604812000,0.22901374,0.6089563,11,True
2023-04-18,TSLA,187.14999389648438,187.69000244140625,183.5800018310547,184.30999755859375,184.30999755859375,92067000,-0.043054502,0.5336235,14,True
2023-04-19,AAPL,165.8000030517578,168.16000366210938,165.5399932861328,167.6300048828125,164.9418487548828,47720200,-0.2141837,0.6592312,13,True
2023-04-19,MSFT,285.989990234375,289.04998779296875,284.5400085449219,288.45001220703125,281.1679992675781,17150300,0.15454125,0.7152593,9,True
2023-04-19,NVDA,27.361000061035156,28.0,27.23200035095215,27.930999755859375,27.873809814453125,358660000,-0.5797161,0.43710637,4,True
2023-04-19,TSLA,179.10000610351562,183.5,177.64999389648438,180.58999633789062,180.58999633789062,125732700,-0.39152637,0.6122879,9,True
2023-04-20,AAPL,166.08999633789062,167.8699951171875,165.55999755859375,166.64999389648438,163.97755432128906,52456400,0.15248531,0.5482181,9,True
2023-04-20,MSFT,285.25,289.0299987792969,285.0799865722656,286.1099853515625,278.88702392578125,23244400,-0.014282733,0.5262311,9,True
2023-04-20,NVDA,27.67099952697754,28.030000686645508,27.0,27.104000091552734,27.048503875732422,427713000,-0.24387412,0.97332597,3,True
2023-04-20,TSLA,166.1699981689453,169.6999969482422,160.55999755859375,162.99000549316406,162.99000549316406,210970800,-0.24130256,0.7079789,14,True
2023-04-21,AAPL,165.0500030517578,166.4499969482422,164.49000549316406,165.02000427246094,162.37371826171875,58337300,-0.1293074,0.3261325,9,True
2023-04-21,MSFT,285.010009765625,286.2699890136719,283.05999755859375,285.760009765625,278.5458984375,21676400,-0.078998156,0.5700668,8,True
2023-04-21,NVDA,26.95199966430664,27.183000564575195,26.722000122070312,27.118999481201172,27.0634708404541,345103000,-0.21825941,0.8702223,3,True
2023-04-21,TSLA,164.8000030517578,166.0,161.32000732421875,165.0800018310547,165.0800018310547,123539000,-0.3112726,0.7069562,12,True
2023-04-24,AAPL,165.0,165.60000610351562,163.88999938964844,165.3300018310547,162.67872619628906,41949600,-0.09801771,0.41401517,7,True
2023-04-24,MSFT,282.0899963378906,284.95001220703125,278.7200012207031,281.7699890136719,274.6566467285156,26611000,-0.040752586,0.632317,14,True
2023-04-24,NVDA,27.01300048828125,27.365999221801758,26.67099952697754,27.04199981689453,26.98663330078125,339282000,-0.30212355,0.122537605,3,True
2023-04-24,TSLA,164.64999389648438,165.64999389648438,158.61000061035156,162.5500030517578,162.5500030517578,140006600,-0.50971925,0.41783157,10,True
2023-04-25,AAPL,165.19000244140625,166.30999755859375,163.72999572753906,163.77000427246094,161.143798828125,48714100,-0.30901933,0.45928875,7,True
2023-04-25,MSFT,279.510009765625,281.6000061035156,275.3699951171875,275.4200134277344,268.4669494628906,45772200,-0.24013628,0.6778509,14,True
2023-04-25,NVDA,27.077999114990234,27.246999740600586,26.225000381469727,26.240999221801758,26.187271118164062,378527000,-0.14097236,0.5358563,7,True
2023-04-25,TSLA,159.82000732421875,163.47000122070312,158.75,160.6699981689453,160.6699981689453,121999300,-0.31580952,0.58057255,11,True
2023-04-26,AAPL,163.05999755859375,165.27999877929688,162.8000030517578,163.75999450683594,161.13389587402344,45498800,-0.069340594,0.53154427,11,True
2023-04-26,MSFT,296.70001220703125,299.57000732421875,292.7300109863281,295.3699951171875,287.9132995605469,64599200,0.008380979,0.8064492,23,True
2023-04-26,NVDA,27.00200080871582,27.329999923706055,26.704999923706055,26.95599937438965,26.900800704956055,406337000,0.13268594,0.75199056,6,True
2023-04-26,TSLA,160.2899932861328,160.6699981689453,153.13999938964844,153.75,153.75,153364100,-0.19888347,0.7004459,9,True
2023-04-27,AAPL,165.19000244140625,168.55999755859375,165.19000244140625,168.41000366210938,165.70936584472656,64902300,-0.122815356,0.55872905,9,True
2023-04-27,MSFT,295.9700012207031,305.20001220703125,295.25,304.8299865722656,297.13446044921875,46462600,-0.12841877,0.73556703,10,True
2023-04-27,NVDA,27.363000869750977,27.4950008392334,26.625,27.22599983215332,27.170251846313477,377161000,-0.45529538,0.6780691,4,True
2023-04-27,TSLA,152.63999938964844,160.47999572753906,152.3699951171875,160.19000244140625,160.19000244140625,127015200,-0.26757172,0.7113897,10,True
2023-04-28,AAPL,168.49000549316406,169.85000610351562,167.8800048828125,169.67999267578125,166.958984375,55275900,0.5007092,0.42789388,10,True
2023-04-28,MSFT,304.010009765625,308.92999267578125,303.30999755859375,307.260009765625,299.5031433105469,36469600,0.28803533,0.6908113,13,True
2023-04-28,NVDA,27.225000381469727,27.757999420166016,27.070999145507812,27.749000549316406,27.69217872619629,292216000,0.69684577,0.41319156,5,True
2023-04-28,TSLA,160.89999389648438,165.0,157.32000732421875,164.30999755859375,164.30999755859375,122515800,0.21241301,0.7418603,13,True
2023-05-01,AAPL,169.27999877929688,170.4499969482422,168.63999938964844,169.58999633789062,166.8704071044922,52472900,0.1278832,0.7268487,13,True
2023-05-01,MSFT,306.9700012207031,308.6000061035156,305.1499938964844,305.55999755859375,297.84613037109375,21294100,0.004047406,0.6035415,10,True
2023-05-01,NVDA,27.84000015258789,29.058000564575195,27.780000686645508,28.90999984741211,28.850805282592773,570329000,0.3921096,0.55444634,10,True
2023-05-01,TSLA,163.1699981689453,163.27999877929688,158.8300018310547,161.8300018310547,161.8300018310547,109015000,0.11690208,0.81016326,12,True
2023-05-02,AAPL,170.08999633789062,170.35000610351562,167.5399932861328,168.5399932861328,165.8372344970703,48425700,-0.067593224,0.5660853,11,True
2023-05-02,MSFT,307.760009765625,309.17999267578125,303.9100036621094,305.4100036621094,297.6998596191406,26404400,-0.5032975,0.43769276,11,True
2023-05-02,NVDA,28.68000030517578,28.836000442504883,28.08300018310547,28.209999084472656,28.152236938476562,402730000,-0.19325516,0.3252821,2,True
2023-05-02,TSLA,161.8800048828125,165.49000549316406,158.92999267578125,160.30999755859375,160.30999755859375,128259700,-0.1181381,0.68989336,11,True
2023-05-03,AAPL,169.5,170.9199981689453,167.16000366210938,167.4499969482422,164.76473999023438,65136000,-0.069637366,0.4700776,9,True
2023-05-03,MSFT,306.6199951171875,308.6099853515625,304.0899963378906,304.3999938964844,296.7153015136719,22360800,-0.09066466,0.6300109,13,True
2023-05-03,NVDA,27.84000015258789,28.367000579833984,27.472000122070312,27.802000045776367,27.745075225830078,383387000,-0.70065534,0.52469933,4,True
2023-05-03,TSLA,160.00999450683594,165.0,159.91000366210938,160.61000061035156,160.61000061035156,119728000,-0.33325312,0.68331605,7,True
2023-05-04,AAPL,164.88999938964844,167.0399932861328,164.30999755859375,165.7899932861328,163.13134765625,81235400,-0.078776084,0.6976164,16,True
2023-05-04,MSFT,306.239990234375,307.760009765625,303.3999938964844,305.4100036621094,297.6998596191406,22519900,0.09465391,0.6613359,6,True
2023-05-04,NVDA,27.650999069213867,27.858999252319336,27.239999771118164,27.562000274658203,27.505563735961914,321850000,0.2878964,0.549336,4,True
2023-05-04,TSLA,162.7100067138672,162.9499969482422,159.64999389648438,161.1999969482422,161.1999969482422,95108500,0.1269434,0.5565613,12,True
2023-05-05,AAPL,170.97999572753906,174.3000030517578,170.75999450683594,173.57000732421875,170.78659057617188,113453200,-0.13399884,0.5348213,14,True
2023-05-05,MSFT,305.7200012207031,311.9700012207031,304.2699890136719,310.6499938964844,302.80755615234375,28197100,-0.16590658,0.5953929,9,True
2023-05-05,NVDA,27.826000213623047,28.7549991607666,27.731000900268555,28.68000030517578,28.621273040771484,361494000,-0.18200228,0.8229582,4,True
2023-05-05,TSLA,163.97000122070312,170.7899932861328,163.50999450683594,170.05999755859375,170.05999755859375,107607300,-0.1369579,0.59979117,13,True
2023-05-08,AAPL,172.47999572753906,173.85000610351562,172.11000061035156,173.5,170.7177276611328,55962800,-0.11677643,0.65710706,12,True
2023-05-08,MSFT,310.1300048828125,310.20001220703125,306.0899963378906,308.6499938964844,300.8580627441406,21318600,0.045875333,0.7892941,8,True
2023-05-08,NVDA,28.52199935913086,29.219999313354492,28.350000381469727,29.150999069213867,29.091310501098633,344979000,0.14583984,0.7289125,8,True
2023-05-08,TSLA,173.72000122070312,173.8000030517578,169.19000244140625,171.7899932861328,171.7899932861328,112249400,0.16781314,0.6579816,12,True
2023-05-09,AAPL,173.0500030517578,173.5399932861328,171.60000610351562,171.77000427246094,169.0154571533203,45326900,-0.205847,0.7299891,9,True
2023-05-09,MSFT,308.0,310.0400085449219,306.30999755859375,307.0,299.24969482421875,21340800,-0.23639765,0.64969486,16,True
2023-05-09,NVDA,28.89900016784668,28.972999572753906,28.450000762939453,28.570999145507812,28.51249885559082,314869000,-0.5269259,0.69143355,8,True
2023-05-09,TSLA,168.9499969482422,169.82000732421875,166.55999755859375,169.14999389648438,169.14999389648438,88965000,-0.45913878,0.4308327,10,True
2023-05-10,AAPL,173.02000427246094,174.02999877929688,171.89999389648438,173.55999755859375,170.77676391601562,53724500,0.1366512,0.615305,13,True
2023-05-10,MSFT,308.6199951171875,313.0,307.6700134277344,312.30999755859375,304.4256286621094,30078000,-0.011153175,0.47872838,9,True
2023-05-10,NVDA,29.0049991607666,29.113000869750977,28.461000442504883,28.885000228881836,28.825855255126953,369350000,0.24348636,0.6932197,10,True
2023-05-10,TSLA,172.5500030517578,174.42999267578125,166.67999267578125,168.5399932861328,168.5399932861328,119840700,-0.14545974,0.5247011,15,True
2023-05-11,AAPL,173.85000610351562,174.58999633789062,172.1699981689453,173.75,170.9636993408203,49514700,-0.38237363,0.59956354,13,True
2023-05-11,MSFT,310.1000061035156,311.1199951171875,306.260009765625,310.1099853515625,302.2811279296875,31680200,-0.05859434,0.57995623,8,True
2023-05-11,NVDA,28.895999908447266,28.950000762939453,28.246000289916992,28.577999114990234,28.519481658935547,322149000,-0.2930531,0.84636754,4,True
2023-05-11,TSLA,168.6999969482422,173.57000732421875,166.7899932861328,172.0800018310547,172.0800018310547,103889900,-0.4584859,0.45170265,10,True
2023-05-12,AAPL,173.6199951171875,174.05999755859375,171.0,172.57000732421875,170.03753662109375,45533100,-0.25572023,0.52127045,8,True
2023-05-12,MSFT,310.54998779296875,310.6499938964844,306.6000061035156,308.9700012207031,301.169921875,19774700,-0.07998783,0.3728037,7,True
2023-05-12,NVDA,28.52899932861328,28.780000686645508,28.04599952697754,28.34000015258789,28.281970977783203,274222000,-0.2985691,0.55433494,8,True
2023-05-12,TSLA,176.07000732421875,177.3800048828125,167.22999572753906,167.97999572753906,167.97999572753906,157849600,-0.24852705,0.5979971,11,True
2023-05-15,AAPL,173.16000366210938,173.2100067138672,171.47000122070312,172.07000732421875,169.5448760986328,37266700,-0.032749746,0.6495122,11,True
2023-05-15,MSFT,309.1000061035156,309.8999938964844,307.5899963378906,309.4599914550781,301.6475524902344,16336500,0.23753043,0.594193,11,True
2023-05-15,NVDA,28.507999420166016,28.9689998626709,28.152000427246094,28.952999114990234,28.893714904785156,293926000,0.053339988,0.8195225,7,True
2023-05-15,TSLA,167.66000366210938,169.75999450683594,164.5500030517578,166.35000610351562,166.35000610351562,105592500,-0.53071624,0.39704162,11,True
2023-05-16,AAPL,171.99000549316406,173.13999938964844,171.8000030517578,172.07000732421875,169.5448760986328,42110300,0.11779389,0.5328157,8,True
2023-05-16,MSFT,309.8299865722656,313.7099914550781,309.8299865722656,311.739990234375,303.8699645996094,26730300,0.293222,0.36990333,9,True
2023-05-16,NVDA,28.840999603271484,29.8700008392334,28.832000732421875,29.21299934387207,29.153181076049805,449405000,-0.41937652,0.5915714,4,True
2023-05-16,TSLA,165.64999389648438,169.52000427246094,164.35000610351562,166.52000427246094,166.52000427246094,98288800,-0.1950225,0.38492218,13,True
2023-05-17,AAPL,171.7100067138672,172.92999267578125,170.4199981689453,172.69000244140625,170.15574645996094,57951600,0.21898042,0.5520701,9,True
2023-05-17,MSFT,312.2900085449219,314.42999267578125,310.739990234375,314.0,306.7420654296875,24315000,-0.038549945,0.6772272,9,True
2023-05-17,NVDA,29.583999633789062,30.198999404907227,29.43000030517578,30.17799949645996,30.116209030151367,432535000,0.48685452,0.5100124,4,True
2023-05-17,TSLA,168.41000366210938,174.5,167.19000244140625,173.86000061035156,173.86000061035156,125473600,0.04064826,0.58617246,13,True
2023-05-18,AAPL,173.0,175.24000549316406,172.5800018310547,175.0500030517578,172.4811248779297,65496700,-0.18978193,0.64910775,7,True
2023-05-18,MSFT,314.5299987792969,319.0400085449219,313.7200012207031,318.5199890136719,311.1575622558594,27276000,0.03741716,0.4464261,8,True
2023-05-18,NVDA,30.40999984741211,31.827999114990234,30.31999969482422,31.67799949645996,31.613136291503906,748725000,0.39639217,0.62776846,11,True
2023-05-18,TSLA,174.22000122070312,177.05999755859375,172.4499969482422,176.88999938964844,176.88999938964844,109520300,0.18219577,0.41698897,10,True
2023-05-19,AAPL,176.38999938964844,176.38999938964844,174.94000244140625,175.16000366210938,172.58949279785156,55809500,-0.17388386,0.6583212,13,True
2023-05-19,MSFT,316.739990234375,318.75,316.3699951171875,318.3399963378906,310.9817199707031,27546700,-0.2514476,0.6800529,11,True
2023-05-19,NVDA,31.535999298095703,31.579999923706055,30.916000366210938,31.263999938964844,31.199981689453125,473908000,-0.009527019,0.747269,7,True
2023-05-19,TSLA,177.1699981689453,181.9499969482422,176.30999755859375,180.13999938964844,180.13999938964844,136196700,0.24865647,0.61002034,11,True
2023-05-22,AAPL,173.97999572753906,174.7100067138672,173.4499969482422,174.1999969482422,171.64358520507812,43570900,-0.15046026,0.65437526,15,True
2023-05-22,MSFT,318.6000061035156,322.5899963378906,318.010009765625,321.17999267578125,313.7561340332031,24115700,0.22583424,0.43424293,7,True
2023-05-22,NVDA,30.900999069213867,31.520000457763672,30.68000030517578,31.176000595092773,31.112165451049805,372000000,0.24042927,0.69839954,11,True
2023-05-22,TSLA,180.6999969482422,189.32000732421875,180.11000061035156,188.8699951171875,188.8699951171875,132001400,0.25260645,0.55456877,10,True
2023-05-23,AAPL,173.1300048828125,173.3800048828125,171.27999877929688,171.55999755859375,169.0423126220703,50747300,0.2602567,0.52980447,13,True
2023-05-23,MSFT,320.0299987792969,322.7200012207031,315.25,315.260009765625,307.9729309082031,30797200,-0.24606815,0.65128946,8,True
2023-05-23,NVDA,31.0,31.288000106811523,30.631000518798828,30.687999725341797,30.625164031982422,356253000,0.09129676,0.49730596,11,True
2023-05-23,TSLA,186.1999969482422,192.9600067138672,185.25999450683594,185.77000427246094,185.77000427246094,156952100,0.08994007,0.5590224,13,True
2023-05-24,AAPL,171.08999633789062,172.4199981689453,170.52000427246094,171.83999633789062,169.31820678710938,45143500,-0.17372547,0.7874456,9,True
2023-05-24,MSFT,314.7300109863281,316.5,312.6099853515625,313.8500061035156,306.59552001953125,23384900,0.30794275,0.5285114,13,True
2023-05-24,NVDA,30.209999084472656,30.60700035095215,29.805999755859375,30.538000106811523,30.47547149658203,721419000,-0.2588116,0.6579784,13,True
2023-05-24,TSLA,182.22999572753906,184.22000122070312,178.22000122070312,182.89999389648438,182.89999389648438,137605100,-0.18677382,0.5756555,10,True
2023-05-25,AAPL,172.41000366210938,173.89999389648438,171.69000244140625,172.99000549316406,170.4513702392578,56058300,0.0058564707,0.7628255,11,True
2023-05-25,MSFT,323.239990234375,326.8999938964844,320.0,325.9200134277344,318.3865966796875,43301700,0.058950167,0.7968456,10,True
2023-05-25,NVDA,38.52299880981445,39.47999954223633,36.6349983215332,37.97999954223633,37.9022331237793,1543911000,0.09996611,0.83326185,19,True
2023-05-25,TSLA,186.5399932861328,186.77999877929688,180.5800018310547,184.47000122070312,184.47000122070312,96870700,-0.07791992,0.4264633,9,True
2023-05-26,AAPL,173.32000732421875,175.77000427246094,173.11000061035156,175.42999267578125,172.8555145263672,54835000,0.17332737,0.5404378,8,True
2023-05-26,MSFT,324.0199890136719,333.3999938964844,323.8800048828125,332.8900146484375,325.1954040527344,36630600,0.2138493,0.5278538,9,True
2023-05-26,NVDA,37.88999938964844,39.16999816894531,37.54999923706055,38.94599914550781,38.86625671386719,714397000,0.38479364,0.554008,16,True
2023-05-26,TSLA,184.6199951171875,198.60000610351562,184.52999877929688,193.1699981689453,193.1699981689453,162061500,0.30552045,0.5884341,11,True
2023-05-30,AAPL,176.9600067138672,178.99000549316406,176.57000732421875,177.3000030517578,174.6980743408203,55964400,0.09847651,0.4811642,12,True
2023-05-30,MSFT,335.2300109863281,335.739990234375,330.5199890136719,331.2099914550781,323.55419921875,29503100,-0.14497355,0.66424936,13,True
2023-05-30,NVDA,40.595001220703125,41.9379997253418,39.94900131225586,40.111000061035156,40.02886962890625,923401000,0.26089296,0.43079183,14,True
2023-05-30,TSLA,200.10000610351562,204.47999572753906,197.52999877929688,201.16000366210938,201.16000366210938,128818700,0.25432146,0.5311714,11,True
2023-05-31,AAPL,177.3300018310547,179.35000610351562,176.75999450683594,177.25,174.64881896972656,99625300,-0.015036209,0.54372925,14,True
2023-05-31,MSFT,332.2900085449219,335.94000244140625,327.3299865722656,328.3900146484375,320.79949951171875,45950600,0.16185583,0.5737106,11,True
2023-05-31,NVDA,39.487998962402344,40.29499816894531,37.821998596191406,37.83399963378906,37.756534576416016,1002580000,-0.08944636,0.73640436,15,True
2023-05-31,TSLA,199.77999877929688,203.9499969482422,195.1199951171875,203.92999267578125,203.92999267578125,150711700,-0.25508356,0.51623493,9,True
2023-06-01,AAPL,177.6999969482422,180.1199951171875,176.92999267578125,180.08999633789062,177.44712829589844,68901800,0.021498054,0.6124162,12,True
2023-06-01,MSFT,325.92999267578125,333.5299987792969,324.7200012207031,332.5799865722656,324.8926086425781,26773900,-0.0032016933,0.6968919,9,True
2023-06-01,NVDA,38.48899841308594,40.04999923706055,38.34000015258789,39.77000045776367,39.68856430053711,635873000,-0.15948938,0.5920396,13,True
2023-06-01,TSLA,202.58999633789062,209.8000030517578,199.3699951171875,207.52000427246094,207.52000427246094,148029900,-0.0020993678,0.54438204,11,True
2023-06-02,AAPL,181.02999877929688,181.77999877929688,179.25999450683594,180.9499969482422,178.29454040527344,61996900,-0.05754424,0.51375514,18,True
2023-06-02,MSFT,334.25,337.5,332.54998779296875,335.3999938964844,327.6474304199219,25873800,-0.07040717,0.54700774,9,True
2023-06-02,NVDA,40.09700012207031,40.5,39.05799865722656,39.32699966430664,39.2464714050293,482731000,0.16114074,0.51633024,11,True
2023-06-02,TSLA,210.14999389648438,217.25,209.75,213.97000122070312,213.97000122070312,164398400,-0.030125039,0.4706593,11,True
2023-06-05,AAPL,182.6300048828125,184.9499969482422,178.0399932861328,179.5800018310547,176.94464111328125,121946500,0.2713158,0.44341075,18,True
2023-06-05,MSFT,335.2200012207031,338.55999755859375,334.6600036621094,335.94000244140625,328.17486572265625,21307100,-0.023511343,0.5172937,13,True
2023-06-05,NVDA,38.909000396728516,39.564998626708984,38.707000732421875,39.17100143432617,39.09079360961914,396094000,-0.38413438,0.44894987,6,True
2023-06-05,TSLA,217.8000030517578,221.2899932861328,214.52000427246094,217.61000061035156,217.61000061035156,151143100,0.2453876,0.6385548,11,True
2023-06-06,AAPL,179.97000122070312,180.1199951171875,177.42999267578125,179.2100067138672,176.58004760742188,64848400,-0.0004972858,0.5624076,18,True
2023-06-06,MSFT,335.3299865722656,335.3699951171875,332.1700134277344,333.67999267578125,325.9671630859375,20396200,-0.051217496,0.64750487,11,True
2023-06-06,NVDA,38.83000183105469,39.15999984741211,38.14799880981445,38.65399932861328,38.57485580444336,388729000,-0.00037052415,0.6062412,11,True
2023-06-06,TSLA,216.13999938964844,221.91000366210938,212.52999877929688,221.30999755859375,221.30999755859375,146911600,-0.07614157,0.646135,11,True
2023-06-07,AAPL,178.44000244140625,181.2100067138672,177.32000732421875,177.82000732421875,175.21046447753906,61944600,-0.1909431,0.38211212,14,True
2023-06-07,MSFT,331.6499938964844,334.489990234375,322.5,323.3800048828125,315.9052734375,40717100,-0.058350682,0.51313794,13,True
2023-06-07,NVDA,38.915000915527344,39.499000549316406,37.35599899291992,37.474998474121094,37.402130126953125,511998000,0.21034995,0.5897237,11,True
2023-06-07,TSLA,228.0,230.8300018310547,223.1999969482422,224.57000732421875,224.57000732421875,185710800,-0.21919177,0.59650594,12,True
2023-06-08,AAPL,177.89999389648438,180.83999633789062,177.4600067138672,180.57000732421875,177.92010498046875,50214900,-0.26744923,0.43182862,9,True
2023-06-08,MSFT,323.94000244140625,326.6400146484375,323.3500061035156,325.260009765625,317.7418212890625,23277700,-0.28234875,0.57505065,11,True
2023-06-08,NVDA,37.7239990234375,38.86399841308594,37.505001068115234,38.5099983215332,38.43513107299805,417772000,0.009471855,0.6805086,7,True
2023-06-08,TSLA,224.22000122070312,235.22999572753906,223.00999450683594,234.86000061035156,234.86000061035156,164489700,0.09426461,0.5525396,9,True
2023-06-09,AAPL,181.5,182.22999572753906,180.6300048828125,180.9600067138672,178.30438232421875,48900000,0.024322793,0.36331293,10,True
2023-06-09,MSFT,324.989990234375,329.989990234375,324.4100036621094,326.7900085449219,319.2364807128906,22529000,-0.3202401,0.43910372,8,True
2023-06-09,NVDA,39.0369987487793,39.71099853515625,38.56700134277344,38.77000045776367,38.694618225097656,427717000,0.0085358545,0.6030637,8,True
2023-06-09,TSLA,249.07000732421875,252.4199981689453,242.02000427246094,244.39999389648438,244.39999389648438,200242400,-0.06394322,0.5699773,14,True
2023-06-12,AAPL,181.27000427246094,183.88999938964844,180.97000122070312,183.7899932861328,181.0928497314453,54274900,-0.22201054,0.40032685,6,True
2023-06-12,MSFT,328.5799865722656,332.1000061035156,325.1600036621094,331.8500061035156,324.1794738769531,24260300,-0.028930416,0.40350133,10,True
2023-06-12,NVDA,39.20000076293945,39.529998779296875,38.61800003051758,39.481998443603516,39.405235290527344,388701000,0.39249647,0.5409532,8,True
2023-06-12,TSLA,247.94000244140625,250.97000122070312,244.58999633789062,249.8300018310547,249.8300018310547,150337900,0.33854485,0.6428573,11,True
2023-06-13,AAPL,182.8000030517578,184.14999389648438,182.44000244140625,183.30999755859375,180.619873046875,54929100,-0.4277459,0.55396694,11,True
2023-06-13,MSFT,334.4700012207031,336.9800109863281,330.3900146484375,334.2900085449219,326.56304931640625,22951300,-0.27425045,0.62511414,9,True
2023-06-13,NVDA,40.18600082397461,41.10100173950195,39.7400016784668,41.02199935913086,40.942237854003906,613208000,0.3351563,0.4854761,7,True
2023-06-13,TSLA,253.50999450683594,259.67999267578125,251.33999633789062,258.7099914550781,258.7099914550781,162384300,0.16029175,0.7174325,14,True
2023-06-14,AAPL,183.3699951171875,184.38999938964844,182.02000427246094,183.9499969482422,181.25050354003906,57462900,-0.11812926,0.53362465,11,True
2023-06-14,MSFT,334.3399963378906,339.0400085449219,332.80999755859375,337.3399963378906,329.5426025390625,26003800,0.14619847,0.6363486,8,True
2023-06-14,NVDA,40.82400131225586,43.0,40.551998138427734,42.99700164794922,42.91340637207031,740465000,0.10793336,0.7028864,5,True
2023-06-14,TSLA,260.1700134277344,261.57000732421875,250.5,256.7900085449219,256.7900085449219,170575500,0.10804582,0.5987822,11,True
2023-06-15,AAPL,183.9600067138672,186.52000427246094,183.77999877929688,186.00999450683594,183.28028869628906,65433200,0.20566666,0.3976595,12,True
2023-06-15,MSFT,337.4800109863281,349.8399963378906,337.20001220703125,348.1000061035156,340.0538635253906,38899100,0.22506495,0.47210357,11,True
2023-06-15,NVDA,42.60200119018555,43.28900146484375,42.14699935913086,42.65299987792969,42.570072174072266,568622000,0.08087318,0.7333829,11,True
2023-06-15,TSLA,248.39999389648438,258.95001220703125,247.2899932861328,255.89999389648438,255.89999389648438,160171200,0.19295618,0.40213725,8,True
2023-06-16,AAPL,186.72999572753906,186.99000549316406,184.27000427246094,184.9199981689453,182.20628356933594,101256200,-0.06493054,0.48083726,9,True
2023-06-16,MSFT,351.32000732421875,351.4700012207031,341.95001220703125,342.3299865722656,334.4172668457031,46552000,0.17903817,0.54122716,14,True
2023-06-16,NVDA,43.45000076293945,43.72100067138672,42.6609992980957,42.69200134277344,42.60899353027344,655709000,0.19753155,0.6803774,10,True
2023-06-16,TSLA,258.9200134277344,263.6000061035156,257.2099914550781,260.5400085449219,260.5400085449219,167915600,-0.04395648,0.75055563,11,True
2023-06-20,AAPL,184.41000366210938,186.10000610351562,184.41000366210938,185.00999450683594,182.294921875,49799100,0.17515449,0.5073871,10,True
2023-06-20,MSFT,339.30999755859375,342.0799865722656,335.8599853515625,338.04998779296875,330.2362060546875,26375400,-0.23238307,0.46204302,9,True
2023-06-20,NVDA,42.99800109863281,43.9900016784668,42.67399978637695,43.80799865722656,43.72282791137695,451153000,-0.30666602,0.5462327,10,True
2023-06-20,TSLA,261.5,274.75,261.1199951171875,274.45001220703125,274.45001220703125,165611200,0.13983606,0.5612437,12,True
2023-06-21,AAPL,184.89999389648438,185.41000366210938,182.58999633789062,183.9600067138672,181.26034545898438,49515700,-0.17292458,0.6923853,9,True
2023-06-21,MSFT,336.3699951171875,337.7300109863281,332.07000732421875,333.55999755859375,325.84991455078125,25117800,0.24799445,0.43674216,14,True
2023-06-21,NVDA,43.500999450683594,43.6150016784668,42.08000183105469,43.04499816894531,42.9613037109375,551603000,-0.02884674,0.7057393,11,True
2023-06-21,TSLA,275.1300048828125,276.989990234375,257.7799987792969,259.4599914550781,259.4599914550781,211797100,0.15174054,0.52511287,12,True
2023-06-22,AAPL,183.74000549316406,187.0500030517578,183.6699981689453,187.0,184.2557373046875,51245300,0.23089361,0.51242965,14,True
2023-06-22,MSFT,334.1199951171875,340.1199951171875,333.3399963378906,339.7099914550781,331.8577880859375,23556800,-0.05307163,0.58999115,10,True
2023-06-22,NVDA,42.25299835205078,43.42599868774414,42.23400115966797,43.025001525878906,42.941349029541016,417737000,-0.088591844,0.5296306,10,True
2023-06-22,TSLA,250.77000427246094,265.0,248.25,264.6099853515625,264.6099853515625,166875900,-0.1688425,0.5606902,12,True
2023-06-23,AAPL,185.5500030517578,187.55999755859375,185.00999450683594,186.67999267578125,183.9404296875,53117000,-0.029164802,0.48016322,11,True
2023-06-23,MSFT,334.3599853515625,337.9599914550781,333.45001220703125,335.0199890136719,327.2761535644531,23146900,-0.4510078,0.43872973,7,True
2023-06-23,NVDA,42.4640007019043,42.808998107910156,42.01499938964844,42.20899963378906,42.12692642211914,358140000,-0.21755087,0.24094972,4,True
2023-06-23,TSLA,259.2900085449219,262.45001220703125,252.8000030517578,256.6000061035156,256.6000061035156,177460800,-0.22869398,0.47394857,11,True
2023-06-26,AAPL,186.8300018310547,188.0500030517578,185.22999572753906,185.27000427246094,182.5511474609375,48088700,-0.20386155,0.7600352,12,True
2023-06-26,MSFT,333.7200012207031,336.1099853515625,328.489990234375,328.6000061035156,321.0046081542969,21520600,0.06311763,0.69416386,12,True
2023-06-26,NVDA,42.46099853515625,42.763999938964844,40.099998474121094,40.63199996948242,40.553001403808594,594322000,-0.2690063,0.72947395,10,True
2023-06-26,TSLA,250.07000732421875,258.3699951171875,240.6999969482422,241.0500030517578,241.0500030517578,179990600,0.1569877,0.5241723,12,True
2023-06-27,AAPL,185.88999938964844,188.38999938964844,185.6699981689453,188.05999755859375,185.30018615722656,50730800,-0.034186482,0.5596684,9,True
2023-06-27,MSFT,331.8599853515625,336.1499938964844,329.29998779296875,334.57000732421875,326.8365783691406,24354100,0.23751189,0.46649456,11,True
2023-06-27,NVDA,40.79899978637695,41.939998626708984,40.448001861572266,41.875999450683594,41.79457473754883,462175000,0.3406314,0.49069667,8,True
2023-06-27,TSLA,243.24000549316406,250.38999938964844,240.85000610351562,250.2100067138672,250.2100067138672,164968200,0.15754332,0.50543123,12,True
2023-06-28,AAPL,187.92999267578125,189.89999389648438,187.60000610351562,189.25,186.47274780273438,51216800,0.18265682,0.44171238,12,True
2023-06-28,MSFT,334.6600036621094,337.9800109863281,333.80999755859375,335.8500061035156,328.08709716796875,20259500,-0.38195476,0.5263045,12,True
2023-06-28,NVDA,40.65999984741211,41.845001220703125,40.518001556396484,41.117000579833984,41.03705978393555,582639000,-0.28357655,0.6435744,14,True
2023-06-28,TSLA,249.6999969482422,259.8800048828125,248.88999938964844,256.239990234375,256.239990234375,159770800,0.33418816,0.40945807,11,True
2023-06-29,AAPL,189.0800018310547,190.07000732421875,188.94000244140625,189.58999633789062,186.80772399902344,46347300,0.00015727182,0.5789201,12,True
2023-06-29,MSFT,334.7099914550781,336.1099853515625,332.6199951171875,335.04998779296875,327.3055419921875,16997000,-0.0571091,0.5535383,12,True
2023-06-29,NVDA,41.55799865722656,41.599998474121094,40.599998474121094,40.821998596191406,40.74262619018555,380514000,-0.26031208,0.7488926,8,True
2023-06-29,TSLA,258.0299987792969,260.739990234375,253.61000061035156,257.5,257.5,131283400,0.10322722,0.5979859,10,True
2023-06-30,AAPL,191.6300048828125,194.47999572753906,191.25999450683594,193.97000122070312,191.1234588623047,85213200,0.30130816,0.70712566,15,True
2023-06-30,MSFT,337.75,342.7300109863281,337.20001220703125,340.5400085449219,332.6685791015625,26832800,0.15877573,0.6560645,14,True
2023-06-30,NVDA,41.68000030517578,42.54999923706055,41.500999450683594,42.301998138427734,42.219749450683594,501148000,0.31005237,0.60590637,12,True
2023-06-30,TSLA,260.6000061035156,264.45001220703125,259.8900146484375,261.7699890136719,261.7699890136719,112620800,-0.32576695,0.5939157,10,True
2023-07-03,AAPL,193.77999877929688,193.8800048828125,191.75999450683594,192.4600067138672,189.63565063476562,31458200,0.19445373,0.56780624,16,True
2023-07-03,MSFT,339.19000244140625,340.8999938964844,336.57000732421875,337.989990234375,330.17755126953125,12508700,0.07407073,0.6015318,8,True
2023-07-03,NVDA,42.516998291015625,42.89799880981445,42.20199966430664,42.41299819946289,42.330528259277344,198209000,0.3800393,0.45270526,11,True
2023-07-03,TSLA,276.489990234375,284.25,275.1099853515625,279.82000732421875,279.82000732421875,119685900,0.15980579,0.6244632,18,True
2023-07-05,AAPL,191.57000732421875,192.97999572753906,190.6199951171875,191.3300018310547,188.522216796875,46920300,0.035622418,0.46896058,16,True
2023-07-05,MSFT,335.0899963378906,341.6499938964844,334.7300109863281,338.1499938964844,330.33380126953125,18172400,-0.032513693,0.4095746,13,True
2023-07-05,NVDA,42.1349983215332,43.176998138427734,42.084999084472656,42.31700134277344,42.23472213745117,323618000,-0.08976609,0.60611874,14,True
2023-07-05,TSLA,278.82000732421875,283.8500061035156,277.6000061035156,282.4800109863281,282.4800109863281,131530900,0.2828521,0.4031108,14,True
2023-07-06,AAPL,189.83999633789062,192.02000427246094,189.1999969482422,191.80999755859375,188.9951629638672,45094300,-0.1368439,0.8116333,11,True
2023-07-06,MSFT,337.29998779296875,342.989990234375,335.5,341.2699890136719,333.3817138671875,28161200,-0.055483166,0.8141238,8,True
2023-07-06,NVDA,41.84400177001953,42.17900085449219,41.34600067138672,42.10300064086914,42.021141052246094,303582000,-0.15793313,0.81198806,7,True
2023-07-06,TSLA,278.0899963378906,279.9700012207031,272.8800048828125,276.5400085449219,276.5400085449219,120332100,-0.36000353,0.7019563,10,True
2023-07-07,AAPL,191.41000366210938,192.6699981689453,190.24000549316406,190.67999267578125,187.88172912597656,46815000,-0.2275912,0.62784684,10,True
2023-07-07,MSFT,339.32000732421875,341.7900085449219,337.0,337.2200012207031,329.4253234863281,21214800,-0.33516634,0.66746116,9,True
2023-07-07,NVDA,42.321998596191406,43.2140007019043,42.18000030517578,42.50299835205078,42.42036437988281,355881000,0.13915487,0.41867614,6,True
2023-07-07,TSLA,278.42999267578125,280.7799987792969,273.7699890136719,274.42999267578125,274.42999267578125,113879200,-0.09346052,0.7600223,14,True
2023-07-10,AAPL,189.25999450683594,189.99000549316406,187.0399932861328,188.61000061035156,185.8421173095703,59922200,0.16353954,0.70048773,11,True
2023-07-10,MSFT,334.6000061035156,335.2300109863281,327.5899963378906,331.8299865722656,324.1599426269531,32791400,-0.26779264,0.5716313,12,True
2023-07-10,NVDA,42.65700149536133,42.81100082397461,41.64899826049805,42.18000030517578,42.09798812866211,353908000,-0.07225437,0.4968571,9,True
2023-07-10,TSLA,276.4700012207031,277.5199890136719,265.1000061035156,269.6099853515625,269.6099853515625,119425400,-0.10608059,0.5239084,12,True
2023-07-11,AAPL,189.16000366210938,189.3000030517578,186.60000610351562,188.0800018310547,185.3199005126953,46638100,0.03479209,0.6682392,12,True
2023-07-11,MSFT,331.05999755859375,332.8599853515625,327.0,332.4700012207031,324.78515625,26698200,0.15171647,0.6176114,14,True
2023-07-11,NVDA,42.48099899291992,42.757999420166016,42.06700134277344,42.404998779296875,42.32255172729492,298244000,-0.016005585,0.6656743,9,True
2023-07-11,TSLA,268.6499938964844,270.8999938964844,266.3699951171875,269.7900085449219,269.7900085449219,91972400,-0.24837321,0.36704952,11,True
2023-07-12,AAPL,189.67999267578125,191.6999969482422,188.47000122070312,189.77000427246094,186.98507690429688,60750200,0.30527332,0.40817446,8,True
2023-07-12,MSFT,336.6000061035156,341.6499938964844,335.6700134277344,337.20001220703125,329.4058532714844,29995300,-0.26375422,0.5290468,16,True
2023-07-12,NVDA,43.03300094604492,43.935001373291016,42.777000427246094,43.902000427246094,43.81663131713867,481277000,0.21648206,0.5096382,12,True
2023-07-12,TSLA,276.3299865722656,276.5199890136719,271.4599914550781,271.989990234375,271.989990234375,95672100,-0.083795264,0.4529532,15,True
2023-07-13,AAPL,190.5,191.19000244140625,189.77999877929688,190.5399932861328,187.74380493164062,41342300,-0.054455746,0.46588013,10,True
2023-07-13,MSFT,339.55999755859375,343.739990234375,339.0199890136719,342.6600036621094,334.7396240234375,20567200,0.26880726,0.7690511,12,True
2023-07-13,NVDA,44.518001556396484,46.154998779296875,44.492000579833984,45.97700119018555,45.887611389160156,478204000,0.24364749,0.7616012,5,True
2023-07-13,TSLA,274.5899963378906,279.45001220703125,270.6000061035156,277.8999938964844,277.8999938964844,112681500,0.3422158,0.6332117,11,True
2023-07-14,AAPL,190.22999572753906,191.17999267578125,189.6300048828125,190.69000244140625,187.89157104492188,41616200,-0.033165596,0.38331148,8,True
2023-07-14,MSFT,347.5899963378906,351.42999267578125,344.30999755859375,345.239990234375,337.2600402832031,28352700,0.17266676,0.7683219,9,True
2023-07-14,NVDA,46.58300018310547,48.0880012512207,45.060001373291016,45.46900177001953,45.38059616088867,772075000,0.08668957,0.68031573,6,True
2023-07-14,TSLA,277.010009765625,285.29998779296875,276.30999755859375,281.3800048828125,281.3800048828125,120062400,0.081233345,0.5702727,12,True
2023-07-17,AAPL,191.89999389648438,194.32000732421875,191.80999755859375,193.99000549316406,191.14315795898438,50520200,-0.23902726,0.61239487,10,True
2023-07-17,MSFT,345.67999267578125,346.989990234375,342.20001220703125,345.7300109863281,337.7386474609375,20363900,0.17555486,0.67242044,10,True
2023-07-17,NVDA,46.28900146484375,46.49599838256836,45.262001037597656,46.46099853515625,46.37066650390625,510488000,0.29596487,0.72533846,11,True
2023-07-17,TSLA,286.6300048828125,292.2300109863281,283.57000732421875,290.3800048828125,290.3800048828125,131569600,-0.019237582,0.7660369,14,True
2023-07-18,AAPL,193.35000610351562,194.3300018310547,192.4199981689453,193.72999572753906,190.88699340820312,48288200,0.1468387,0.6377212,11,True
2023-07-18,MSFT,345.8299865722656,366.7799987792969,342.1700134277344,359.489990234375,351.18060302734375,64738600,0.2636715,0.6375589,14,True
2023-07-18,NVDA,46.70100021362305,47.895999908447266,45.73400115966797,47.49399948120117,47.40165328979492,569164000,0.060221832,0.66290313,7,True
2023-07-18,TSLA,290.1499938964844,295.260009765625,286.010009765625,293.3399963378906,293.3399963378906,112120300,0.04353365,0.58732355,13,True
2023-07-19,AAPL,193.10000610351562,198.22999572753906,192.64999389648438,195.10000610351562,192.2368621826172,80507300,-0.10325175,0.72357863,12,True
2023-07-19,MSFT,361.75,362.4599914550781,352.44000244140625,355.0799865722656,346.8724670410156,39732900,0.27088004,0.6357137,15,True
2023-07-19,NVDA,47.4640007019043,47.81800079345703,46.742000579833984,47.07699966430664,46.9854621887207,427502000,0.09685968,0.6931089,10,True
2023-07-19,TSLA,296.0400085449219,299.2900085449219,289.5199890136719,291.260009765625,291.260009765625,142355400,0.2896794,0.5721534,11,True
2023-07-20,AAPL,195.08999633789062,196.47000122070312,192.5,193.1300048828125,190.2957763671875,59581200,-0.1680053,0.5057654,11,True
2023-07-20,MSFT,353.57000732421875,357.9700012207031,345.3699951171875,346.8699951171875,338.852294921875,33778400,0.33883923,0.41529796,10,True
2023-07-20,NVDA,46.50699996948242,47.08700180053711,45.0620002746582,45.52000045776367,45.43149948120117,537865000,-0.16920863,0.63667166,10,True
2023-07-20,TSLA,279.55999755859375,280.92999267578125,261.20001220703125,262.8999938964844,262.8999938964844,175158300,0.006309403,0.68876344,18,True
2023-07-21,AAPL,194.10000610351562,194.97000122070312,191.22999572753906,191.94000244140625,189.1232452392578,71951700,-0.043891165,0.6293812,13,True
2023-07-21,MSFT,349.1499938964844,350.29998779296875,339.8299865722656,343.7699890136719,335.82391357421875,69405400,0.18477559,0.74869704,12,True
2023-07-21,NVDA,45.78799819946289,45.86600112915039,44.099998474121094,44.308998107910156,44.22285079956055,963769000,-0.22556765,0.71961564,6,True
2023-07-21,TSLA,268.0,268.0,255.8000030517578,260.0199890136719,260.0199890136719,161796100,-0.4196283,0.60909796,10,True
2023-07-24,AAPL,193.41000366210938,194.91000366210938,192.25,192.75,189.92135620117188,45377800,-0.16108039,0.486626,16,True
2023-07-24,MSFT,345.8500061035156,346.9200134277344,342.30999755859375,345.1099853515625,337.13299560546875,26678100,-0.0073813307,0.33066303,11,True
2023-07-24,NVDA,44.73099899291992,45.10900115966797,44.040000915527344,44.61199951171875,44.5252571105957,382516000,-0.3014207,0.43902028,9,True
2023-07-24,TSLA,255.85000610351562,269.8500061035156,254.1199951171875,269.05999755859375,269.05999755859375,136508500,-0.2447929,0.67710185,14,True
2023-07-25,AAPL,193.3300018310547,194.44000244140625,192.9199981689453,193.6199951171875,190.77857971191406,37283200,0.14617743,0.6471791,11,True
2023-07-25,MSFT,347.1099853515625,351.8900146484375,345.07000732421875,350.9800109863281,342.8673400878906,41637700,0.20162359,0.6741795,23,True
2023-07-25,NVDA,44.941001892089844,46.18299865722656,44.92300033569336,45.67900085449219,45.59018325805664,348081000,0.06090208,0.7399801,11,True
2023-07-25,TSLA,272.3800048828125,272.8999938964844,265.0,265.2799987792969,265.2799987792969,112757300,-0.09927836,0.6122774,10,True
2023-07-26,AAPL,193.6699981689453,195.63999938964844,193.32000732421875,194.5,191.64569091796875,47471900,-0.23268098,0.63502985,9,True
2023-07-26,MSFT,341.44000244140625,344.6700134277344,333.1099853515625,337.7699890136719,329.9626159667969,58383700,0.04740226,0.7051489,23,True
2023-07-26,NVDA,46.020999908447266,46.053001403808594,44.630001068115234,45.45199966430664,45.363624572753906,364237000,0.013106397,0.68365157,7,True
2023-07-26,TSLA,263.25,268.0400085449219,261.75,264.3500061035156,264.3500061035156,95856200,0.008549194,0.5707864,12,True
2023-07-27,AAPL,196.02000427246094,197.1999969482422,192.5500030517578,193.22000122070312,190.38446044921875,47460200,0.12750684,0.63729596,11,True
2023-07-27,MSFT,340.4800109863281,341.3299865722656,329.04998779296875,330.7200012207031,323.0755920410156,39635300,0.10974889,0.73682225,15,True
2023-07-27,NVDA,46.51900100708008,47.39500045776367,45.75,45.900001525878906,45.810752868652344,455976000,0.32767606,0.3973463,6,True
2023-07-27,TSLA,268.30999755859375,269.1300048828125,255.3000030517578,255.7100067138672,255.7100067138672,103697300,0.174554,0.44897693,11,True
2023-07-28,AAPL,194.6699981689453,196.6300048828125,194.13999938964844,195.8300018310547,192.95616149902344,48291400,0.08206608,0.7111903,12,True
2023-07-28,MSFT,333.6700134277344,340.010009765625,333.1700134277344,338.3699951171875,330.54876708984375,28484900,0.015005357,0.7288456,9,True
2023-07-28,NVDA,46.667999267578125,47.027000427246094,46.38100051879883,46.75,46.65909957885742,331194000,0.051899843,0.6372179,7,True
2023-07-28,TSLA,259.8599853515625,267.25,258.2300109863281,266.44000244140625,266.44000244140625,111446000,0.31026566,0.5987446,9,True
2023-07-31,AAPL,196.05999755859375,196.49000549316406,195.25999450683594,196.4499969482422,193.56704711914062,38824100,0.2119435,0.5794671,12,True
2023-07-31,MSFT,336.9200134277344,337.70001220703125,333.3599853515625,335.9200134277344,328.1553955078125,25446000,0.24926,0.5784404,11,True
2023-07-31,NVDA,46.75400161743164,47.130001068115234,46.50600051879883,46.729000091552734,46.63814163208008,251055000,-0.17923819,0.63133556,7,True
2023-07-31,TSLA,267.4800109863281,269.0799865722656,263.7799987792969,267.42999267578125,267.42999267578125,84582200,0.33353955,0.6909792,9,True
2023-08-01,AAPL,196.24000549316406,196.72999572753906,195.27999877929688,195.61000061035156,192.73939514160156,35175100,-0.06481263,0.5655195,10,True
2023-08-01,MSFT,335.19000244140625,338.5400085449219,333.70001220703125,336.3399963378906,328.5657043457031,18311900,-0.098967694,0.39558724,9,True
2023-08-01,NVDA,46.459999084472656,46.900001525878906,46.027000427246094,46.50699996948242,46.416568756103516,237858000,-0.42256126,0.45764306,6,True
2023-08-01,TSLA,266.260009765625,266.4700012207031,260.25,261.07000732421875,261.07000732421875,83166000,-0.18152209,0.6627329,9,True
2023-08-02,AAPL,195.0399932861328,195.17999267578125,191.85000610351562,192.5800018310547,189.7538604736328,50389300,-0.4001397,0.48931888,12,True
2023-08-02,MSFT,333.6300048828125,333.6300048828125,326.3599853515625,327.5,319.92999267578125,27761300,-0.051011905,0.76055586,12,True
2023-08-02,NVDA,45.83100128173828,45.84000015258789,43.387001037597656,44.26900100708008,44.18292999267578,530142000,-0.003654672,0.7929107,9,True
2023-08-02,TSLA,255.57000732421875,259.5199890136719,250.49000549316406,254.11000061035156,254.11000061035156,101752900,-0.41965887,0.52901334,11,True
2023-08-03,AAPL,191.57000732421875,192.3699951171875,190.69000244140625,191.1699981689453,188.36453247070312,61235200,-0.057809804,0.60746163,18,True
2023-08-03,MSFT,326.0,329.8800048828125,325.95001220703125,326.6600036621094,319.10943603515625,18253700,-0.32241797,0.58670324,11,True
2023-08-03,NVDA,43.79999923706055,45.11800003051758,43.79999923706055,44.51499938964844,44.428443908691406,324176000,0.11183464,0.5804703,6,True
2023-08-03,TSLA,252.0399932861328,260.489990234375,252.0,259.32000732421875,259.32000732421875,97569100,-0.19191639,0.71395135,9,True
2023-08-04,AAPL,185.52000427246094,187.3800048828125,181.9199981689453,181.99000549316406,179.3192596435547,115956800,-0.09510816,0.66901886,23,True
2023-08-04,MSFT,331.8800048828125,335.1400146484375,327.239990234375,327.7799987792969,320.2034912109375,23741500,-0.12195157,0.6122942,11,True
2023-08-04,NVDA,44.98500061035156,45.641998291015625,44.393001556396484,44.68000030517578,44.5931282043457,362666000,-0.095698506,0.7694787,6,True
2023-08-04,TSLA,260.9700012207031,264.7699890136719,253.11000061035156,253.86000061035156,253.86000061035156,99539900,-0.13148412,0.6364549,14,True
2023-08-07,AAPL,182.1300048828125,183.1300048828125,177.35000610351562,178.85000610351562,176.225341796875,97576100,-0.005809272,0.5086472,12,True
2023-08-07,MSFT,328.3699951171875,331.1099853515625,327.5199890136719,330.1099853515625,322.4797058105469,17741500,0.055239245,0.575781,12,True
2023-08-07,NVDA,45.111000061035156,45.540000915527344,44.5629997253418,45.41699981689453,45.328697204589844,322154000,0.1207955,0.6276461,9,True
2023-08-07,TSLA,251.4499969482422,253.64999389648438,242.75999450683594,251.4499969482422,251.4499969482422,111097900,-0.16663153,0.6138937,12,True
2023-08-08,AAPL,179.69000244140625,180.27000427246094,177.5800018310547,179.8000030517578,177.16140747070312,67823000,-0.0005687816,0.59269303,14,True
2023-08-08,MSFT,326.9599914550781,328.75,323.0,326.04998779296875,318.5135192871094,22327600,0.22324033,0.5114385,11,True
2023-08-08,NVDA,44.85300064086914,45.242000579833984,44.055999755859375,44.66400146484375,44.57716369628906,353843000,0.028788503,0.5098418,10,True
2023-08-08,TSLA,247.4499969482422,250.9199981689453,245.00999450683594,249.6999969482422,249.6999969482422,96642200,-0.21100372,0.49836412,9,True
2023-08-09,AAPL,180.8699951171875,180.92999267578125,177.00999450683594,178.19000244140625,175.57504272460938,60378500,-0.008306439,0.58339214,13,True
2023-08-09,MSFT,326.4700012207031,327.1099853515625,321.04998779296875,322.2300109863281,314.7818908691406,22373300,-0.2834059,0.5724396,9,True
2023-08-09,NVDA,44.27399826049805,44.3120002746582,42.13399887084961,42.55400085449219,42.47126007080078,586449000,-0.49353507,0.5172991,6,True
2023-08-09,TSLA,250.8699951171875,251.10000610351562,241.89999389648438,242.19000244140625,242.19000244140625,101596300,-0.049545914,0.3103459,8,True
2023-08-10,AAPL,179.47999572753906,180.75,177.60000610351562,177.97000122070312,175.3582305908203,54686900,-0.09344772,0.53920823,12,True
2023-08-10,MSFT,326.0199890136719,328.260009765625,321.17999267578125,322.92999267578125,315.4656677246094,20113700,-0.03471309,0.58044386,7,True
2023-08-10,NVDA,42.15999984741211,43.57400131225586,41.834999084472656,42.38800048828125,42.30558776855469,492705000,0.12839703,0.6880171,7,True
2023-08-10,TSLA,245.39999389648438,251.8000030517578,243.0,245.33999633789062,245.33999633789062,109498600,-0.34519732,0.46617073,13,True
2023-08-11,AAPL,177.32000732421875,178.6199951171875,176.5500030517578,177.7899932861328,175.41744995117188,52036700,-0.081821196,0.5590305,9,True
2023-08-11,MSFT,320.260009765625,322.4100036621094,319.2099914550781,321.010009765625,313.5900573730469,24355500,0.07094521,0.61833215,12,True
2023-08-11,NVDA,41.750999450683594,42.018001556396484,40.638999938964844,40.85499954223633,40.77556610107422,533085000,-0.15217656,0.6623991,8,True
2023-08-11,TSLA,241.77000427246094,243.7899932861328,238.02000427246094,242.64999389648438,242.64999389648438,99038600,0.058206733,0.53762054,12,True
2023-08-14,AAPL,177.97000122070312,179.69000244140625,177.30999755859375,179.4600067138672,177.06521606445312,43675600,0.042759642,0.5833804,12,True
2023-08-14,MSFT,321.3900146484375,324.05999755859375,320.0799865722656,324.0400085449219,316.54998779296875,18836100,0.099033214,0.49410516,12,True
2023-08-14,NVDA,40.486000061035156,43.79999923706055,40.31100082397461,43.75299835205078,43.66792678833008,690286000,0.2816202,0.5999706,10,True
2023-08-14,TSLA,235.6999969482422,240.66000366210938,233.75,239.75999450683594,239.75999450683594,98595300,-0.06804056,0.77623713,13,True
2023-08-15,AAPL,178.8800048828125,179.47999572753906,177.0500030517578,177.4499969482422,175.0819854736328,43622600,-0.13395207,0.49626517,12,True
2023-08-15,MSFT,323.0,325.0899963378906,320.8999938964844,321.8599853515625,314.4203796386719,16966300,0.16235326,0.45919007,4,True
2023-08-15,NVDA,44.560001373291016,45.268001556396484,43.709999084472656,43.939998626708984,43.85456848144531,676512000,0.15414856,0.6917413,11,True
2023-08-15,TSLA,238.72999572753906,240.5,232.61000061035156,232.9600067138672,232.9600067138672,88197600,-0.17728522,0.66955143,10,True
2023-08-16,AAPL,177.1300048828125,178.5399932861328,176.5,176.57000732421875,174.21372985839844,46964900,0.10449763,0.52542615,11,True
2023-08-16,MSFT,320.79998779296875,324.4200134277344,319.79998779296875,320.3999938964844,313.6567687988281,20698900,0.018812912,0.58260864,13,True
2023-08-16,NVDA,44.52000045776367,44.67499923706055,43.40599822998047,43.486000061035156,43.40144348144531,527451000,-0.103502534,0.67719734,9,True
2023-08-16,TSLA,228.02000427246094,233.97000122070312,225.3800048828125,225.60000610351562,225.60000610351562,112484500,-0.087273315,0.4352424,11,True
2023-08-17,AAPL,177.13999938964844,177.50999450683594,173.47999572753906,174.0,171.6780548095703,66062900,0.3682332,0.36737287,11,True
2023-08-17,MSFT,320.5400085449219,321.8699951171875,316.2099914550781,316.8800048828125,310.2109375,21257200,0.0666211,0.5198992,9,True
2023-08-17,NVDA,43.970001220703125,44.0620002746582,43.000999450683594,43.34400177001953,43.259727478027344,452395000,0.03505035,0.41175422,7,True
2023-08-17,TSLA,226.05999755859375,226.74000549316406,218.8300018310547,219.22000122070312,219.22000122070312,120718400,-0.03288809,0.58859456,12,True
2023-08-18,AAPL,172.3000030517578,175.10000610351562,171.9600067138672,174.49000549316406,172.1615447998047,61172200,-0.38497478,0.69405514,13,True
2023-08-18,MSFT,314.489990234375,318.3800048828125,311.54998779296875,316.4800109863281,309.8193664550781,24755000,-0.108290955,0.6298484,10,True
2023-08-18,NVDA,42.6349983215332,43.577999114990234,41.65999984741211,43.29899978637695,43.214805603027344,583768000,-0.5312618,0.5484711,9,True
2023-08-18,TSLA,214.1199951171875,217.5800018310547,212.36000061035156,215.49000549316406,215.49000549316406,136276600,-0.47141346,0.64015836,14,True
2023-08-21,AAPL,175.07000732421875,176.1300048828125,173.74000549316406,175.83999633789062,173.49346923828125,46311900,-0.34243044,0.5667015,14,True
2023-08-21,MSFT,317.92999267578125,322.7699890136719,317.0400085449219,321.8800048828125,315.10565185546875,24040000,-0.14317118,0.50835586,9,True
2023-08-21,NVDA,44.49399948120117,47.064998626708984,44.22200012207031,46.96699905395508,46.87567901611328,692573000,0.035532653,0.5868306,16,True
2023-08-21,TSLA,221.5500030517578,232.1300048828125,220.5800018310547,231.27999877929688,231.27999877929688,135702700,-0.22950684,0.7303489,15,True
2023-08-22,AAPL,177.05999755859375,177.67999267578125,176.25,177.22999572753906,174.8649139404297,42038900,-0.06445783,0.4207689,10,True
2023-08-22,MSFT,325.5,326.0799865722656,321.4599914550781,322.4599914550781,315.67340087890625,16084600,0.079161406,0.49907088,10,True
2023-08-22,NVDA,48.1349983215332,48.1870002746582,45.33300018310547,45.667999267578125,45.57920455932617,755293000,-0.039194103,0.51286644,12,True
2023-08-22,TSLA,240.25,240.82000732421875,229.5500030517578,233.19000244140625,233.19000244140625,130442800,-0.0874966,0.6134034,9,True
2023-08-23,AAPL,178.52000427246094,181.5500030517578,178.3300018310547,181.1199951171875,178.7030029296875,52722800,-0.04359823,0.58095884,11,True
2023-08-23,MSFT,323.82000732421875,329.20001220703125,323.4599914550781,327.0,320.117919921875,21166400,0.42165813,0.49902424,10,True
2023-08-23,NVDA,45.86600112915039,47.20000076293945,45.20800018310547,47.11600112915039,47.02439498901367,779046000,0.43154874,0.5634706,14,True
2023-08-23,TSLA,229.33999633789062,238.97999572753906,229.2899932861328,236.86000061035156,236.86000061035156,101077600,-0.027866619,0.59279615,11,True
2023-08-24,AAPL,180.6699981689453,181.10000610351562,176.00999450683594,176.3800048828125,174.0262451171875,54945800,-0.055942755,0.65037245,12,True
2023-08-24,MSFT,332.8500061035156,332.9800109863281,319.9599914550781,319.9700012207031,313.23577880859375,23281400,0.266906,0.57839966,10,True
2023-08-24,NVDA,50.215999603271484,50.26599884033203,47.159000396728516,47.16299819946289,47.07129669189453,1156044000,0.16991265,0.8044829,17,True
2023-08-24,TSLA,238.66000366210938,238.9199981689453,228.17999267578125,230.0399932861328,230.0399932861328,99777400,-0.034311656,0.6830807,11,True
2023-08-25,AAPL,177.3800048828125,179.14999389648438,175.82000732421875,178.61000061035156,176.22650146484375,51449600,-0.21416698,0.45755595,11,True
2023-08-25,MSFT,321.4700012207031,325.3599853515625,318.79998779296875,322.9800109863281,316.1825256347656,21684100,-0.031730473,0.44693792,12,True
2023-08-25,NVDA,47.012001037597656,47.80500030517578,45.02399826049805,46.018001556396484,45.92852783203125,925341000,0.17577355,0.5936943,15,True
2023-08-25,TSLA,231.30999755859375,239.0,230.35000610351562,238.58999633789062,238.58999633789062,106612200,-0.012846237,0.52066916,11,True
2023-08-28,AAPL,180.08999633789062,180.58999633789062,178.5500030517578,180.19000244140625,177.7854461669922,43820700,-0.19565077,0.5929373,12,True
2023-08-28,MSFT,325.6600036621094,326.1499938964844,321.7200012207031,323.70001220703125,316.88739013671875,14808500,-0.15067703,0.6679906,9,True
2023-08-28,NVDA,46.481998443603516,46.97999954223633,44.88800048828125,46.834999084472656,46.74393844604492,685192000,-0.2421872,0.72166073,9,True
2023-08-28,TSLA,242.5800018310547,244.3800048828125,235.35000610351562,238.82000732421875,238.82000732421875,107673700,-0.28217125,0.7940102,11,True
2023-08-29,AAPL,179.6999969482422,184.89999389648438,179.5,184.1199951171875,181.66297912597656,53003900,-0.021841718,0.53880125,12,True
2023-08-29,MSFT,321.8800048828125,328.9800109863281,321.8800048828125,328.4100036621094,321.4981994628906,19284600,-0.0769813,0.687241,17,True
2023-08-29,NVDA,46.66600036621094,49.08100128173828,46.39099884033203,48.784000396728516,48.68914031982422,701397000,0.08486006,0.6712037,15,True
2023-08-29,TSLA,238.5800018310547,257.4800109863281,237.77000427246094,257.17999267578125,257.17999267578125,134047600,-0.1814608,0.81424147,11,True
2023-08-30,AAPL,184.94000244140625,187.85000610351562,184.74000549316406,187.64999389648438,185.14585876464844,60813900,0.13130867,0.47650903,13,True
2023-08-30,MSFT,328.6700134277344,329.80999755859375,326.45001220703125,328.7900085449219,321.8702697753906,15222100,0.4445676,0.400774,6,True
2023-08-30,NVDA,49.04399871826172,49.926998138427734,48.42499923706055,49.263999938964844,49.168216705322266,735206000,0.015200106,0.6730382,13,True
2023-08-30,TSLA,254.1999969482422,260.510009765625,250.58999633789062,256.8999938964844,256.8999938964844,121988400,0.060131293,0.65269744,13,True
2023-08-31,AAPL,187.83999633789062,189.1199951171875,187.47999572753906,187.8699951171875,185.36293029785156,60794500,0.10364998,0.5516639,9,True
2023-08-31,MSFT,329.20001220703125,330.9100036621094,326.7799987792969,327.760009765625,320.8619079589844,26411000,0.17645629,0.49988258,12,True
2023-08-31,NVDA,49.380001068115234,49.74399948120117,48.95800018310547,49.35499954223633,49.25904083251953,528570000,-0.084492296,0.6441269,10,True
2023-08-31,TSLA,255.97999572753906,261.17999267578125,255.0500030517578,258.0799865722656,258.0799865722656,108861700,-0.10780034,0.6026858,12,True
2023-09-01,AAPL,189.49000549316406,189.9199981689453,188.27999877929688,189.4600067138672,186.9317169189453,45766500,-0.027067367,0.34827572,10,True
2023-09-01,MSFT,331.30999755859375,331.989990234375,326.7799987792969,328.6600036621094,321.74298095703125,14942000,0.0965381,0.66617054,9,True
2023-09-01,NVDA,49.762001037597656,49.79999923706055,48.141998291015625,48.50899887084961,48.414676666259766,463830000,-0.08990371,0.4694082,8,True
2023-09-01,TSLA,257.260009765625,259.0799865722656,242.00999450683594,245.00999450683594,245.00999450683594,132541600,0.090385206,0.5662322,12,True
2023-09-05,AAPL,188.27999877929688,189.97999572753906,187.61000061035156,189.6999969482422,187.16851806640625,45280000,0.033962324,0.3265819,15,True
2023-09-05,MSFT,329.0,334.8500061035156,328.6600036621094,333.54998779296875,326.5299987792969,18553900,0.23659219,0.67450947,9,True
2023-09-05,NVDA,48.222999572753906,48.85100173950195,47.86000061035156,48.54800033569336,48.45361328125,382653000,-0.03333276,0.47686315,12,True
2023-09-05,TSLA,245.0,258.0,244.86000061035156,256.489990234375,256.489990234375,129469600,0.077256836,0.5877104,12,True
2023-09-06,AAPL,188.39999389648438,188.85000610351562,181.47000122070312,182.91000366210938,180.4691162109375,81755800,-0.104379535,0.6666607,14,True
2023-09-06,MSFT,333.3800048828125,334.4599914550781,330.17999267578125,332.8800048828125,325.87420654296875,17535800,-0.20136422,0.6344957,13,True
2023-09-06,NVDA,48.441001892089844,48.54899978637695,46.58000183105469,47.06100082397461,46.97336959838867,468670000,-0.20614691,0.7151623,10,True
2023-09-06,TSLA,255.13999938964844,255.38999938964844,245.05999755859375,251.9199981689453,251.9199981689453,116959800,0.060655646,0.64472103,14,True
2023-09-07,AAPL,175.17999267578125,178.2100067138672,173.5399932861328,177.55999755859375,175.19053649902344,112488800,-0.30691,0.54143035,18,True
2023-09-07,MSFT,331.2900085449219,333.0799865722656,329.0299987792969,329.9100036621094,322.9666442871094,18381000,0.21319287,0.49431774,14,True
2023-09-07,NVDA,45.525001525878906,46.34400177001953,45.152000427246094,46.24100112915039,46.15489196777344,433330000,0.16527054,0.69621116,10,True
2023-09-07,TSLA,245.07000732421875,252.80999755859375,243.27000427246094,251.49000549316406,251.49000549316406,115312900,0.011518738,0.5895946,11,True
2023-09-08,AAPL,178.35000610351562,180.24000549316406,177.7899932861328,178.17999267578125,175.80223083496094,65551300,-0.12903558,0.6258486,14,True
2023-09-08,MSFT,330.0899963378906,336.1600036621094,329.4599914550781,334.2699890136719,327.23492431640625,19530100,-0.2701703,0.46043292,10,True
2023-09-08,NVDA,45.94200134277344,46.60599899291992,45.270999908447266,45.571998596191406,45.48714065551758,473069000,0.077433325,0.659192,9,True
2023-09-08,TSLA,251.22000122070312,256.5199890136719,246.6699981689453,248.5,248.5,118367700,-0.07326178,0.43679866,10,True
2023-09-11,AAPL,180.07000732421875,180.3000030517578,177.33999633789062,179.36000061035156,176.96652221679688,58953100,0.313684,0.60734546,14,True
2023-09-11,MSFT,337.239990234375,338.4200134277344,335.42999267578125,337.94000244140625,330.82763671875,16583300,0.21974705,0.5130853,11,True
2023-09-11,NVDA,46.14799880981445,46.16299819946289,44.3120002746582,45.178001403808594,45.093875885009766,473966000,0.53204787,0.44300953,13,True
2023-09-11,TSLA,264.2699890136719,274.8500061035156,260.6099853515625,273.5799865722656,273.5799865722656,174667900,0.23512617,0.67024493,13,True
2023-09-12,AAPL,179.49000549316406,180.1300048828125,174.82000732421875,176.3000030517578,173.9473419189453,90370200,-0.07055947,0.5715846,19,True
2023-09-12,MSFT,335.82000732421875,336.7900085449219,331.4800109863281,331.7699890136719,324.7874755859375,17565500,-0.032170746,0.65215147,13,True
2023-09-12,NVDA,44.737998962402344,45.67300033569336,44.53099822998047,44.869998931884766,44.78644561767578,349256000,0.034523997,0.7512362,9,True
2023-09-12,TSLA,270.760009765625,278.3900146484375,266.6000061035156,267.4800109863281,267.4800109863281,135999900,-0.0033918857,0.6878007,10,True
2023-09-13,AAPL,176.50999450683594,177.3000030517578,173.97999572753906,174.2100067138672,171.88523864746094,84267900,-0.08428353,0.443363,16,True
2023-09-13,MSFT,331.30999755859375,336.8500061035156,331.1700134277344,336.05999755859375,328.9872131347656,16544400,0.16538239,0.5590585,13,True
2023-09-13,NVDA,44.599998474121094,45.93000030517578,44.50299835205078,45.48500061035156,45.400299072265625,398355000,0.13261037,0.46892956,9,True
2023-09-13,TSLA,270.07000732421875,274.9800109863281,268.1000061035156,271.29998779296875,271.29998779296875,111673700,-0.19385673,0.6005322,12,True
2023-09-14,AAPL,174.0,176.10000610351562,173.5800018310547,175.74000549316406,173.3948211669922,60895800,0.39415285,0.39697415,11,True
2023-09-14,MSFT,339.1499938964844,340.8599853515625,336.57000732421875,338.70001220703125,331.5716552734375,20267000,0.09379189,0.6336619,13,True
2023-09-14,NVDA,45.95000076293945,45.98699951171875,45.13100051879883,45.58100128173828,45.49612808227539,370097000,0.43562147,0.35811916,13,True
2023-09-14,TSLA,271.32000732421875,276.7099914550781,270.4200134277344,276.0400085449219,276.0400085449219,107709800,-0.0021763903,0.55782104,12,True
2023-09-15,AAPL,176.47999572753906,176.5,173.82000732421875,175.00999450683594,172.67454528808594,109259500,-0.19565292,0.6188424,15,True
2023-09-15,MSFT,336.9200134277344,337.3999938964844,329.6499938964844,330.2200012207031,323.2701416015625,37679800,0.27427247,0.6256145,11,True
2023-09-15,NVDA,45.340999603271484,45.5989990234375,43.80799865722656,43.900001525878906,43.8182487487793,506831000,-0.22220822,0.75621635,9,True
2023-09-15,TSLA,277.54998779296875,278.9800109863281,271.0,274.3900146484375,274.3900146484375,133692300,-0.33129323,0.6776351,9,True
2023-09-18,AAPL,176.47999572753906,179.3800048828125,176.1699981689453,177.97000122070312,175.5950164794922,67257600,0.23640043,0.3806715,16,True
2023-09-18,MSFT,327.79998779296875,330.3999938964844,326.3599853515625,329.05999755859375,322.13458251953125,16834200,0.09848944,0.3155951,9,True
2023-09-18,NVDA,42.74800109863281,44.242000579833984,42.0,43.965999603271484,43.884124755859375,500271000,0.052848034,0.28041708,10,True
2023-09-18,TSLA,271.1600036621094,271.44000244140625,263.760009765625,265.2799987792969,265.2799987792969,101543300,-0.133163,0.6291442,12,True
2023-09-19,AAPL,177.52000427246094,179.6300048828125,177.1300048828125,179.07000732421875,176.68038940429688,51826900,-0.0012121821,0.6153625,12,True
2023-09-19,MSFT,326.1700134277344,329.3900146484375,324.510009765625,328.6499938964844,321.7331848144531,16505900,0.008959742,0.6709477,10,True
2023-09-19,NVDA,43.83300018310547,43.965999603271484,43.00199890136719,43.52000045776367,43.438961029052734,373064000,-0.10756506,0.4967814,8,True
2023-09-19,TSLA,264.3500061035156,267.8500061035156,261.20001220703125,266.5,266.5,103704000,-0.02438388,0.33058843,11,True
2023-09-20,AAPL,179.25999450683594,179.6999969482422,175.39999389648438,175.49000549316406,173.14816284179688,58436200,-0.12183791,0.6322195,14,True
2023-09-20,MSFT,329.510009765625,329.5899963378906,320.510009765625,320.7699890136719,314.0190124511719,21436500,0.034824688,0.73322463,10,True
2023-09-20,NVDA,43.599998474121094,43.90299987792969,42.222999572753906,42.23899841308594,42.16034698486328,367108000,-0.115778916,0.6770833,12,True
2023-09-20,TSLA,267.0400085449219,273.92999267578125,262.4599914550781,262.5899963378906,262.5899963378906,122514600,-5.8166683e-05,0.58860874,11,True
2023-09-21,AAPL,174.5500030517578,176.3000030517578,173.86000061035156,173.92999267578125,171.6089630126953,63149100,-0.35133475,0.40570757,10,True
2023-09-21,MSFT,319.260009765625,325.3500061035156,315.0,319.5299987792969,312.8050842285156,35560400,-0.10417478,0.60044086,15,True
2023-09-21,NVDA,41.58300018310547,42.099998474121094,40.97999954223633,41.016998291015625,40.94062042236328,450736000,-0.3161465,0.6222848,10,True
2023-09-21,TSLA,257.8500061035156,260.8599853515625,254.2100067138672,255.6999969482422,255.6999969482422,119951500,-0.16559158,0.59690607,13,True
2023-09-22,AAPL,174.6699981689453,177.0800018310547,174.0500030517578,174.7899932861328,172.45748901367188,56725400,-0.013186291,0.6509015,13,True
2023-09-22,MSFT,321.32000732421875,321.45001220703125,316.1499938964844,317.010009765625,310.3381652832031,21447900,0.23023157,0.64667606,10,True
2023-09-22,NVDA,41.571998596191406,42.1150016784668,41.23099899291992,41.61000061035156,41.53252410888672,479236000,0.2666891,0.78514665,7,True
2023-09-22,TSLA,257.3999938964844,257.7900085449219,244.47999572753906,244.8800048828125,244.8800048828125,127524100,-0.48520684,0.5834154,12,True
2023-09-25,AAPL,174.1999969482422,176.97000122070312,174.14999389648438,176.0800018310547,173.73028564453125,46172700,-0.09133543,0.4907112,15,True
2023-09-25,MSFT,316.5899963378906,317.6700134277344,315.0,317.5400085449219,310.8570556640625,17836000,0.26070094,0.48099345,13,True
2023-09-25,NVDA,41.590999603271484,42.5359992980957,41.176998138427734,42.22200012207031,42.14337921142578,419091000,0.24180114,0.53036,8,True
2023-09-25,TSLA,243.3800048828125,247.10000610351562,238.30999755859375,246.99000549316406,246.99000549316406,104636600,-0.06339516,0.59396875,10,True
2023-09-26,AAPL,174.82000732421875,175.1999969482422,171.66000366210938,171.9600067138672,169.66529846191406,64588900,0.02542877,0.58564657,11,True
2023-09-26,MSFT,315.1300048828125,315.8800048828125,310.0199890136719,312.1400146484375,305.5706787109375,26297600,0.020156283,0.60505104,16,True
2023-09-26,NVDA,42.000999450683594,42.81999969482422,41.654998779296875,41.9109992980957,41.83295440673828,402282000,0.081935085,0.44899818,10,True
2023-09-26,TSLA,242.97999572753906,249.5500030517578,241.66000366210938,244.1199951171875,244.1199951171875,101993600,-0.04178574,0.5950663,9,True
2023-09-27,AAPL,172.6199951171875,173.0399932861328,169.0500030517578,170.42999267578125,168.15565490722656,66921800,-0.09662095,0.54612863,20,True
2023-09-27,MSFT,312.29998779296875,314.29998779296875,309.69000244140625,312.7900085449219,306.2070007324219,19410100,0.099548884,0.58589554,16,True
2023-09-27,NVDA,42.33000183105469,42.87200164794922,41.62900161743164,42.46799850463867,42.388912200927734,444935000,0.06310532,0.6621499,9,True
2023-09-27,TSLA,244.25999450683594,245.3300018310547,234.5800018310547,240.5,240.5,136597200,-0.16251807,0.649625,12,True
2023-09-28,AAPL,169.33999633789062,172.02999877929688,167.6199951171875,170.69000244140625,168.41221618652344,56294400,-0.13586,0.51565975,13,True
2023-09-28,MSFT,310.989990234375,315.4800109863281,309.45001220703125,313.6400146484375,307.03912353515625,19683600,0.18732427,0.53575706,11,True
2023-09-28,NVDA,42.459999084472656,43.44599914550781,42.1150016784668,43.0890007019043,43.00876235961914,424663000,0.1449118,0.67270255,11,True
2023-09-28,TSLA,240.02000427246094,247.5500030517578,238.64999389648438,246.3800048828125,246.3800048828125,117058900,0.083015524,0.6357733,11,True
2023-09-29,AAPL,172.02000427246094,173.07000732421875,170.33999633789062,171.2100067138672,168.9252471923828,51861100,-0.047184788,0.30319643,13,True
2023-09-29,MSFT,317.75,319.4700012207031,314.9800109863281,315.75,309.10467529296875,24147300,-0.2988886,0.3797246,8,True
2023-09-29,NVDA,43.82699966430664,44.14400100708008,43.30699920654297,43.499000549316406,43.417999267578125,397830000,-0.12375947,0.64181197,6,True
2023-09-29,TSLA,250.0,254.77000427246094,246.35000610351562,250.22000122070312,250.22000122070312,128522700,0.0059520765,0.6011093,11,True
2023-10-02,AAPL,171.22000122070312,174.3000030517578,170.92999267578125,173.75,171.4313507080078,52164500,0.16086355,0.32959053,13,True
2023-10-02,MSFT,316.2799987792969,321.8900146484375,315.17999267578125,321.79998779296875,315.0273132324219,20570000,-0.0005647321,0.43983078,8,True
2023-10-02,NVDA,44.029998779296875,45.17499923706055,43.861000061035156,44.78200149536133,44.69861602783203,433298000,0.19258806,0.5253569,10,True
2023-10-02,TSLA,244.80999755859375,254.27999877929688,242.6199951171875,251.60000610351562,251.60000610351562,123810400,-0.20648304,0.60084224,10,True
2023-10-03,AAPL,172.25999450683594,173.6300048828125,170.82000732421875,172.39999389648438,170.09938049316406,49594600,-0.12711641,0.653913,14,True
2023-10-03,MSFT,320.8299865722656,321.3900146484375,311.2099914550781,313.3900146484375,306.7944030761719,21033500,-0.12799688,0.6419451,15,True
2023-10-03,NVDA,44.80799865722656,45.130001068115234,43.24599838256836,43.516998291015625,43.43596267700195,470850000,0.37400717,0.5178029,9,True
2023-10-03,TSLA,248.61000061035156,250.02000427246094,244.4499969482422,246.52999877929688,246.52999877929688,101985300,-0.5008842,0.55684495,11,True
2023-10-04,AAPL,171.08999633789062,174.2100067138672,170.97000122070312,173.66000366210938,171.3425750732422,53020300,0.27320278,0.43001136,10,True
2023-10-04,MSFT,314.0299987792969,320.0400085449219,314.0,318.9599914550781,312.2471008300781,20720100,0.19007175,0.5813585,13,True
2023-10-04,NVDA,43.742000579833984,44.143001556396484,43.29199981689453,44.04100036621094,43.95899200439453,361821000,-0.035670202,0.61063266,7,True
2023-10-04,TSLA,248.13999938964844,261.8599853515625,247.60000610351562,261.1600036621094,261.1600036621094,129721600,-0.0722423,0.5374246,9,True
2023-10-05,AAPL,173.7899932861328,175.4499969482422,172.67999267578125,174.91000366210938,172.5758819580078,48527900,-0.07216198,0.56934714,15,True
2023-10-05,MSFT,319.0899963378906,319.9800109863281,314.8999938964844,319.3599853515625,312.6386413574219,16965600,-0.20441489,0.48638815,12,True
2023-10-05,NVDA,44.04999923706055,44.900001525878906,43.88800048828125,44.6879997253418,44.60478591918945,393483000,0.2629012,0.49618515,8,True
2023-10-05,TSLA,260.0,263.6000061035156,256.25,260.04998779296875,260.04998779296875,119159200,-0.06795338,0.5907074,16,True
2023-10-06,AAPL,173.8000030517578,177.99000549316406,173.17999267578125,177.49000549316406,175.12147521972656,57266700,-0.3124893,0.49000886,14,True
2023-10-06,MSFT,316.54998779296875,329.19000244140625,316.29998779296875,327.260009765625,320.3724365234375,25673600,-0.1432062,0.61454177,9,True
2023-10-06,NVDA,44.19300079345703,45.78900146484375,44.0260009765625,45.762001037597656,45.676788330078125,434436000,-0.16337654,0.6012367,12,True
2023-10-06,TSLA,253.97999572753906,261.6499938964844,250.64999389648438,260.5299987792969,260.5299987792969,118121800,-0.036540054,0.5790439,10,True
2023-10-09,AAPL,176.80999755859375,179.0500030517578,175.8000030517578,178.99000549316406,176.60145568847656,42390800,0.12319361,0.5325395,10,True
2023-10-09,MSFT,324.75,330.29998779296875,323.17999267578125,329.82000732421875,322.8785705566406,19891200,0.050225623,0.6243363,15,True
2023-10-09,NVDA,44.84199905395508,45.60499954223633,44.36800003051758,45.27299880981445,45.188697814941406,409675000,0.07168894,0.51048845,12,True
2023-10-09,TSLA,255.30999755859375,261.3599853515625,252.0500030517578,259.6700134277344,259.6700134277344,101377900,-0.33557457,0.64847493,11,True
2023-10-10,AAPL,178.10000610351562,179.72000122070312,177.9499969482422,178.38999938964844,176.00946044921875,43698000,-0.046388082,0.5462888,17,True
2023-10-10,MSFT,330.9599914550781,331.1000061035156,327.6700134277344,328.3900146484375,321.47869873046875,20557100,-0.0053336564,0.58530515,11,True
2023-10-10,NVDA,45.310001373291016,46.25899887084961,45.0880012512207,45.79800033569336,45.71272277832031,368582000,-0.12327309,0.6986174,10,True
2023-10-10,TSLA,257.75,268.94000244140625,257.6499938964844,263.6199951171875,263.6199951171875,122656000,0.18932873,0.30854055,12,True
2023-10-11,AAPL,178.1999969482422,179.85000610351562,177.60000610351562,179.8000030517578,177.400634765625,47551100,-0.09259088,0.5088753,16,True
2023-10-11,MSFT,331.2099914550781,332.82000732421875,329.1400146484375,332.4200134277344,325.42388916015625,20063200,-0.18274873,0.5175227,13,True
2023-10-11,NVDA,46.19599914550781,46.85900115966797,46.04999923706055,46.805999755859375,46.718841552734375,378137000,-0.2573922,0.5233033,11,True
2023-10-11,TSLA,266.20001220703125,268.6000061035156,260.8999938964844,262.989990234375,262.989990234375,103706300,0.119537026,0.4988931,9,True
2023-10-12,AAPL,180.07000732421875,182.33999633789062,179.0399932861328,180.7100067138672,178.29852294921875,56743100,-0.20484522,0.7105457,18,True
2023-10-12,MSFT,330.57000732421875,333.6300048828125,328.7200012207031,331.1600036621094,324.1903381347656,19313100,0.18293758,0.699123,12,True
2023-10-12,NVDA,46.777000427246094,47.60900115966797,46.33000183105469,46.94499969482422,46.85758590698242,481325000,0.19528171,0.63312304,10,True
2023-10-12,TSLA,262.9200134277344,265.4100036621094,256.6300048828125,258.8699951171875,258.8699951171875,111508100,-0.16635098,0.47861296,12,True
2023-10-13,AAPL,181.4199981689453,181.92999267578125,178.13999938964844,178.85000610351562,176.4633331298828,51427100,-0.09923423,0.4264642,10,True
2023-10-13,MSFT,332.3800048828125,333.8299865722656,326.3599853515625,327.7300109863281,320.8325500488281,21072400,-0.15195112,0.50017196,15,True
2023-10-13,NVDA,46.959999084472656,47.11600112915039,45.279998779296875,45.46099853515625,45.3763427734375,474115000,-0.33211112,0.558923,9,True
2023-10-13,TSLA,258.8999938964844,259.6000061035156,250.22000122070312,251.1199951171875,251.1199951171875,102073800,-0.36307955,0.49689037,12,True
2023-10-16,AAPL,176.75,179.0800018310547,176.50999450683594,178.72000122070312,176.33505249023438,52517000,0.069862835,0.7552917,10,True
2023-10-16,MSFT,331.04998779296875,336.1400146484375,330.6000061035156,332.6400146484375,325.6391906738281,22158000,0.05365699,0.6516841,11,True
2023-10-16,NVDA,45.0629997253418,46.224998474121094,44.9119987487793,46.095001220703125,46.0091667175293,375099000,-0.060442142,0.7229413,7,True
2023-10-16,TSLA,250.0500030517578,255.39999389648438,248.47999572753906,253.9199981689453,253.9199981689453,88917200,-0.13540897,0.6751592,11,True
2023-10-17,AAPL,176.64999389648438,178.4199981689453,174.8000030517578,177.14999389648438,174.78599548339844,57549400,0.098767474,0.5757598,14,True
2023-10-17,MSFT,329.5899963378906,333.4599914550781,327.4100036621094,332.05999755859375,325.0713806152344,18338500,0.30215895,0.43522775,11,True
2023-10-17,NVDA,44.0,44.75400161743164,42.47999954223633,43.9379997253418,43.8561897277832,812333000,-0.32688576,0.75075895,10,True
2023-10-17,TSLA,250.10000610351562,257.17999267578125,247.0800018310547,254.85000610351562,254.85000610351562,93562900,-0.044356924,0.44785547,9,True
2023-10-18,AAPL,175.5800018310547,177.5800018310547,175.11000061035156,175.83999633789062,173.49346923828125,54764400,-0.05920899,0.6049906,15,True
2023-10-18,MSFT,332.489990234375,335.5899963378906,328.29998779296875,330.1099853515625,323.16241455078125,23153600,-0.10749521,0.46446377,12,True
2023-10-18,NVDA,42.590999603271484,43.21900177001953,41.82500076293945,42.19599914550781,42.11742401123047,627294000,-0.2890709,0.5767,7,True
2023-10-18,TSLA,252.6999969482422,254.6300048828125,242.0800018310547,242.67999267578125,242.67999267578125,125147800,-0.24419671,0.6535514,12,True
2023-10-19,AAPL,176.0399932861328,177.83999633789062,175.19000244140625,175.4600067138672,173.11856079101562,59302900,-0.18953043,0.66079545,13,True
2023-10-19,MSFT,332.1499938964844,336.8800048828125,330.9100036621094,331.32000732421875,324.3470458984375,25052100,0.014766371,0.7328526,10,True
2023-10-19,NVDA,42.81100082397461,43.297000885009766,41.88199996948242,42.10100173950195,42.02260971069336,501233000,-0.22515719,0.65461046,10,True
2023-10-19,TSLA,225.9499969482422,230.61000061035156,216.77999877929688,220.11000061035156,220.11000061035156,170772700,-0.18698986,0.6431421,17,True
2023-10-20,AAPL,175.30999755859375,175.4199981689453,172.63999938964844,172.8800048828125,170.572998046875,64244000,-0.14074828,0.5645544,12,True
2023-10-20,MSFT,331.7200012207031,331.9200134277344,325.45001220703125,326.6700134277344,319.794921875,25027700,0.20054062,0.5842584,10,True
2023-10-20,NVDA,41.88999938964844,42.470001220703125,41.077999114990234,41.387001037597656,41.30992889404297,477266000,-0.32633606,0.60608524,9,True
2023-10-20,TSLA,217.00999450683594,218.86000061035156,210.4199981689453,211.99000549316406,211.99000549316406,138010100,-0.24764842,0.56570756,13,True
2023-10-23,AAPL,170.91000366210938,174.00999450683594,169.92999267578125,173.0,170.69139099121094,55980100,-0.06383275,0.59893084,11,True
2023-10-23,MSFT,325.4700012207031,332.7300109863281,324.3900146484375,329.32000732421875,322.38916015625,24374700,-0.0115751745,0.6646549,12,True
2023-10-23,NVDA,41.229000091552734,43.24800109863281,40.94499969482422,42.974998474121094,42.89497756958008,478530000,0.16516094,0.48378858,7,True
2023-10-23,TSLA,210.0,216.97999572753906,202.50999450683594,212.0800018310547,212.0800018310547,150683400,-0.47329077,0.6126478,10,True
2023-10-24,AAPL,173.0500030517578,173.6699981689453,171.4499969482422,173.44000244140625,171.12550354003906,43816600,-0.07453954,0.53001297,15,True
2023-10-24,MSFT,331.29998779296875,331.8399963378906,327.6000061035156,330.5299987792969,323.5735778808594,31153600,-0.0029602943,0.7243139,14,True
2023-10-24,NVDA,43.07699966430664,43.696998596191406,42.691001892089844,43.66299819946289,43.58169174194336,401463000,-0.0077300537,0.6638181,9,True
2023-10-24,TSLA,216.5,222.0500030517578,214.11000061035156,216.52000427246094,216.52000427246094,118231100,-0.25066918,0.5473275,14,True
2023-10-25,AAPL,171.8800048828125,173.05999755859375,170.64999389648438,171.10000610351562,168.81675720214844,57157000,0.14092344,0.44978964,12,True
2023-10-25,MSFT,345.0199890136719,346.20001220703125,337.6199951171875,340.6700134277344,333.5002136230469,55053800,-0.11351907,0.6427428,18,True
2023-10-25,NVDA,43.39799880981445,43.650001525878906,41.55500030517578,41.77899932861328,41.70119857788086,398379000,-0.3173322,0.6500921,10,True
2023-10-25,TSLA,215.8800048828125,220.10000610351562,212.1999969482422,212.4199981689453,212.4199981689453,107065100,0.09992516,0.51492316,12,True
2023-10-26,AAPL,170.3699951171875,171.3800048828125,165.6699981689453,166.88999938964844,164.6629180908203,70625300,0.100985385,0.56929827,11,True
2023-10-26,MSFT,340.5400085449219,341.6300048828125,326.94000244140625,327.8900146484375,320.9892272949219,37828500,-0.06736469,0.5613069,12,True
2023-10-26,NVDA,41.85300064086914,42.25600051879883,39.880001068115234,40.32600021362305,40.250911712646484,541001000,-0.32503372,0.5172462,7,True
2023-10-26,TSLA,211.32000732421875,214.8000030517578,204.8800048828125,205.75999450683594,205.75999450683594,115112600,-0.050977435,0.5884469,11,True
2023-10-27,AAPL,166.91000366210938,168.9600067138672,166.8300018310547,168.22000122070312,165.97520446777344,58499100,-0.19283034,0.6753947,11,True
2023-10-27,MSFT,330.42999267578125,336.7200012207031,328.3999938964844,329.80999755859375,322.8687438964844,29856500,0.14205392,0.50697577,12,True
2023-10-27,NVDA,41.130001068115234,41.20600128173828,40.01499938964844,40.5,40.42458724975586,416784000,-0.069493786,0.6914221,5,True
2023-10-27,TSLA,210.60000610351562,212.41000366210938,205.77000427246094,207.3000030517578,207.3000030517578,94881200,0.03974406,0.7020482,11,True
2023-10-30,AAPL,169.02000427246094,171.1699981689453,168.8699951171875,170.2899932861328,168.0175323486328,51131000,0.1093952,0.5610396,15,True
2023-10-30,MSFT,333.4100036621094,339.45001220703125,331.8299865722656,337.30999755859375,330.2109069824219,22828100,0.06964635,0.57881963,17,True
2023-10-30,NVDA,41.08700180053711,41.76599884033203,40.48099899291992,41.1609992980957,41.084354400634766,388028000,0.34650427,0.4354974,8,True
2023-10-30,TSLA,209.27999877929688,210.8800048828125,194.6699981689453,197.36000061035156,197.36000061035156,136448200,-0.11906134,0.6022628,12,True
2023-10-31,AAPL,169.35000610351562,170.89999389648438,167.89999389648438,170.77000427246094,168.49114990234375,44846000,-0.32781282,0.48533943,13,True
2023-10-31,MSFT,338.8500061035156,339.0,334.69000244140625,338.1099853515625,330.99407958984375,20265300,-0.0674508,0.549013,6,True
2023-10-31,NVDA,40.45000076293945,40.87900161743164,39.22999954223633,40.779998779296875,40.704063415527344,517969000,-0.71859753,0.40034837,7,True
2023-10-31,TSLA,196.1199951171875,202.8000030517578,194.07000732421875,200.83999633789062,200.83999633789062,118068300,-0.27322966,0.5078707,11,True
2023-11-01,AAPL,171.0,174.22999572753906,170.1199951171875,173.97000122070312,171.6484375,56934900,-0.14665301,0.50496846,13,True
2023-11-01,MSFT,339.7900085449219,347.4200134277344,339.6499938964844,346.07000732421875,338.7865905761719,28158800,-0.26691025,0.4399779,9,True
2023-11-01,NVDA,40.88399887084961,42.38100051879883,40.86899948120117,42.32500076293945,42.246192932128906,437593000,-0.26280364,0.5194772,8,True
2023-11-01,TSLA,204.0399932861328,205.99000549316406,197.85000610351562,205.66000366210938,205.66000366210938,121661700,0.015679259,0.363438,11,True
2023-11-02,AAPL,175.52000427246094,177.77999877929688,175.4600067138672,177.57000732421875,175.20037841796875,77334800,-0.1537611,0.6832578,15,True
2023-11-02,MSFT,347.239990234375,348.8299865722656,344.7699890136719,348.32000732421875,340.9892272949219,24348100,0.048580732,0.40817448,9,True
2023-11-02,NVDA,43.327999114990234,43.88399887084961,42.89400100708008,43.50600051879883,43.42498779296875,409172000,0.027175581,0.61830574,5,True
2023-11-02,TSLA,212.97000122070312,219.1999969482422,211.4499969482422,218.50999450683594,218.50999450683594,125987600,0.26090086,0.6073028,11,True
2023-11-03,AAPL,174.24000549316406,176.82000732421875,173.35000610351562,176.64999389648438,174.2926483154297,79829200,0.040878255,0.7120018,12,True
2023-11-03,MSFT,349.6300048828125,354.3900146484375,347.3299865722656,352.79998779296875,345.37493896484375,23637700,0.018681232,0.6048302,7,True
2023-11-03,NVDA,44.02000045776367,45.308998107910156,43.722999572753906,45.005001068115234,44.921199798583984,424610000,0.3854298,0.5879345,5,True
2023-11-03,TSLA,221.14999389648438,226.3699951171875,218.39999389648438,219.9600067138672,219.9600067138672,119534800,0.073210105,0.5456689,11,True
2023-11-06,AAPL,176.3800048828125,179.42999267578125,176.2100067138672,179.22999572753906,176.8382568359375,63841300,0.05657161,0.6240301,15,True
2023-11-06,MSFT,353.45001220703125,357.5400085449219,353.3500061035156,356.5299987792969,349.0263977050781,23828300,-0.055979315,0.47312278,15,True
2023-11-06,NVDA,45.28499984741211,45.935001373291016,44.89899826049805,45.750999450683594,45.665809631347656,400733000,0.17423332,0.50378895,10,True
2023-11-06,TSLA,223.97999572753906,226.32000732421875,215.0,219.27000427246094,219.27000427246094,117335800,0.065114334,0.6098456,10,True
2023-11-07,AAPL,179.17999267578125,182.44000244140625,178.97000122070312,181.82000732421875,179.3937225341797,70530000,0.09571353,0.4023932,15,True
2023-11-07,MSFT,359.3999938964844,362.4599914550781,357.6300048828125,360.5299987792969,352.94219970703125,25833900,0.2379723,0.5097564,12,True
2023-11-07,NVDA,45.71900177001953,46.21799850463867,45.15800094604492,45.95500183105469,45.86942672729492,343165000,0.2598878,0.37506086,9,True
2023-11-07,TSLA,219.97999572753906,223.1199951171875,215.72000122070312,222.17999267578125,222.17999267578125,116900100,-0.093185335,0.6553612,11,True
2023-11-08,AAPL,182.35000610351562,183.4499969482422,181.58999633789062,182.88999938964844,180.44940185546875,49340300,-0.20614582,0.46778354,12,True
2023-11-08,MSFT,361.67999267578125,363.8699951171875,360.54998779296875,363.20001220703125,355.5560302734375,26767800,0.061146,0.44492403,11,True
2023-11-08,NVDA,46.099998474121094,46.867000579833984,45.96799850463867,46.57400131225586,46.48727798461914,346719000,0.33208477,0.47805175,8,True
2023-11-08,TSLA,223.14999389648438,224.14999389648438,217.63999938964844,222.11000061035156,222.11000061035156,106584800,-0.111108206,0.69944835,11,True
2023-11-09,AAPL,182.9600067138672,184.1199951171875,181.80999755859375,182.41000366210938,179.97581481933594,53763500,-0.0728193,0.42555612,13,True
2023-11-09,MSFT,362.29998779296875,364.7900085449219,360.3599853515625,360.69000244140625,353.098876953125,24847300,0.26588234,0.4680581,7,True
2023-11-09,NVDA,47.46699905395508,48.22999954223633,46.75,46.95000076293945,46.86257553100586,540496000,0.44905996,0.49526173,8,True
2023-11-09,TSLA,219.75,220.8000030517578,206.67999267578125,209.97999572753906,209.97999572753906,142110500,-0.36991885,0.5972989,12,True
2023-11-10,AAPL,183.97000122070312,186.57000732421875,183.52999877929688,186.39999389648438,184.1548614501953,66133400,0.1683679,0.6379924,14,True
2023-11-10,MSFT,361.489990234375,370.1000061035156,361.07000732421875,369.6700134277344,361.889892578125,28042100,0.047322325,0.7893832,15,True
2023-11-10,NVDA,47.5,48.47200012207031,47.28300094604492,48.334999084472656,48.244991302490234,421245000,0.35762098,0.66566175,8,True
2023-11-10,TSLA,210.02999877929688,215.3800048828125,205.69000244140625,214.64999389648438,214.64999389648438,130994000,-0.01595494,0.49541757,11,True
2023-11-13,AAPL,185.82000732421875,186.02999877929688,184.2100067138672,184.8000030517578,182.57411193847656,43627500,0.29528293,0.5586465,15,True
2023-11-13,MSFT,368.2200012207031,368.4700012207031,365.8999938964844,366.67999267578125,358.9627990722656,19986500,0.43421364,0.4118189,12,True
2023-11-13,NVDA,48.31999969482422,49.11600112915039,48.0989990234375,48.619998931884766,48.52946472167969,384136000,0.3932488,0.44604266,10,True
2023-11-13,TSLA,215.60000610351562,225.39999389648438,211.61000061035156,223.7100067138672,223.7100067138672,140447600,0.106516935,0.61507714,14,True
2023-11-14,AAPL,187.6999969482422,188.11000061035156,186.3000030517578,187.44000244140625,185.1823272705078,60108400,0.013054159,0.5310548,15,True
2023-11-14,MSFT,371.010009765625,371.95001220703125,367.3500061035156,370.2699890136719,362.4771728515625,27683900,0.16156131,0.254609,9,True
2023-11-14,NVDA,49.68000030517578,49.83399963378906,49.040000915527344,49.65599822998047,49.56353759765625,416954000,0.27835995,0.5486861,14,True
2023-11-14,TSLA,235.02999877929688,238.13999938964844,230.72000122070312,237.41000366210938,237.41000366210938,149771600,-0.06060542,0.5167864,12,True
2023-11-15,AAPL,187.85000610351562,189.5,187.77999877929688,188.00999450683594,185.74545288085938,53790500,-0.17270121,0.50169194,16,True
2023-11-15,MSFT,371.2799987792969,373.1300048828125,367.1099853515625,369.6700134277344,362.6243896484375,26860100,-0.08687956,0.62484753,13,True
2023-11-15,NVDA,49.935001373291016,49.959999084472656,48.20000076293945,48.88800048828125,48.79696273803711,475497000,-0.18840663,0.6565818,9,True
2023-11-15,TSLA,239.2899932861328,246.6999969482422,236.4499969482422,242.83999633789062,242.83999633789062,150354000,-0.13913442,0.60181767,11,True
2023-11-16,AAPL,189.57000732421875,190.9600067138672,188.64999389648438,189.7100067138672,187.4250030517578,54412900,-0.0024098707,0.5393883,13,True
2023-11-16,MSFT,370.9599914550781,376.3500061035156,370.17999267578125,376.1700134277344,369.0005187988281,27182300,0.33870077,0.40923575,14,True
2023-11-16,NVDA,48.67900085449219,49.525001525878906,48.33000183105469,49.47999954223633,49.38786697387695,339756000,0.26711786,0.5217079,11,True
2023-11-16,TSLA,239.49000549316406,240.8800048828125,230.9600067138672,233.58999633789062,233.58999633789062,136816800,-0.009389156,0.56752986,10,True
2023-11-17,AAPL,190.25,190.3800048828125,188.57000732421875,189.69000244140625,187.40521240234375,50922700,0.018762235,0.38329977,10,True
2023-11-17,MSFT,373.6099853515625,374.3699951171875,367.0,369.8500061035156,362.8009948730469,40157000,0.07199808,0.6248873,11,True
2023-11-17,NVDA,49.52399826049805,49.71699905395508,49.00699996948242,49.29800033569336,49.20620346069336,325205000,-0.008398286,0.7049308,15,True
2023-11-17,TSLA,232.0,237.38999938964844,226.5399932861328,234.3000030517578,234.3000030517578,142532800,-0.28995928,0.5299177,12,True
2023-11-20,AAPL,189.88999938964844,191.91000366210938,189.8800048828125,191.4499969482422,189.14401245117188,46505100,-0.3498567,0.439323,7,True
2023-11-20,MSFT,371.2200012207031,378.8699951171875,371.0,377.44000244140625,370.24627685546875,52465100,-0.10304096,0.70506227,16,True
2023-11-20,NVDA,49.3120002746582,50.54800033569336,49.180999755859375,50.409000396728516,50.315128326416016,414120000,0.18153203,0.6584455,12,True
2023-11-20,TSLA,234.0399932861328,237.10000610351562,231.02000427246094,235.60000610351562,235.60000610351562,116320100,0.05134175,0.53492534,10,True
2023-11-21,AAPL,191.41000366210938,191.52000427246094,189.74000549316406,190.63999938964844,188.34378051757812,38134500,-0.03512718,0.47831574,12,True
2023-11-21,MSFT,375.6700134277344,376.2200012207031,371.1199951171875,373.07000732421875,365.9596252441406,28423100,-0.06729788,0.4248134,11,True
2023-11-21,NVDA,50.125999450683594,50.516998291015625,49.22200012207031,49.944000244140625,49.85099411010742,565747000,0.2549876,0.63769233,12,True
2023-11-21,TSLA,235.0399932861328,243.6199951171875,233.33999633789062,241.1999969482422,241.1999969482422,122288000,0.17753425,0.43797997,10,True
2023-11-22,AAPL,191.49000549316406,192.92999267578125,190.8300018310547,191.30999755859375,189.00570678710938,39617700,-0.2597377,0.70007426,11,True
2023-11-22,MSFT,378.0,379.7900085449219,374.9700012207031,377.8500061035156,370.64849853515625,23345300,-0.14234604,0.7482703,15,True
2023-11-22,NVDA,49.85200119018555,50.334999084472656,47.689998626708984,48.715999603271484,48.62528610229492,899420000,-0.15481307,0.70187837,12,True
2023-11-22,TSLA,242.0399932861328,244.00999450683594,231.39999389648438,234.2100067138672,234.2100067138672,117950600,-0.41501036,0.56116515,12,True
2023-11-24,AAPL,190.8699951171875,190.89999389648438,189.25,189.97000122070312,187.68186950683594,24048300,0.06011743,0.776155,10,True
2023-11-24,MSFT,377.3299865722656,377.9700012207031,375.1400146484375,377.42999267578125,370.2364501953125,10176600,-0.10743409,0.58598566,9,True
2023-11-24,NVDA,48.470001220703125,48.92100143432617,47.744998931884766,47.7760009765625,47.68703842163086,294645000,-0.57637715,0.39176947,9,True
2023-11-24,TSLA,233.75,238.75,232.3300018310547,235.4499969482422,235.4499969482422,65125200,-0.07996447,0.7307062,7,True
2023-11-27,AAPL,189.9199981689453,190.6699981689453,188.89999389648438,189.7899932861328,187.5040283203125,40552600,-0.14628735,0.44505215,8,True
2023-11-27,MSFT,376.7799987792969,380.6400146484375,376.20001220703125,378.6099853515625,371.39398193359375,22179200,0.30085352,0.42836535,7,True
2023-11-27,NVDA,47.79999923706055,48.529998779296875,47.652000427246094,48.242000579833984,48.15216827392578,395662000,-0.08120945,0.70487696,9,True
2023-11-27,TSLA,236.88999938964844,238.3300018310547,232.10000610351562,236.0800018310547,236.0800018310547,112031800,-0.2518297,0.47991487,12,True
2023-11-28,AAPL,189.77999877929688,191.0800018310547,189.39999389648438,190.39999389648438,188.10670471191406,38415400,0.11320886,0.55355525,11,True
2023-11-28,MSFT,378.3500061035156,383.0,378.1600036621094,382.70001220703125,375.4060363769531,20453100,0.29808158,0.5746205,13,True
2023-11-28,NVDA,48.236000061035156,48.323001861572266,47.472999572753906,47.82099914550781,47.73195266723633,401491000,0.42815626,0.40437904,9,True
2023-11-28,TSLA,236.67999267578125,247.0,234.00999450683594,246.72000122070312,246.72000122070312,148549900,0.20051329,0.5200074,10,True
2023-11-29,AAPL,190.89999389648438,192.08999633789062,188.97000122070312,189.3699951171875,187.0890655517578,43014200,-0.0729036,0.60314786,12,True
2023-11-29,MSFT,383.760009765625,384.29998779296875,377.44000244140625,378.8500061035156,371.62945556640625,28963400,0.356084,0.4491215,12,True
2023-11-29,NVDA,48.37900161743164,48.762001037597656,47.86000061035156,48.13999938964844,48.050357818603516,382005000,0.34568128,0.5259998,12,True
2023-11-29,TSLA,249.2100067138672,252.75,242.75999450683594,244.13999938964844,244.13999938964844,135401300,0.08290444,0.56113917,13,True
2023-11-30,AAPL,189.83999633789062,190.32000732421875,188.19000244140625,189.9499969482422,187.662109375,48794400,-0.2564125,0.5173223,16,True
2023-11-30,MSFT,378.489990234375,380.0899963378906,375.4700012207031,378.9100036621094,371.68829345703125,30554400,-0.083908334,0.53256685,13,True
2023-11-30,NVDA,48.02399826049805,48.11000061035156,46.422000885009766,46.77000045776367,46.68291473388672,526247000,-0.3839875,0.45946965,9,True
2023-11-30,TSLA,245.13999938964844,245.22000122070312,236.91000366210938,240.0800018310547,240.0800018310547,132353200,0.022790551,0.45956543,10,True
2023-12-01,AAPL,190.3300018310547,191.55999755859375,189.22999572753906,191.24000549316406,188.9365692138672,45704800,-0.032764174,0.6842658,13,True
2023-12-01,MSFT,376.760009765625,378.1600036621094,371.30999755859375,374.510009765625,367.37213134765625,33040500,0.1025795,0.6208105,11,True
2023-12-01,NVDA,46.525001525878906,47.20000076293945,46.1870002746582,46.76499938964844,46.67792510986328,369317000,0.3770405,0.5677902,11,True
2023-12-01,TSLA,233.13999938964844,240.19000244140625,231.89999389648438,238.8300018310547,238.8300018310547,121331700,0.08316796,0.68065286,12,True
2023-12-04,AAPL,189.97999572753906,190.0500030517578,187.4499969482422,189.42999267578125,187.1483917236328,43389500,-0.21912748,0.4862131,13,True
2023-12-04,MSFT,369.1000061035156,369.5199890136719,362.8999938964844,369.1400146484375,362.1044921875,32063300,0.10934416,0.6002103,15,True
2023-12-04,NVDA,46.07699966430664,46.07699966430664,45.0099983215332,45.5099983215332,45.42525863647461,437543000,-0.022396414,0.6217604,11,True
2023-12-04,TSLA,235.75,239.3699951171875,233.2899932861328,235.5800018310547,235.5800018310547,104099800,-0.08789999,0.5350429,15,True
2023-12-05,AAPL,190.2100067138672,194.39999389648438,190.17999267578125,193.4199981689453,191.09031677246094,66628400,-0.09034211,0.19005372,9,True
2023-12-05,MSFT,366.45001220703125,373.0799865722656,365.6199951171875,372.5199890136719,365.4200439453125,23065000,0.16433011,0.4908038,10,True
2023-12-05,NVDA,45.465999603271484,46.599998474121094,45.270999908447266,46.566001892089844,46.483375549316406,371718000,0.10035645,0.5360394,7,True
2023-12-05,TSLA,233.8699951171875,246.66000366210938,233.6999969482422,238.72000122070312,238.72000122070312,137971100,0.04277721,0.42376763,12,True
2023-12-06,AAPL,194.4499969482422,194.75999450683594,192.11000061035156,192.32000732421875,190.0035858154297,41089700,0.0252222,0.39071763,13,True
2023-12-06,MSFT,373.5400085449219,374.17999267578125,368.0299987792969,368.79998779296875,361.7709655761719,21182100,-0.12235499,0.59099436,11,True
2023-12-06,NVDA,47.21500015258789,47.387001037597656,45.4119987487793,45.50299835205078,45.422264099121094,380590000,0.050287466,0.4858012,10,True
2023-12-06,TSLA,242.9199981689453,246.57000732421875,239.1699981689453,239.3699951171875,239.3699951171875,126436200,0.02372208,0.55458033,11,True
2023-12-07,AAPL,193.6300048828125,195.0,193.58999633789062,194.27000427246094,191.93006896972656,47477700,-0.079028614,0.52420944,13,True
2023-12-07,MSFT,368.2300109863281,371.45001220703125,366.32000732421875,370.95001220703125,363.8800048828125,23118900,0.08796674,0.65293205,21,True
2023-12-07,NVDA,45.70000076293945,46.62900161743164,45.604000091552734,46.59600067138672,46.51332092285156,350823000,-0.0052312575,0.7561867,16,True
2023-12-07,TSLA,241.5500030517578,244.0800018310547,236.97999572753906,242.63999938964844,242.63999938964844,107142300,0.094936706,0.52323776,12,True
2023-12-08,AAPL,194.1999969482422,195.99000549316406,193.6699981689453,195.7100067138672,193.35276794433594,53406400,0.33476177,0.6379208,14,True
2023-12-08,MSFT,369.20001220703125,374.4599914550781,368.2300109863281,374.2300109863281,367.0974426269531,20154400,0.11438289,0.54949987,16,True
2023-12-08,NVDA,46.595001220703125,47.74100112915039,46.54999923706055,47.50600051879883,47.42170715332031,359224000,0.118983716,0.9695678,3,True
2023-12-08,TSLA,240.27000427246094,245.27000427246094,239.27000427246094,243.83999633789062,243.83999633789062,103126800,0.10453155,0.48987067,11,True
2023-12-11,AAPL,193.11000061035156,193.49000549316406,191.4199981689453,193.17999267578125,190.8531951904297,60943700,0.12815973,0.44101188,13,True
2023-12-11,MSFT,368.4800109863281,371.6000061035156,366.1000061035156,371.29998779296875,364.22332763671875,27708800,0.22237128,0.5403527,13,True
2023-12-11,NVDA,47.49100112915039,47.53099822998047,45.83000183105469,46.62699890136719,46.54426956176758,509728000,0.56578726,0.39246818,11,True
2023-12-11,TSLA,242.74000549316406,243.44000244140625,237.4499969482422,239.74000549316406,239.74000549316406,97913900,0.046232697,0.4870131,11,True
2023-12-12,AAPL,193.0800018310547,194.72000122070312,191.72000122070312,194.7100067138672,192.36474609375,52696900,-0.18719268,0.5384511,17,True
2023-12-12,MSFT,370.8500061035156,374.4200134277344,370.4599914550781,374.3800048828125,367.2445983886719,24838300,-0.023515863,0.5957877,15,True
2023-12-12,NVDA,46.04600143432617,47.66600036621094,46.04600143432617,47.65700149536133,47.572444915771484,372387000,0.33992264,0.53177977,11,True
2023-12-12,TSLA,238.5500030517578,238.99000549316406,233.8699951171875,237.00999450683594,237.00999450683594,95328300,-0.33568197,0.29548684,9,True
2023-12-13,AAPL,195.08999633789062,198.0,194.85000610351562,197.9600067138672,195.5756378173828,70404200,-0.26211113,0.5793869,15,True
2023-12-13,MSFT,376.0199890136719,377.6400146484375,370.7699890136719,374.3699951171875,367.23480224609375,30955500,-0.20532404,0.6222157,12,True
2023-12-13,NVDA,47.62900161743164,48.59400177001953,47.608001708984375,48.0880012512207,48.00267791748047,447792000,-0.43409202,0.5881774,9,True
2023-12-13,TSLA,234.19000244140625,240.3000030517578,228.1999969482422,239.2899932861328,239.2899932861328,146286300,-0.34054792,0.5223172,12,True
2023-12-14,AAPL,198.02000427246094,199.6199951171875,196.16000366210938,198.11000061035156,195.72386169433594,66831600,0.260121,0.5927727,20,True
2023-12-14,MSFT,373.30999755859375,373.760009765625,364.1300048828125,365.92999267578125,358.9556579589844,43277500,0.33833712,0.67893016,11,True
2023-12-14,NVDA,48.38999938964844,48.66999816894531,47.422000885009766,48.349998474121094,48.26420974731445,391232000,0.49449754,0.45577708,6,True
2023-12-14,TSLA,241.22000122070312,253.8800048828125,240.7899932861328,251.0500030517578,251.0500030517578,160829200,0.06730158,0.5774042,14,True
2023-12-15,AAPL,197.52999877929688,198.39999389648438,197.0,197.57000732421875,195.19032287597656,128538400,0.05928344,0.48895267,11,True
2023-12-15,MSFT,366.8500061035156,372.3999938964844,366.2799987792969,370.7300109863281,363.6642150878906,78502300,-0.03491341,0.41887048,12,True
2023-12-15,NVDA,48.194000244140625,49.40399932861328,48.119998931884766,48.88999938964844,48.803253173828125,479948000,0.12356654,0.37183562,8,True
2023-12-15,TSLA,251.2100067138672,254.1300048828125,248.3000030517578,253.5,253.5,135932800,-0.108663894,0.55741644,12,True
2023-12-18,AAPL,196.08999633789062,196.6300048828125,194.38999938964844,195.88999938964844,193.53054809570312,55751900,-0.10040298,0.72046494,13,True
2023-12-18,MSFT,369.45001220703125,373.0,368.67999267578125,372.6499938964844,365.5475769042969,21802900,-0.357471,0.38318825,7,True
2023-12-18,NVDA,49.400001525878906,50.43299865722656,49.150001525878906,50.07699966430664,49.98814392089844,412587000,-0.044571273,0.63527644,8,True
2023-12-18,TSLA,253.77999877929688,258.739990234375,251.36000061035156,252.0800018310547,252.0800018310547,116416500,0.27486664,0.31911966,9,True
2023-12-19,AAPL,196.16000366210938,196.9499969482422,195.88999938964844,196.94000244140625,194.56788635253906,40714100,0.032934133,0.47108012,14,True
2023-12-19,MSFT,371.489990234375,373.260009765625,369.8399963378906,373.260009765625,366.14593505859375,20603700,-0.014985204,0.6840234,10,True
2023-12-19,NVDA,49.42399978637695,49.70000076293945,48.89500045776367,49.604000091552734,49.51598358154297,464444000,0.15487629,0.6109746,8,True
2023-12-19,TSLA,253.47999572753906,258.3399963378906,253.00999450683594,257.2200012207031,257.2200012207031,106737400,-0.0068507046,0.5593194,12,True
2023-12-20,AAPL,196.89999389648438,197.67999267578125,194.8300018310547,194.8300018310547,192.4833221435547,52242800,-0.060242888,0.4528067,13,True
2023-12-20,MSFT,375.0,376.0299987792969,370.5299987792969,370.6199951171875,363.5562438964844,26316700,0.01717471,0.4946481,11,True
2023-12-20,NVDA,49.654998779296875,49.999000549316406,48.097999572753906,48.111000061035156,48.025634765625,397894000,0.04632796,0.54405147,11,True
2023-12-20,TSLA,256.4100036621094,259.8399963378906,247.0,247.13999938964844,247.13999938964844,125097000,-0.23293056,0.4243884,11,True
2023-12-21,AAPL,196.10000610351562,197.0800018310547,193.5,194.67999267578125,192.3351287841797,46482500,0.20935598,0.40180486,16,True
2023-12-21,MSFT,372.55999755859375,374.4100036621094,370.0400085449219,373.5400085449219,366.42059326171875,17708000,-0.022892412,0.3316409,14,True
2023-12-21,NVDA,48.81100082397461,49.095001220703125,48.41899871826172,48.9900016784668,48.903079986572266,300425000,0.18868674,0.6043442,13,True
2023-12-21,TSLA,251.89999389648438,254.8000030517578,248.5500030517578,254.5,254.5,109594200,0.12195457,0.5345364,13,True
2023-12-22,AAPL,195.17999267578125,195.41000366210938,192.97000122070312,193.60000610351562,191.26815795898438,37149600,-0.12082033,0.5860356,13,True
2023-12-22,MSFT,373.67999267578125,375.17999267578125,372.7099914550781,374.5799865722656,367.4408264160156,17107500,-0.19049671,0.49442586,10,True
2023-12-22,NVDA,49.19499969482422,49.382999420166016,48.46699905395508,48.83000183105469,48.743350982666016,252507000,-0.018451376,0.61088115,9,True
2023-12-22,TSLA,256.760009765625,258.2200012207031,251.3699951171875,252.5399932861328,252.5399932861328,93370100,-0.1824473,0.55195093,10,True
2023-12-26,AAPL,193.61000061035156,193.88999938964844,192.8300018310547,193.0500030517578,190.72476196289062,28919300,0.0044166446,0.47529334,10,True
2023-12-26,MSFT,375.0,376.94000244140625,373.5,374.6600036621094,367.519287109375,12673100,0.083986685,0.4183434,9,True
2023-12-26,NVDA,48.96799850463867,49.599998474121094,48.959999084472656,49.27899932861328,49.19156265258789,244200000,0.5828365,0.48319635,9,True
2023-12-26,TSLA,254.49000549316406,257.9700012207031,252.91000366210938,256.6099853515625,256.6099853515625,86892400,0.21901369,0.5378141,13,True
2023-12-27,AAPL,192.49000549316406,193.5,191.08999633789062,193.14999389648438,190.82354736328125,48087700,-0.15139712,0.5349337,16,True
2023-12-27,MSFT,373.69000244140625,375.05999755859375,372.80999755859375,374.07000732421875,366.9405517578125,14905400,-0.117199466,0.44586456,11,True
2023-12-27,NVDA,49.51100158691406,49.68000030517578,49.084999084472656,49.41699981689453,49.329322814941406,233648000,0.17760915,0.46423253,11,True
2023-12-27,TSLA,258.3500061035156,263.3399963378906,257.5199890136719,261.44000244140625,261.44000244140625,106494400,-0.043119203,0.47978163,12,True
2023-12-28,AAPL,194.13999938964844,194.66000366210938,193.1699981689453,193.5800018310547,191.24835205078125,34049900,-0.03577545,0.7225103,14,True
2023-12-28,MSFT,375.3699951171875,376.4599914550781,374.1600036621094,375.2799987792969,368.12744140625,14327000,0.17589277,0.67459834,16,True
2023-12-28,NVDA,49.643001556396484,49.88399887084961,49.4119987487793,49.52199935913086,49.43412780761719,246587000,0.32629484,0.48042807,10,True
2023-12-28,TSLA,263.6600036621094,265.1300048828125,252.7100067138672,253.17999267578125,253.17999267578125,113619900,0.011225413,0.6798417,12,True
2023-12-29,AAPL,193.89999389648438,194.39999389648438,191.72999572753906,192.52999877929688,190.21102905273438,42672100,0.23337618,0.5384274,13,True
2023-12-29,MSFT,376.0,377.1600036621094,373.4800109863281,376.0400085449219,368.8729553222656,18730800,0.007378814,0.58444697,10,True
2023-12-29,NVDA,49.8129997253418,49.99700164794922,48.750999450683594,49.52199935913086,49.43412780761719,389293000,0.2820674,0.6989955,8,True
2023-12-29,TSLA,255.10000610351562,255.19000244140625,247.42999267578125,248.47999572753906,248.47999572753906,100891600,0.06916983,0.6087184,14,True
2024-01-02,AAPL,187.14999389648438,188.44000244140625,183.88999938964844,185.63999938964844,183.4040069580078,82488700,-0.22009827,0.6236611,11,True
2024-01-02,MSFT,373.8599853515625,375.8999938964844,366.7699890136719,370.8699951171875,363.80145263671875,25258600,-0.14850594,0.63834727,12,True
2024-01-02,NVDA,49.24399948120117,49.29499816894531,47.595001220703125,48.167999267578125,48.0825309753418,411254000,-0.09490677,0.64137024,12,True
2024-01-02,TSLA,250.0800018310547,251.25,244.41000366210938,248.4199981689453,248.4199981689453,104654200,-0.11610109,0.69898736,13,True
2024-01-03,AAPL,184.22000122070312,185.8800048828125,183.42999267578125,184.25,182.03074645996094,58414500,-0.5310393,0.56441087,14,True
2024-01-03,MSFT,369.010009765625,373.260009765625,368.510009765625,370.6000061035156,363.53668212890625,23083500,-0.2411207,0.5549559,14,True
2024-01-03,NVDA,47.48500061035156,48.183998107910156,47.31999969482422,47.569000244140625,47.48459243774414,320896000,-0.5323172,0.5016667,12,True
2024-01-03,TSLA,244.97999572753906,245.67999267578125,236.32000732421875,238.4499969482422,238.4499969482422,121082600,-0.12144228,0.61561865,14,True
2024-01-04,AAPL,182.14999389648438,183.08999633789062,180.8800048828125,181.91000366210938,179.7189483642578,71983600,-0.5958105,0.5368723,13,True
2024-01-04,MSFT,370.6700134277344,373.1000061035156,367.1700134277344,367.94000244140625,360.9273376464844,20901500,-0.24442054,0.48116758,8,True
2024-01-04,NVDA,47.766998291015625,48.5,47.507999420166016,47.99800109863281,47.912837982177734,306535000,0.01999993,0.743468,12,True
2024-01-04,TSLA,239.25,242.6999969482422,237.72999572753906,237.92999267578125,237.92999267578125,102629300,-0.10750649,0.6344147,12,True
2024-01-05,AAPL,181.99000549316406,182.75999450683594,180.1699981689453,181.17999267578125,178.99774169921875,62379700,-0.41016215,0.509258,15,True
2024-01-05,MSFT,368.9700012207031,372.05999755859375,366.5,367.75,360.740966796875,21004600,-0.21236677,0.39306578,12,True
2024-01-05,NVDA,48.46200180053711,49.547000885009766,48.305999755859375,49.09700012207031,49.009891510009766,415039000,-0.18177198,0.5976533,14,True
2024-01-05,TSLA,236.86000061035156,240.1199951171875,234.89999389648438,237.49000549316406,237.49000549316406,92488900,-0.38331762,0.64329344,12,True
2024-01-08,AAPL,182.08999633789062,185.60000610351562,181.5,185.55999755859375,183.32496643066406,59144500,-0.14593655,0.57206446,11,True
2024-01-08,MSFT,369.29998779296875,375.20001220703125,369.010009765625,374.69000244140625,367.5487060546875,23134000,0.11778446,0.6785737,9,True
2024-01-08,NVDA,49.512001037597656,52.275001525878906,49.479000091552734,52.25299835205078,52.1602897644043,642510000,-0.05259696,0.73393226,15,True
2024-01-08,TSLA,236.13999938964844,241.25,235.3000030517578,240.4499969482422,240.4499969482422,85166600,-0.11414752,0.6546751,10,True
2024-01-09,AAPL,183.9199981689453,185.14999389648438,182.72999572753906,185.13999938964844,182.91001892089844,42841800,-0.03515358,0.6745836,10,True
2024-01-09,MSFT,372.010009765625,375.989990234375,371.19000244140625,375.7900085449219,368.6278076171875,20830000,0.045211338,0.6017603,14,True
2024-01-09,NVDA,52.4010009765625,54.32500076293945,51.689998626708984,53.13999938964844,53.045719146728516,773100000,0.0027249549,0.6902865,12,True
2024-01-09,TSLA,238.11000061035156,238.9600067138672,232.0399932861328,234.9600067138672,234.9600067138672,96705700,-0.088227145,0.7083456,11,True
2024-01-10,AAPL,184.35000610351562,186.39999389648438,183.9199981689453,186.19000244140625,183.94740295410156,46792900,-0.38097277,0.54017574,14,True
2024-01-10,MSFT,376.3699951171875,384.1700134277344,376.32000732421875,382.7699890136719,375.4747314453125,25514200,-0.2121525,0.62457037,11,True
2024-01-10,NVDA,53.61600112915039,54.599998474121094,53.48899841308594,54.349998474121094,54.253570556640625,533796000,0.05990111,0.6667982,13,True
2024-01-10,TSLA,235.10000610351562,235.5,231.2899932861328,233.94000244140625,233.94000244140625,91628500,-0.040390424,0.7213588,14,True
2024-01-11,AAPL,186.5399932861328,187.0500030517578,183.6199951171875,185.58999633789062,183.3546142578125,49128400,-0.57556695,0.4074353,11,True
2024-01-11,MSFT,386.0,390.67999267578125,380.3800048828125,384.6300048828125,377.2992858886719,27850800,-0.20040028,0.6105827,14,True
2024-01-11,NVDA,54.999000549316406,55.34600067138672,53.560001373291016,54.821998596191406,54.7247200012207,596759000,0.048574973,0.78446615,12,True
2024-01-11,TSLA,230.57000732421875,230.92999267578125,225.3699951171875,227.22000122070312,227.22000122070312,105873600,-0.24734564,0.8211464,10,True
2024-01-12,AAPL,186.05999755859375,186.74000549316406,185.19000244140625,185.9199981689453,183.68064880371094,40477800,0.02806784,0.5499979,14,True
2024-01-12,MSFT,385.489990234375,388.67999267578125,384.6499938964844,388.4700012207031,381.0660400390625,21661200,-0.14992678,0.58066404,12,True
2024-01-12,NVDA,54.619998931884766,54.970001220703125,54.33000183105469,54.709999084472656,54.61292266845703,352994000,0.23471467,0.40409383,5,True
2024-01-12,TSLA,220.0800018310547,225.33999633789062,217.14999389648438,218.88999938964844,218.88999938964844,123043800,-0.15958183,0.4888324,15,True
2024-01-16,AAPL,182.16000366210938,184.25999450683594,180.92999267578125,183.6300048828125,181.41819763183594,65603000,0.024532447,0.60653234,15,True
2024-01-16,MSFT,393.6600036621094,394.0299987792969,387.6199951171875,390.2699890136719,382.8317565917969,27202300,0.1533413,0.5657873,9,True
2024-01-16,NVDA,55.018001556396484,56.834999084472656,54.900001525878906,56.38199996948242,56.281959533691406,449580000,-0.13257907,0.6476171,9,True
2024-01-16,TSLA,215.10000610351562,223.49000549316406,212.17999267578125,219.91000366210938,219.91000366210938,115355000,-0.4657015,0.37517083,10,True
2024-01-17,AAPL,181.27000427246094,182.92999267578125,180.3000030517578,182.67999267578125,180.47964477539062,47317400,-0.13843212,0.66276973,14,True
2024-01-17,MSFT,387.9800109863281,390.1099853515625,384.80999755859375,389.4700012207031,382.04705810546875,22234100,-0.0691236,0.657178,13,True
2024-01-17,NVDA,56.34700012207031,56.47100067138672,54.7400016784668,56.053001403808594,55.95354461669922,474394000,0.124413356,0.6233032,7,True
2024-01-17,TSLA,214.86000061035156,215.6699981689453,212.00999450683594,215.5500030517578,215.5500030517578,103164400,-0.28805014,0.7377107,13,True
2024-01-18,AAPL,186.08999633789062,189.13999938964844,185.8300018310547,188.6300048828125,186.3580322265625,78005800,-0.047821794,0.7626047,15,True
2024-01-18,MSFT,391.7200012207031,393.989990234375,390.1199951171875,393.8699951171875,386.3631591796875,23392100,0.039619878,0.73200333,13,True
2024-01-18,NVDA,57.2599983215332,57.599998474121094,56.106998443603516,57.106998443603516,57.005672454833984,491650000,-0.1898155,0.70174086,12,True
2024-01-18,TSLA,216.8800048828125,217.4499969482422,208.74000549316406,211.8800048828125,211.8800048828125,108595400,-0.24355677,0.51345545,10,True
2024-01-19,AAPL,189.3300018310547,191.9499969482422,188.82000732421875,191.55999755859375,189.25270080566406,68903000,-0.15179262,0.6926987,14,True
2024-01-19,MSFT,395.760009765625,398.6700134277344,393.5,398.6700134277344,391.0716857910156,29331100,0.27816772,0.4410054,8,True
2024-01-19,NVDA,57.98899841308594,59.5,57.224998474121094,59.49100112915039,59.385440826416016,543501000,0.41952774,0.5638403,14,True
2024-01-19,TSLA,209.99000549316406,213.19000244140625,207.55999755859375,212.19000244140625,212.19000244140625,102260300,-0.07756557,0.71736264,7,True
2024-01-22,AAPL,192.3000030517578,195.3300018310547,192.25999450683594,193.88999938964844,191.5546417236328,60133900,-0.03927478,0.4855158,14,True
2024-01-22,MSFT,400.0199890136719,400.6199951171875,393.5899963378906,396.510009765625,388.9528503417969,27016900,-0.02779258,0.2836474,8,True
2024-01-22,NVDA,60.04899978637695,60.33100128173828,59.06999969482422,59.65399932861328,59.548160552978516,452955000,0.026611984,0.6737819,11,True
2024-01-22,TSLA,212.25999450683594,217.8000030517578,206.27000427246094,208.8000030517578,208.8000030517578,117952500,-0.0042611957,0.5474996,14,True
2024-01-23,AAPL,195.02000427246094,195.75,193.8300018310547,195.17999267578125,192.8291015625,42355600,0.012307191,0.413167,17,True
2024-01-23,MSFT,395.75,399.3800048828125,393.92999267578125,398.8999938964844,391.2972717285156,20525900,-0.085513376,0.7309247,10,True
2024-01-23,NVDA,59.56999969482422,59.90999984741211,58.584999084472656,59.87300109863281,59.76676559448242,294654000,-0.09556795,0.7849635,13,True
2024-01-23,TSLA,211.3000030517578,215.64999389648438,207.75,209.13999938964844,209.13999938964844,106605900,-0.10265598,0.60649973,13,True
2024-01-24,AAPL,195.4199981689453,196.3800048828125,194.33999633789062,194.5,192.1573028564453,53631300,0.17650773,0.58908385,12,True
2024-01-24,MSFT,401.5400085449219,405.6300048828125,400.45001220703125,402.55999755859375,394.88751220703125,24867000,0.16213901,0.62414426,13,True
2024-01-24,NVDA,60.30400085449219,62.8489990234375,59.9379997253418,61.36199951171875,61.25312805175781,560271000,0.29252765,0.5771206,11,True
2024-01-24,TSLA,211.8800048828125,212.72999572753906,206.77000427246094,207.8300018310547,207.8300018310547,123369900,0.056610856,0.7509758,14,True
2024-01-25,AAPL,195.22000122070312,196.27000427246094,193.11000061035156,194.1699981689453,191.83123779296875,54822100,-0.06584794,0.63943696,18,True
2024-01-25,MSFT,404.32000732421875,407.010009765625,402.5299987792969,404.8699951171875,397.1534729003906,21021200,0.036437783,0.6224463,14,True
2024-01-25,NVDA,62.349998474121094,62.71900177001953,60.849998474121094,61.617000579833984,61.50767517089844,482777000,0.11738006,0.7087601,14,True
2024-01-25,TSLA,189.6999969482422,193.0,180.05999755859375,182.6300048828125,182.6300048828125,198076800,-0.14198963,0.6426763,14,True
2024-01-26,AAPL,194.27000427246094,194.75999450683594,191.94000244140625,192.4199981689453,190.10235595703125,44594000,-0.0031912506,0.6551473,10,True
2024-01-26,MSFT,404.3699951171875,406.1700134277344,402.42999267578125,403.92999267578125,396.2314147949219,17803300,0.08035227,0.7353894,13,True
2024-01-26,NVDA,60.959999084472656,61.78300094604492,60.573001861572266,61.03099822998047,60.922706604003906,390309000,0.0728006,0.7482319,12,True
2024-01-26,TSLA,185.5,186.77999877929688,182.10000610351562,183.25,183.25,107343200,-0.27575293,0.84391654,11,True
2024-01-29,AAPL,192.00999450683594,192.1999969482422,189.5800018310547,191.72999572753906,189.420654296875,47145600,-0.05870705,0.688429,17,True
2024-01-29,MSFT,406.05999755859375,409.9800109863281,404.3299865722656,409.7200012207031,401.9110412597656,24510200,-0.046709083,0.62414306,17,True
2024-01-29,NVDA,61.231998443603516,62.48899841308594,60.90700149536133,62.46500015258789,62.354164123535156,348733000,-0.01425159,0.7098569,14,True
2024-01-29,TSLA,185.6300048828125,191.47999572753906,183.6699981689453,190.92999267578125,190.92999267578125,125013100,0.06378245,0.6661357,16,True
2024-01-30,AAPL,190.94000244140625,191.8000030517578,187.47000122070312,188.0399932861328,185.77511596679688,55859400,0.2856439,0.5170871,16,True
2024-01-30,MSFT,412.260009765625,413.04998779296875,406.45001220703125,408.5899963378906,400.8025817871094,33477600,0.29443228,0.6357458,18,True
2024-01-30,NVDA,62.900001525878906,63.49300003051758,62.2599983215332,62.77399826049805,62.66262435913086,410735000,-0.08937562,0.5612192,10,True
2024-01-30,TSLA,195.3300018310547,196.36000061035156,190.61000061035156,191.58999633789062,191.58999633789062,109982300,-0.04692298,0.68143886,12,True
