Date,Ticker,Sentiment_Mean,Sentiment_Std,Headline_Count
2021-02-01,AAPL,-0.15379976,0.23551,5
2021-02-01,MSFT,0.16188341,0.79323775,2
2021-02-01,NVDA,-0.65717775,0.36508965,2
2021-02-01,TSLA,0.23714289,0.6208068,11
2021-02-02,AAPL,0.022793416,0.5543057,4
2021-02-02,MSFT,-0.9683831,0.0,1
2021-02-02,NVDA,-0.94037855,0.0,1
2021-02-02,TSLA,-0.2901972,0.4654688,10
2021-02-03,AAPL,-0.25691277,0.43509403,5
2021-02-03,MSFT,0.049415853,0.6318799,9
2021-02-03,TSLA,0.34223396,0.3182066,8
2021-02-04,AAPL,0.38967967,0.5820256,4
2021-02-04,MSFT,0.16792093,0.0,1
2021-02-04,TSLA,0.24994805,0.44851404,4
2021-02-05,AAPL,0.30312946,0.46304902,8
2021-02-05,MSFT,0.7786804,0.0,1
2021-02-05,NVDA,0.5342049,0.0,1
2021-02-05,TSLA,0.199928,0.5482945,7
2021-02-06,AAPL,-0.9226801,0.0,1
2021-02-06,MSFT,0.06537458,0.0,1
2021-02-06,NVDA,0.06537458,0.0,1
2021-02-06,TSLA,-0.09760259,0.40050113,4
2021-02-07,AAPL,0.7242171,0.0,1
2021-02-07,TSLA,0.19477724,0.41827837,4
2021-02-08,AAPL,0.15996777,0.5811808,5
2021-02-08,MSFT,0.7535813,0.0,1
2021-02-08,NVDA,0.15872669,0.7260061,3
2021-02-08,TSLA,0.16644235,0.32387903,10
2021-02-09,AAPL,-0.52211446,0.34161842,3
2021-02-09,MSFT,0.20681304,0.49770865,4
2021-02-09,TSLA,0.072441645,0.6357934,11
2021-02-10,AAPL,0.17568247,0.46241167,6
2021-02-10,MSFT,-0.17146306,0.3181944,3
2021-02-10,NVDA,0.14178005,0.0,1
2021-02-10,TSLA,0.16888632,0.49076393,11
2021-02-11,AAPL,-0.19955917,0.4194946,6
2021-02-11,MSFT,0.24795699,0.4825309,3
2021-02-11,NVDA,0.4265093,0.70821506,4
2021-02-11,TSLA,-0.06433298,0.6052754,10
2021-02-12,AAPL,0.045533642,0.58586544,6
2021-02-12,MSFT,0.34024712,0.18057409,2
2021-02-12,NVDA,-0.77413726,0.0,1
2021-02-12,TSLA,0.18939795,0.3091546,10
2021-02-13,MSFT,0.0064695273,0.0,1
2021-02-13,TSLA,-0.35689917,0.4253546,5
2021-02-14,AAPL,-0.09142717,0.6837956,3
2021-02-14,MSFT,0.49136075,0.0,1
2021-02-14,NVDA,0.40629014,0.8653387,3
2021-02-14,TSLA,0.53609335,0.538202,2
2021-02-15,AAPL,0.08247778,0.0,1
2021-02-15,TSLA,0.21228299,0.40952748,5
2021-02-16,AAPL,-0.10385214,0.45392218,10
2021-02-16,MSFT,0.5030893,0.5973902,2
2021-02-16,NVDA,0.8533143,0.0,1
2021-02-16,TSLA,0.18290377,0.4917699,10
2021-02-17,AAPL,-0.19883299,0.63884175,7
2021-02-17,MSFT,-0.07134334,0.5285693,6
2021-02-17,NVDA,0.9242689,0.0,1
2021-02-17,TSLA,0.2497592,0.5452716,9
2021-02-18,AAPL,0.18600191,0.65762603,3
2021-02-18,MSFT,-0.2370431,0.36007553,3
2021-02-18,NVDA,-0.3507258,0.7931727,2
2021-02-18,TSLA,-0.0619764,0.4578095,11
2021-02-19,AAPL,-0.28113547,0.4479396,6
2021-02-19,MSFT,0.264653,0.41003957,4
2021-02-19,TSLA,-0.12455863,0.5656615,7
2021-02-20,AAPL,-0.91920334,0.0,1
2021-02-20,TSLA,0.4937272,0.33794406,5
2021-02-21,AAPL,-0.63737154,0.0,1
2021-02-21,MSFT,0.15009561,0.0,1
2021-02-21,TSLA,-0.22250505,0.6289025,3
2021-02-22,AAPL,-0.19218256,0.7863997,9
2021-02-22,MSFT,-0.20946762,0.33288914,2
2021-02-22,NVDA,-0.06438293,0.6124403,3
2021-02-22,TSLA,0.07690344,0.5339736,10
2021-02-23,AAPL,0.042760234,0.488002,3
2021-02-23,MSFT,-0.25608978,0.20844857,4
2021-02-23,NVDA,0.029576028,0.0,1
2021-02-23,TSLA,-0.19962995,0.6803923,12
2021-02-24,AAPL,0.0001978064,0.50533503,8
2021-02-24,MSFT,0.71901864,0.28452244,3
2021-02-24,NVDA,0.27922106,0.57413954,6
2021-02-24,TSLA,-0.07831492,0.7064884,10
2021-02-25,AAPL,-0.12708737,0.4493924,2
2021-02-25,MSFT,-0.27509558,0.24007718,2
2021-02-25,NVDA,-0.09007031,0.8080789,7
2021-02-25,TSLA,-0.15852818,0.73716176,8
2021-02-26,AAPL,-0.13628031,0.68971,4
2021-02-26,MSFT,0.022359641,0.0,1
2021-02-26,NVDA,-0.09576076,0.17767079,2
2021-02-26,TSLA,-0.31934908,0.68725526,9
2021-02-27,AAPL,0.25619963,0.09085663,3
2021-02-27,MSFT,0.020749006,0.0,1
2021-02-27,TSLA,0.07521218,0.0,1
2021-02-28,AAPL,0.15179361,0.37644163,2
2021-02-28,TSLA,-0.044206377,0.09925579,2
2021-03-01,AAPL,0.1974307,0.3753048,7
2021-03-01,MSFT,0.060408965,0.3516192,4
2021-03-01,TSLA,-0.13947205,0.39688957,9
2021-03-02,AAPL,0.040487297,0.3930943,4
2021-03-02,MSFT,-0.21612439,0.3935238,2
2021-03-02,TSLA,-0.24072666,0.636209,10
2021-03-03,AAPL,-0.22747508,0.46837118,8
2021-03-03,MSFT,-0.40086105,0.4286536,3
2021-03-03,TSLA,-0.0240448,0.24491875,11
2021-03-04,AAPL,-0.44959933,0.6936604,5
2021-03-04,MSFT,-0.46634144,0.6157879,4
2021-03-04,TSLA,-0.04932149,0.6238919,10
2021-03-05,AAPL,-0.33876592,0.54821223,4
2021-03-05,MSFT,-0.1750117,0.89008325,4
2021-03-05,NVDA,-0.9414926,0.0,1
2021-03-05,TSLA,-0.11293944,0.6292558,5
2021-03-06,MSFT,-0.89400905,0.0,1
2021-03-06,TSLA,-0.37424517,0.47750118,3
2021-03-07,MSFT,0.2516552,0.32820013,2
2021-03-07,TSLA,-0.08241527,0.39552915,3
2021-03-08,AAPL,-0.31744006,0.47128218,6
2021-03-08,MSFT,-0.040338505,0.49919564,6
2021-03-08,TSLA,0.20412974,0.5206913,11
2021-03-09,AAPL,-0.37356916,0.5485358,9
2021-03-09,MSFT,-0.067147374,0.926804,3
2021-03-09,TSLA,0.041181255,0.56144714,10
2021-03-10,AAPL,-0.0055240556,0.54428935,12
2021-03-10,MSFT,-0.041400384,0.22426476,4
2021-03-10,NVDA,0.017128656,0.013887134,3
2021-03-10,TSLA,0.14311767,0.60448116,14
2021-03-11,AAPL,-0.2296046,0.56540346,10
2021-03-11,MSFT,-0.13681933,0.5056781,2
2021-03-11,TSLA,0.31785083,0.4148372,11
2021-03-12,AAPL,-0.3479277,0.64059395,8
2021-03-12,MSFT,-0.54350454,0.3607009,3
2021-03-12,TSLA,-0.21695963,0.47173774,10
2021-03-13,AAPL,-0.002907263,0.06482062,3
2021-03-13,MSFT,-0.0061906613,0.0,1
2021-03-13,TSLA,-0.45528722,0.4982596,6
2021-03-14,AAPL,-0.026091289,0.0,1
2021-03-15,AAPL,-0.1210325,0.42076144,2
2021-03-15,MSFT,0.10721878,0.6446383,8
2021-03-15,TSLA,-0.066034004,0.48060536,10
2021-03-16,AAPL,0.0035995245,0.7571974,13
2021-03-16,MSFT,-0.08263548,0.4440998,5
2021-03-16,NVDA,0.76361954,0.0,1
2021-03-16,TSLA,-0.10844495,0.3844996,10
2021-03-17,AAPL,-0.18607567,0.7156724,7
2021-03-17,MSFT,0.19989178,1.007074,2
2021-03-17,TSLA,-0.24602325,0.6312693,7
2021-03-18,AAPL,-0.15982683,0.44131032,10
2021-03-18,MSFT,0.21484926,0.64081585,4
2021-03-18,TSLA,0.0140473135,0.60607153,11
2021-03-19,AAPL,0.18421526,0.5281418,11
2021-03-19,MSFT,0.8928935,0.011744894,2
2021-03-19,NVDA,-0.8514679,0.0,1
2021-03-19,TSLA,-0.12753345,0.5644578,11
2021-03-20,AAPL,-0.8570413,0.0,1
2021-03-20,TSLA,-0.5668599,0.52004087,3
2021-03-21,AAPL,0.20748015,0.31810868,3
2021-03-21,NVDA,0.058395393,0.0,1
2021-03-21,TSLA,-0.046983242,0.42029768,6
2021-03-22,AAPL,-0.110408336,0.7276648,8
2021-03-22,MSFT,-0.19178948,0.29306874,2
2021-03-22,NVDA,-0.45779014,0.07604199,3
2021-03-22,TSLA,0.023851983,0.44526786,9
2021-03-23,AAPL,-0.25214934,0.46557215,9
2021-03-23,MSFT,-0.32322374,0.772515,6
2021-03-23,NVDA,0.9162383,0.0,1
2021-03-23,TSLA,-0.13007377,0.4911214,11
2021-03-24,AAPL,-0.045977514,0.5944155,7
2021-03-24,MSFT,0.09322731,0.4654989,5
2021-03-24,TSLA,-0.04313482,0.52570546,10
2021-03-25,AAPL,-0.010439783,0.74849916,5
2021-03-25,MSFT,-0.14661396,0.96291,3
2021-03-25,TSLA,0.09559353,0.59791636,11
2021-03-26,AAPL,-0.112822406,0.29208598,6
2021-03-26,MSFT,-0.29471272,0.50344634,4
2021-03-26,TSLA,0.16417024,0.62259114,11
2021-03-27,AAPL,-0.0036982214,0.03166858,2
2021-03-27,MSFT,-0.026091289,0.0,1
2021-03-27,TSLA,-0.582864,0.5230508,3
2021-03-28,AAPL,0.9311612,0.0,1
2021-03-28,MSFT,0.1745205,0.0,1
2021-03-28,TSLA,-0.026091289,0.0,1
2021-03-29,AAPL,-0.38843685,0.47827548,8
2021-03-29,MSFT,-0.5878753,0.42368662,3
2021-03-29,NVDA,0.08914879,0.07278047,2
2021-03-29,TSLA,-0.43452683,0.4941368,9
2021-03-30,AAPL,-0.2076925,0.6741319,10
2021-03-30,MSFT,-0.8032177,0.26765686,3
2021-03-30,NVDA,0.8692753,0.0,1
2021-03-30,TSLA,-0.30236384,0.57940054,10
2021-03-31,AAPL,0.13303155,0.6861418,11
2021-03-31,MSFT,-0.35684586,0.5361775,3
2021-03-31,NVDA,0.042540923,0.689283,2
2021-03-31,TSLA,-0.31693682,0.60264087,11
2021-04-01,AAPL,-0.19040956,0.34742478,10
2021-04-01,MSFT,0.14537412,0.651762,3
2021-04-01,NVDA,-0.43218842,0.6644056,2
2021-04-01,TSLA,0.08242608,0.64919937,11
2021-04-02,TSLA,0.72704387,0.28905138,2
2021-04-03,AAPL,-0.046181463,0.0,1
2021-04-03,TSLA,-0.021955162,0.030843653,3
2021-04-04,AAPL,-0.054831237,0.0,1
2021-04-04,MSFT,-0.026091289,0.0,1
2021-04-04,TSLA,-0.29768404,0.548683,3
2021-04-05,AAPL,0.07118745,0.61122036,9
2021-04-05,MSFT,-0.26141396,0.3531119,4
2021-04-05,TSLA,0.273058,0.68081826,11
2021-04-06,AAPL,-0.24271202,0.6690013,11
2021-04-06,MSFT,0.10914339,0.8354391,4
2021-04-06,TSLA,0.0763276,0.56885594,11
2021-04-07,AAPL,-0.27748036,0.7495563,5
2021-04-07,MSFT,0.069191016,0.6216354,6
2021-04-07,NVDA,0.06081447,0.0,1
2021-04-07,TSLA,-0.23262691,0.70386183,11
2021-04-08,AAPL,-0.11078769,0.52934694,10
2021-04-08,MSFT,-0.1358557,0.58710015,8
2021-04-08,TSLA,0.057073962,0.6691726,12
2021-04-09,AAPL,-0.19865692,0.52584416,9
2021-04-09,MSFT,-0.32389066,0.45674807,6
2021-04-09,NVDA,0.15053645,0.0,1
2021-04-09,TSLA,0.07821538,0.6455489,11
2021-04-10,AAPL,-0.26750985,0.0,1
2021-04-10,TSLA,0.45362443,0.6784205,2
2021-04-11,AAPL,0.12570542,0.1199265,3
2021-04-11,MSFT,0.2621765,0.0,1
2021-04-11,TSLA,0.33565226,0.5196336,3
2021-04-12,AAPL,-0.090890974,0.6891635,16
2021-04-12,MSFT,0.067453876,0.80790573,14
2021-04-12,NVDA,-0.10343433,0.7085188,7
2021-04-12,TSLA,0.38636547,0.5345342,13
2021-04-13,AAPL,-0.005375309,0.45477533,10
2021-04-13,MSFT,0.310215,0.43867794,5
2021-04-13,NVDA,0.09191774,0.532277,5
2021-04-13,TSLA,0.38730848,0.49264324,13
2021-04-14,AAPL,-0.22019672,0.68844,12
2021-04-14,MSFT,-0.44003463,0.370503,4
2021-04-14,NVDA,-0.092595726,0.43334988,2
2021-04-14,TSLA,-0.07143234,0.65581894,13
2021-04-15,AAPL,0.3418042,0.7509568,5
2021-04-15,MSFT,0.15345831,0.41636282,6
2021-04-15,NVDA,0.48517296,0.6035723,9
2021-04-15,TSLA,0.23017012,0.5492852,12
2021-04-16,AAPL,0.19771,0.47778502,5
2021-04-16,MSFT,0.22026531,0.46425462,5
2021-04-16,NVDA,0.2476611,0.0,1
2021-04-16,TSLA,0.056648035,0.6567875,12
2021-04-17,TSLA,0.11613254,0.43601373,4
2021-04-18,MSFT,0.0412968,0.0,1
2021-04-18,NVDA,0.023588758,0.035845447,2
2021-04-18,TSLA,0.08418008,0.44815773,7
2021-04-19,AAPL,0.00951646,0.47877878,10
2021-04-19,MSFT,-0.20497903,0.5694198,5
2021-04-19,NVDA,-0.38822275,0.85367596,5
2021-04-19,TSLA,-0.417076,0.5098659,13
2021-04-20,AAPL,-0.27468917,0.57252043,10
2021-04-20,MSFT,-0.46998498,0.50005496,3
2021-04-20,NVDA,-0.9545926,0.0,1
2021-04-20,TSLA,-0.12851611,0.5381123,10
2021-04-21,AAPL,-0.026311612,0.6033599,10
2021-04-21,MSFT,-0.12085951,0.715392,8
2021-04-21,NVDA,0.6730288,0.0,1
2021-04-21,TSLA,-0.08628998,0.63962996,9
2021-04-22,AAPL,-0.28767887,0.55472773,9
2021-04-22,MSFT,-0.08211628,0.6647356,6
2021-04-22,NVDA,-0.16496056,0.6377456,3
2021-04-22,TSLA,-0.1490687,0.57289207,12
2021-04-23,AAPL,0.15414368,0.6150013,10
2021-04-23,MSFT,0.2717945,0.5404226,7
2021-04-23,NVDA,0.0346501,0.7571291,6
2021-04-23,TSLA,0.2236691,0.48302203,11
2021-04-24,AAPL,-0.014050864,0.0,1
2021-04-24,TSLA,0.2553789,0.3700741,5
2021-04-25,AAPL,0.05753715,0.0,1
2021-04-25,TSLA,0.32258818,0.48560908,3
2021-04-26,AAPL,-0.08537317,0.6569943,11
2021-04-26,MSFT,0.15861335,0.55590403,12
2021-04-26,NVDA,0.25869364,0.8485032,4
2021-04-26,TSLA,0.27712592,0.6105062,14
2021-04-27,AAPL,0.13072968,0.6505367,9
2021-04-27,MSFT,0.21785341,0.7208178,12
2021-04-27,NVDA,-0.25528598,0.8323459,2
2021-04-27,TSLA,-0.40896863,0.7693739,11
2021-04-28,AAPL,-0.099435985,0.6525309,12
2021-04-28,MSFT,0.0922094,0.55229884,10
2021-04-28,NVDA,0.0056687873,0.015666755,2
2021-04-28,TSLA,0.15169893,0.49252543,12
2021-04-29,AAPL,0.25778568,0.6666708,15
2021-04-29,MSFT,-0.27561042,0.75501734,5
2021-04-29,NVDA,-0.18899757,0.36183816,2
2021-04-29,TSLA,0.055199828,0.6037595,11
2021-04-30,AAPL,-0.30702934,0.65067244,10
2021-04-30,MSFT,0.5448654,0.48513085,2
2021-04-30,NVDA,-0.90300435,0.0,1
2021-04-30,TSLA,-0.17788422,0.65205294,12
2021-05-01,AAPL,0.09361868,0.0,1
2021-05-01,MSFT,0.93262327,0.0,1
2021-05-01,TSLA,0.4360547,0.5864679,2
2021-05-02,AAPL,-0.21980831,0.35894486,4
2021-05-02,MSFT,-0.49522936,0.2667377,2
2021-05-02,TSLA,-0.45023414,0.39882246,4
2021-05-03,AAPL,-0.111437134,0.4362914,11
2021-05-03,MSFT,-0.04673943,0.61196274,6
2021-05-03,NVDA,-0.80529773,0.0,1
2021-05-03,TSLA,-0.13538025,0.62026817,11
2021-05-04,AAPL,-0.35478136,0.51088965,7
2021-05-04,MSFT,-0.056313682,0.35418856,5
2021-05-04,NVDA,-0.9421117,0.0,1
2021-05-04,TSLA,0.101219095,0.56576335,10
2021-05-05,AAPL,-0.042220727,0.52365696,8
2021-05-05,MSFT,-0.30874243,0.7664753,5
2021-05-05,NVDA,0.4954175,0.70725304,3
2021-05-05,TSLA,-0.028935157,0.45892498,11
2021-05-06,AAPL,-0.1785971,0.38408685,6
2021-05-06,MSFT,-0.59387726,0.0,1
2021-05-06,TSLA,-0.13197024,0.5157285,12
2021-05-07,AAPL,-0.29364723,0.8208204,4
2021-05-07,MSFT,-0.44485578,0.0,1
2021-05-07,TSLA,-0.23344283,0.52759933,11
2021-05-08,AAPL,0.06364818,0.0,1
2021-05-08,TSLA,0.015827984,0.07356185,4
2021-05-09,AAPL,0.1129132,0.0,1
2021-05-09,MSFT,0.09883214,0.0,1
2021-05-09,TSLA,0.0381147,0.20758481,7
2021-05-10,AAPL,-0.34175065,0.54572654,6
2021-05-10,MSFT,-0.14473945,0.60655576,2
2021-05-10,NVDA,0.6403851,0.0,1
2021-05-10,TSLA,-0.18547893,0.5571948,10
2021-05-11,AAPL,-0.45474675,0.60393447,12
2021-05-11,MSFT,0.0026256382,0.44255176,5
2021-05-11,NVDA,-0.19993305,1.0800699,2
2021-05-11,TSLA,-0.18495601,0.6068169,10
2021-05-12,AAPL,-0.32183793,0.402513,8
2021-05-12,MSFT,-0.27308854,0.31296432,2
2021-05-12,NVDA,-0.49438775,0.0,1
2021-05-12,TSLA,-0.20881107,0.5828869,10
2021-05-13,AAPL,0.3098677,0.7069771,6
2021-05-13,MSFT,0.70033634,0.17531584,2
2021-05-13,TSLA,-0.2745931,0.7341549,14
2021-05-14,AAPL,0.26766473,0.58489585,4
2021-05-14,MSFT,0.2906765,0.0,1
2021-05-14,NVDA,-0.725876,0.32737374,2
2021-05-14,TSLA,-0.039862607,0.77945435,9
2021-05-15,AAPL,-0.50782835,0.47364485,2
2021-05-15,MSFT,-0.84274584,0.0,1
2021-05-15,TSLA,0.93114334,0.0,1
2021-05-16,AAPL,0.16088201,0.0,1
2021-05-16,TSLA,-0.37288895,0.6283245,3
2021-05-17,AAPL,-0.2484266,0.59779865,10
2021-05-17,MSFT,-0.5955354,0.3729141,5
2021-05-17,NVDA,0.79244524,0.0,1
2021-05-17,TSLA,-0.43607008,0.39805296,11
2021-05-18,AAPL,-0.19203636,0.6274806,13
2021-05-18,MSFT,0.13528866,0.570837,4
2021-05-18,NVDA,-0.39203218,0.75060177,2
2021-05-18,TSLA,-0.46206945,0.4409699,10
2021-05-19,AAPL,-0.4522029,0.5867678,8
2021-05-19,MSFT,-0.4822894,0.81254834,3
2021-05-19,NVDA,-0.872755,0.0,1
2021-05-19,TSLA,-0.5594073,0.45736417,11
2021-05-20,AAPL,-0.083785735,0.5806233,9
2021-05-20,MSFT,0.23552719,0.4887226,4
2021-05-20,NVDA,-0.21316546,0.9656912,3
2021-05-20,TSLA,-0.07791597,0.6876866,12
2021-05-21,AAPL,-0.1319564,0.59473,9
2021-05-21,MSFT,-0.6468093,0.25261796,3
2021-05-21,NVDA,-0.4426848,0.39781383,5
2021-05-21,TSLA,-0.09866884,0.6190029,11
2021-05-22,AAPL,0.0054526115,0.011258625,2
2021-05-22,MSFT,0.6636521,0.22424594,2
2021-05-22,TSLA,-0.31930226,0.44165212,4
2021-05-23,AAPL,-0.45996255,0.25699013,2
2021-05-23,NVDA,0.19991158,0.0,1
2021-05-23,TSLA,-0.47901332,0.6877813,2
2021-05-24,AAPL,0.07328497,0.5081908,5
2021-05-24,MSFT,0.40590984,0.5872304,7
2021-05-24,NVDA,0.88050413,0.05279786,2
2021-05-24,TSLA,-0.011599297,0.5730648,10
2021-05-25,AAPL,-0.13926338,0.43217292,2
2021-05-25,MSFT,0.102019474,0.7733984,2
2021-05-25,NVDA,-0.06732144,0.7119417,3
2021-05-25,TSLA,-0.033185165,0.4359394,11
2021-05-26,AAPL,-0.25307542,0.3740564,6
2021-05-26,MSFT,-0.6047694,0.0,1
2021-05-26,NVDA,-0.068388894,0.8670877,5
2021-05-26,TSLA,-0.031167671,0.4227158,10
2021-05-27,AAPL,-0.1830233,0.6077931,9
2021-05-27,MSFT,-0.21415699,0.58751476,5
2021-05-27,NVDA,0.06307226,0.75556487,9
2021-05-27,TSLA,-0.039463,0.5838144,10
2021-05-28,AAPL,-0.22177933,0.6294031,7
2021-05-28,MSFT,-0.24306922,0.6251085,5
2021-05-28,NVDA,0.47439456,0.5064046,4
2021-05-28,TSLA,-0.29496706,0.6753045,11
2021-05-29,AAPL,0.020026669,0.0,1
2021-05-29,TSLA,-0.24599628,0.49117085,3
2021-05-30,AAPL,-0.43345803,0.69446796,2
2021-05-30,MSFT,-0.42614168,0.0,1
2021-05-30,TSLA,0.0037028976,0.0,1
2021-05-31,TSLA,0.42655167,0.5703888,2
2021-06-01,AAPL,0.2758769,0.42632958,11
2021-06-01,MSFT,0.12122123,0.5002158,5
2021-06-01,NVDA,-0.022638056,0.6086985,5
2021-06-01,TSLA,0.12375585,0.6501496,12
2021-06-02,AAPL,0.021460837,0.64130944,10
2021-06-02,MSFT,0.27159455,0.3397083,7
2021-06-02,NVDA,0.60375303,0.45474765,2
2021-06-02,TSLA,-0.1455593,0.7297543,9
2021-06-03,AAPL,-0.17157692,0.50648785,5
2021-06-03,MSFT,0.43664208,0.50450784,3
2021-06-03,NVDA,-0.52298504,0.43681747,3
2021-06-03,TSLA,-0.40451786,0.6071527,11
2021-06-04,AAPL,0.06467635,0.51055163,10
2021-06-04,MSFT,0.46587536,0.44006816,3
2021-06-04,NVDA,0.66537136,0.3689344,2
2021-06-04,TSLA,0.10228497,0.4452301,10
2021-06-05,AAPL,0.056814283,0.0060406365,2
2021-06-05,MSFT,0.53415287,0.0,1
2021-06-05,TSLA,0.23473871,0.33335122,3
2021-06-06,AAPL,0.4223676,0.5444807,2
2021-06-06,TSLA,0.29241404,0.35396188,4
2021-06-07,AAPL,-0.19684674,0.621885,12
2021-06-07,MSFT,0.0773708,0.5528895,3
2021-06-07,NVDA,-0.09740696,0.2557881,4
2021-06-07,TSLA,-0.07089231,0.6034076,11
2021-06-08,AAPL,-0.18854927,0.4053077,6
2021-06-08,TSLA,-0.022781948,0.71297497,12
2021-06-09,AAPL,-0.42537776,0.43700635,6
2021-06-09,MSFT,-0.13323887,0.7982478,4
2021-06-09,TSLA,0.29282698,0.45524547,9
2021-06-10,AAPL,-0.18981272,0.36898637,6
2021-06-10,MSFT,0.22595394,0.4371226,4
2021-06-10,TSLA,-0.053198863,0.6374192,10
2021-06-11,AAPL,-0.22336358,0.41370785,4
2021-06-11,MSFT,0.1371515,0.69183433,3
2021-06-11,NVDA,0.15927689,0.52314264,5
2021-06-11,TSLA,-0.29227734,0.4321176,11
2021-06-12,AAPL,-0.26236612,0.45289385,2
2021-06-12,NVDA,0.073912084,0.0,1
2021-06-12,TSLA,-0.17500973,0.3642224,3
2021-06-13,AAPL,0.062560335,0.02081635,2
2021-06-13,NVDA,0.07727972,0.0,1
2021-06-13,TSLA,0.06871086,0.018478207,4
2021-06-14,AAPL,0.09963801,0.57887465,12
2021-06-14,MSFT,0.18727688,0.55849063,7
2021-06-14,NVDA,0.1254943,0.59178925,4
2021-06-14,TSLA,0.28562453,0.4778472,10
2021-06-15,AAPL,-0.24624416,0.45685565,13
2021-06-15,MSFT,-0.2714122,0.4117735,4
2021-06-15,NVDA,-0.90705574,0.0,1
2021-06-15,TSLA,-0.19829415,0.5635145,12
2021-06-16,AAPL,0.027505724,0.40312433,6
2021-06-16,MSFT,-0.057363663,0.31152213,3
2021-06-16,NVDA,0.17932542,0.0,1
2021-06-16,TSLA,-0.30833942,0.6069492,10
2021-06-17,AAPL,-0.029842237,0.71529114,8
2021-06-17,MSFT,-0.6899259,0.44569844,4
2021-06-17,NVDA,0.5936359,0.4312953,5
2021-06-17,TSLA,0.2923993,0.47944513,11
2021-06-18,AAPL,-0.16574842,0.69877005,6
2021-06-18,MSFT,0.41470602,0.6646223,4
2021-06-18,NVDA,0.03371574,0.7784553,4
2021-06-18,TSLA,-0.009458484,0.37455696,7
2021-06-19,TSLA,0.2642621,0.39233768,3
2021-06-20,AAPL,0.034690242,0.0,1
2021-06-20,MSFT,0.034690242,0.0,1
2021-06-20,TSLA,0.024737842,0.0,1
2021-06-21,AAPL,-0.2926423,0.6207164,5
2021-06-21,MSFT,-0.11151272,1.1875035,2
2021-06-21,NVDA,-0.9625833,0.005395766,2
2021-06-21,TSLA,0.25268537,0.56168026,10
2021-06-22,AAPL,0.10401001,0.34665576,7
2021-06-22,MSFT,-0.44929993,0.33993083,4
2021-06-22,NVDA,-0.11535754,0.60743153,6
2021-06-22,TSLA,-0.3378597,0.56287354,10
2021-06-23,AAPL,0.14487904,0.46018988,10
2021-06-23,MSFT,0.08152126,0.4840424,14
2021-06-23,NVDA,0.10036238,0.7078417,3
2021-06-23,TSLA,0.055845894,0.61699206,11
2021-06-24,AAPL,0.031392347,0.4796133,11
2021-06-24,MSFT,0.16605026,0.43706393,8
2021-06-24,NVDA,0.40816498,0.45397043,3
2021-06-24,TSLA,-0.08674788,0.5272823,11
2021-06-25,AAPL,-0.065443285,0.8406921,3
2021-06-25,MSFT,0.09506836,0.38670945,5
2021-06-25,NVDA,-0.44485578,0.0,1
2021-06-25,TSLA,-0.0419859,0.67763597,10
2021-06-26,MSFT,-0.38286683,0.0,1
2021-06-26,TSLA,-0.94863695,0.0,1
2021-06-27,TSLA,0.21995692,0.0,1
2021-06-28,AAPL,-0.13121723,0.6689605,10
2021-06-28,MSFT,0.34230152,0.3656516,7
2021-06-28,NVDA,0.39460397,0.5724457,6
2021-06-28,TSLA,0.08449972,0.5424907,11
2021-06-29,AAPL,0.07865141,0.5708463,7
2021-06-29,MSFT,-0.024954472,0.25906935,5
2021-06-29,NVDA,-0.874521,0.0,1
2021-06-29,TSLA,-0.003615726,0.47984862,11
2021-06-30,AAPL,-0.1458436,0.6729323,8
2021-06-30,MSFT,-0.161911,0.5651246,9
2021-06-30,NVDA,-0.21022685,0.46759832,5
2021-06-30,TSLA,0.32519457,0.55711055,9
2021-07-01,AAPL,-0.13571733,0.62451714,6
2021-07-01,MSFT,-0.10176043,0.8076139,7
2021-07-01,NVDA,0.0904605,0.7355833,6
2021-07-01,TSLA,-0.02953701,0.76717114,9
2021-07-02,AAPL,-0.03164628,0.64445245,9
2021-07-02,MSFT,-0.04876068,0.71413916,7
2021-07-02,NVDA,0.26917964,0.7405151,4
2021-07-02,TSLA,0.07522398,0.7049564,10
2021-07-03,MSFT,0.23447554,0.6110964,2
2021-07-03,TSLA,0.8228698,0.0,1
2021-07-04,AAPL,-0.35834777,0.5444956,2
2021-07-04,NVDA,-0.18280974,0.0,1
2021-07-04,TSLA,-0.18280974,0.0,1
2021-07-05,AAPL,-0.06291293,0.0,1
2021-07-05,TSLA,0.09732742,0.0,1
2021-07-06,AAPL,-0.10323999,0.43216595,11
2021-07-06,MSFT,-0.38806546,0.4854575,9
2021-07-06,NVDA,0.2294805,0.54468524,7
2021-07-06,TSLA,-0.036733203,0.44340542,10
2021-07-07,AAPL,-0.117703795,0.6246298,10
2021-07-07,MSFT,0.31634143,0.45658204,11
2021-07-07,NVDA,0.13964926,0.5708353,6
2021-07-07,TSLA,0.072836116,0.78052706,11
2021-07-08,AAPL,-0.10808588,0.6764063,9
2021-07-08,MSFT,-0.27058464,0.43612188,7
2021-07-08,NVDA,-0.63862467,0.5168339,3
2021-07-08,TSLA,-0.3455874,0.5750026,13
2021-07-09,AAPL,-0.13202544,0.5412366,11
2021-07-09,MSFT,-0.5563332,0.43395,4
2021-07-09,NVDA,-0.672131,0.2513669,2
2021-07-09,TSLA,0.17767404,0.60152644,10
2021-07-10,AAPL,-0.24159688,0.032779206,2
2021-07-10,TSLA,-0.33647054,0.10139244,2
2021-07-11,AAPL,0.42371932,0.5159896,2
2021-07-11,TSLA,0.020146493,0.011652127,2
2021-07-12,AAPL,0.049008187,0.72874755,11
2021-07-12,MSFT,-0.1638198,0.71164244,7
2021-07-12,NVDA,0.10196717,0.2140095,2
2021-07-12,TSLA,0.061549213,0.5684589,13
2021-07-13,AAPL,0.19796614,0.5020043,12
2021-07-13,MSFT,0.13799044,0.64859617,7
2021-07-13,NVDA,-0.1944329,0.85253215,3
2021-07-13,TSLA,-0.026031014,0.59185445,13
2021-07-14,AAPL,0.10184396,0.62195635,12
2021-07-14,MSFT,0.31909472,0.3807101,5
2021-07-14,NVDA,-0.17467685,0.9080403,4
2021-07-14,TSLA,-0.12998413,0.8471056,11
2021-07-15,AAPL,0.034775488,0.6271774,15
2021-07-15,MSFT,-0.14441068,0.6579943,7
2021-07-15,NVDA,-0.3695433,0.7083478,6
2021-07-15,TSLA,-0.37263262,0.5731,10
2021-07-16,AAPL,-0.08377894,0.744311,12
2021-07-16,MSFT,-0.23908511,0.5953958,11
2021-07-16,NVDA,-0.055380464,0.793105,6
2021-07-16,TSLA,0.06435159,0.59414953,13
2021-07-17,AAPL,-0.19377437,0.0,1
2021-07-17,TSLA,-0.19377437,0.0,1
2021-07-18,AAPL,0.02817462,0.0,1
2021-07-18,TSLA,-0.12066931,0.7809722,3
2021-07-19,AAPL,-0.004859562,0.65438765,13
2021-07-19,MSFT,-0.3592678,0.651527,8
2021-07-19,NVDA,-0.04217363,0.5733905,9
2021-07-19,TSLA,-0.07648507,0.62428117,12
2021-07-20,AAPL,0.47704747,0.4418431,11
2021-07-20,MSFT,0.32920915,0.5653906,2
2021-07-20,NVDA,0.48069564,0.31033704,5
2021-07-20,TSLA,0.16403793,0.4242436,11
2021-07-21,AAPL,-0.0064476086,0.6282415,13
2021-07-21,MSFT,0.16169572,0.50842565,10
2021-07-21,NVDA,-0.12488943,0.65523964,5
2021-07-21,TSLA,0.065405205,0.4391513,14
2021-07-22,AAPL,0.019100785,0.64781916,15
2021-07-22,MSFT,0.2682383,0.5530718,10
2021-07-22,NVDA,0.43922248,0.5342018,7
2021-07-22,TSLA,-0.069275506,0.6150211,11
2021-07-23,AAPL,0.0420927,0.6403845,12
2021-07-23,MSFT,-0.17591047,0.5062753,7
2021-07-23,NVDA,-0.2898632,0.73732144,3
2021-07-23,TSLA,0.17197517,0.5020913,15
2021-07-24,AAPL,0.02198983,0.03913773,3
2021-07-24,MSFT,0.0336657,0.0,1
2021-07-24,TSLA,0.7519468,0.21607198,2
2021-07-25,AAPL,-0.2858946,0.29316214,2
2021-07-25,NVDA,-0.07859767,0.0,1
2021-07-25,TSLA,0.14812358,0.32063225,2
2021-07-26,AAPL,0.38994038,0.43369514,15
2021-07-26,MSFT,0.16755787,0.54641104,10
2021-07-26,NVDA,-0.16351286,1.0308195,2
2021-07-26,TSLA,0.15101513,0.5461049,13
2021-07-27,AAPL,-0.021731216,0.65288377,16
2021-07-27,MSFT,0.2241736,0.7320642,9
2021-07-27,NVDA,-0.6177249,0.30929485,2
2021-07-27,TSLA,-0.29496145,0.62547654,14
2021-07-28,AAPL,0.19059616,0.7079272,15
2021-07-28,MSFT,0.28832754,0.53163475,11
2021-07-28,NVDA,0.13285628,0.60239786,4
2021-07-28,TSLA,0.24134453,0.6482806,12
2021-07-29,AAPL,0.09529688,0.66505575,10
2021-07-29,MSFT,0.014077642,0.5828347,11
2021-07-29,NVDA,-0.022095004,0.9056611,3
2021-07-29,TSLA,0.2159634,0.46098435,14
2021-07-30,AAPL,-0.3515349,0.6246226,11
2021-07-30,MSFT,-0.16912472,0.60099846,7
2021-07-30,NVDA,-0.17440856,0.9413549,3
2021-07-30,TSLA,-0.05477333,0.5384601,11
2021-07-31,AAPL,0.063183025,0.0,1
2021-07-31,TSLA,-0.4111706,0.0,1
2021-08-01,AAPL,0.026697066,0.035715003,2
2021-08-01,MSFT,0.051951386,0.0,1
2021-08-01,TSLA,0.0014427453,0.0,1
2021-08-02,AAPL,-0.042644206,0.62569046,11
2021-08-02,MSFT,-0.03693437,0.56200844,7
2021-08-02,NVDA,-0.21761943,0.50348794,2
2021-08-02,TSLA,0.3247962,0.5777124,13
2021-08-03,AAPL,0.31605914,0.49804303,13
2021-08-03,MSFT,-0.37920108,0.53071314,5
2021-08-03,NVDA,-0.01803579,0.9167873,3
2021-08-03,TSLA,-0.0037849003,0.6627859,11
2021-08-04,AAPL,0.22871326,0.29866874,7
2021-08-04,MSFT,-0.1568385,0.54259837,4
2021-08-04,NVDA,0.8967958,0.0,1
2021-08-04,TSLA,-0.067080505,0.48349318,13
2021-08-05,AAPL,-0.25601938,0.45891267,8
2021-08-05,MSFT,-0.20275742,0.31158742,3
2021-08-05,NVDA,-0.30228734,0.20162225,2
2021-08-05,TSLA,0.023250284,0.6229063,14
2021-08-06,AAPL,-0.33583134,0.54077333,10
2021-08-06,MSFT,0.79807985,0.19866326,2
2021-08-06,NVDA,-0.16475034,0.9710204,3
2021-08-06,TSLA,-0.21210209,0.75314575,9
2021-08-07,AAPL,0.2014494,0.51702833,3
2021-08-07,MSFT,0.024132524,0.0,1
2021-08-07,TSLA,-0.25167024,0.46658942,4
2021-08-08,AAPL,0.25224584,0.0,1
2021-08-08,TSLA,-0.42484048,0.6247105,2
2021-08-09,AAPL,-0.39394283,0.35407403,8
2021-08-09,MSFT,-0.3521939,0.45363507,4
2021-08-09,NVDA,-0.6405016,0.3415061,2
2021-08-09,TSLA,0.025441209,0.6149743,14
2021-08-10,AAPL,0.13293155,0.5459596,10
2021-08-10,MSFT,0.35059032,0.6571771,6
2021-08-10,NVDA,-0.4864745,0.45927173,3
2021-08-10,TSLA,0.081147216,0.6671745,9
2021-08-11,AAPL,0.2549022,0.64421403,15
2021-08-11,MSFT,0.29623064,0.74010295,6
2021-08-11,NVDA,-0.73024845,0.33355746,2
2021-08-11,TSLA,0.19170494,0.5956687,10
2021-08-12,AAPL,-0.131044,0.5410813,6
2021-08-12,MSFT,-0.0775851,0.69589716,3
2021-08-12,NVDA,-0.30001432,0.34385177,3
2021-08-12,TSLA,-0.056853518,0.65700495,11
2021-08-13,AAPL,-0.39751646,0.5055438,10
2021-08-13,MSFT,-0.15390052,0.3408861,4
2021-08-13,NVDA,0.32001382,0.37907633,4
2021-08-13,TSLA,0.10286939,0.5758905,10
2021-08-14,AAPL,-0.058653854,0.57286006,4
2021-08-14,MSFT,0.47592738,0.0,1
2021-08-14,TSLA,-0.1358019,0.74469846,3
2021-08-15,AAPL,0.41142574,0.0,1
2021-08-15,NVDA,0.417009,0.0,1
2021-08-15,TSLA,0.20795593,0.09523565,2
2021-08-16,AAPL,0.03882108,0.55447674,10
2021-08-16,MSFT,0.019194156,0.60144514,8
2021-08-16,NVDA,-0.14373317,0.37259024,3
2021-08-16,TSLA,0.11080594,0.51968014,10
2021-08-17,AAPL,0.12407178,0.534083,12
2021-08-17,MSFT,-0.103796884,0.5068789,4
2021-08-17,NVDA,0.36961406,0.8482132,4
2021-08-17,TSLA,-0.39810416,0.46927005,12
2021-08-18,AAPL,-0.17654426,0.70907366,10
2021-08-18,MSFT,-0.44365817,0.6530521,4
2021-08-18,NVDA,-0.18231313,0.8660537,10
2021-08-18,TSLA,0.09470642,0.55515826,12
2021-08-19,AAPL,0.10418446,0.67789066,10
2021-08-19,MSFT,0.5613462,0.48993632,9
2021-08-19,NVDA,0.21520953,0.85492086,11
2021-08-19,TSLA,0.046988454,0.6888827,9
2021-08-20,AAPL,-0.5229669,0.40112698,9
2021-08-20,MSFT,-0.11144635,0.6594441,9
2021-08-20,NVDA,-0.15009151,0.6644676,7
2021-08-20,TSLA,0.040402856,0.5173837,11
2021-08-21,AAPL,-0.15744784,0.6932337,5
2021-08-21,MSFT,-0.143489,0.34264612,4
2021-08-21,NVDA,0.93837017,0.0,1
2021-08-21,TSLA,0.2102187,0.60103667,5
2021-08-22,TSLA,-0.38529786,0.4877082,4
2021-08-23,AAPL,0.13849641,0.44676137,5
2021-08-23,MSFT,0.098187454,0.6743273,6
2021-08-23,NVDA,0.34355885,0.51394427,8
2021-08-23,TSLA,0.13897039,0.5550459,12
2021-08-24,AAPL,0.12268649,0.47485876,15
2021-08-24,MSFT,0.283732,0.3480763,5
2021-08-24,NVDA,0.45259982,0.6264269,4
2021-08-24,TSLA,0.080526866,0.64311475,12
2021-08-25,AAPL,0.2768647,0.5560332,15
2021-08-25,MSFT,0.055327017,0.48761126,6
2021-08-25,NVDA,0.08571585,0.35302806,5
2021-08-25,TSLA,0.14314868,0.3248849,6
2021-08-26,AAPL,0.0360941,0.6413223,12
2021-08-26,MSFT,0.034909546,0.5582776,8
2021-08-26,NVDA,0.29699314,0.5228512,3
2021-08-26,TSLA,0.021421108,0.44986928,9
2021-08-27,AAPL,0.0861007,0.5254569,9
2021-08-27,MSFT,0.0052847993,0.6813797,4
2021-08-27,NVDA,-0.07189845,0.3267261,4
2021-08-27,TSLA,0.3170753,0.6095266,8
2021-08-28,AAPL,0.0022698715,0.5647758,5
2021-08-28,MSFT,0.10192359,0.0,1
2021-08-28,TSLA,-0.20371819,0.46012992,5
2021-08-29,AAPL,-0.3672944,0.0,1
2021-08-29,MSFT,-0.5336019,0.0,1
2021-08-29,NVDA,-0.3588014,0.0,1
2021-08-29,TSLA,-0.030305063,0.29679736,3
2021-08-30,AAPL,0.25962824,0.7106746,18
2021-08-30,MSFT,0.32976654,1.0050261,3
2021-08-30,NVDA,0.5480779,0.4980088,3
2021-08-30,TSLA,-0.09124161,0.61512625,10
2021-08-31,AAPL,0.08099493,0.80172837,10
2021-08-31,MSFT,-0.21069871,0.6459932,7
2021-08-31,NVDA,-0.2568288,0.793562,3
2021-08-31,TSLA,0.16079949,0.2753369,8
2021-09-01,AAPL,0.057914533,0.45700443,10
2021-09-01,MSFT,-0.19074221,0.6568082,3
2021-09-01,NVDA,-0.6930265,0.28091758,2
2021-09-01,TSLA,0.21803096,0.5451387,9
2021-09-02,AAPL,0.100148596,0.64757675,9
2021-09-02,NVDA,0.21778059,1.0071582,2
2021-09-02,TSLA,-0.35613978,0.6998534,11
2021-09-03,AAPL,0.10732732,0.30743274,6
2021-09-03,MSFT,0.18974976,0.962811,3
2021-09-03,NVDA,-0.67769957,0.39411193,2
2021-09-03,TSLA,0.14737174,0.38020733,7
2021-09-04,AAPL,-0.08519155,0.7101884,4
2021-09-04,TSLA,0.405035,0.64693296,3
2021-09-05,AAPL,0.77603525,0.0,1
2021-09-05,TSLA,0.3289218,0.52029264,3
2021-09-06,AAPL,0.892922,0.0,1
2021-09-06,MSFT,0.892922,0.0,1
2021-09-07,AAPL,-0.08690572,0.6099193,14
2021-09-07,MSFT,0.26359728,0.32050005,3
2021-09-07,NVDA,-0.3399891,0.33043107,2
2021-09-07,TSLA,-0.07239431,0.6157799,13
2021-09-08,AAPL,0.21483356,0.6067139,15
2021-09-08,MSFT,0.120731175,0.64417297,6
2021-09-08,NVDA,0.23746768,0.90013003,2
2021-09-08,TSLA,0.23642379,0.65682626,12
2021-09-09,AAPL,0.075176686,0.56913924,11
2021-09-09,MSFT,0.118192345,0.770551,6
2021-09-09,NVDA,-0.50279707,0.55145645,3
2021-09-09,TSLA,0.0041008345,0.49815372,10
2021-09-10,AAPL,0.06531219,0.6137615,13
2021-09-10,MSFT,-0.6368147,0.089343734,2
2021-09-10,NVDA,-0.57363915,0.0,1
2021-09-10,TSLA,0.066616274,0.5428256,10
2021-09-11,AAPL,-0.8732984,0.021892507,2
2021-09-11,NVDA,-0.25787964,0.0,1
2021-09-11,TSLA,-0.056791056,0.5385176,6
2021-09-12,AAPL,-0.35318226,0.623987,2
2021-09-12,TSLA,0.032134954,0.019438226,2
2021-09-13,AAPL,-0.07192354,0.58313423,13
2021-09-13,MSFT,-0.66817975,0.3806488,2
2021-09-13,TSLA,-0.07424515,0.6739824,11
2021-09-14,AAPL,-0.15335827,0.592643,12
2021-09-14,MSFT,0.060229015,0.66398335,10
2021-09-14,NVDA,-0.43487495,0.08416382,2
2021-09-14,TSLA,0.018249936,0.65848786,9
2021-09-15,AAPL,0.15731052,0.5179429,11
2021-09-15,MSFT,0.13990316,0.6212918,10
2021-09-15,NVDA,-0.35556632,0.12627438,2
2021-09-15,TSLA,0.16325866,0.33618927,11
2021-09-16,AAPL,-0.18933399,0.39371043,13
2021-09-16,MSFT,0.22511283,0.59927696,7
2021-09-16,NVDA,-0.0010178965,0.0,1
2021-09-16,TSLA,-0.033864804,0.46587873,13
2021-09-17,AAPL,0.01842405,0.66286665,11
2021-09-17,MSFT,-0.0051500155,0.60381246,7
2021-09-17,NVDA,-0.36053365,0.67323023,7
2021-09-17,TSLA,-0.009066628,0.5543687,9
2021-09-18,AAPL,-0.24302264,0.409443,3
2021-09-18,MSFT,0.061994087,0.12921831,3
2021-09-18,NVDA,0.053294342,0.0,1
2021-09-18,TSLA,-0.053531844,0.086858116,5
2021-09-19,AAPL,0.5088392,0.3691666,3
2021-09-19,MSFT,0.928974,0.0,1
2021-09-19,TSLA,-0.1594667,0.46920556,4
2021-09-20,AAPL,-0.18791856,0.6369354,11
2021-09-20,MSFT,-0.7076298,0.28317472,4
2021-09-20,NVDA,-0.48437047,0.46041057,3
2021-09-20,TSLA,-0.2804474,0.57926196,9
2021-09-21,AAPL,0.0013452823,0.3983603,11
2021-09-21,MSFT,-0.12410278,0.14279564,3
2021-09-21,NVDA,0.1593266,0.67583704,3
2021-09-21,TSLA,0.120507084,0.5976058,13
2021-09-22,AAPL,-0.22976136,0.70337796,9
2021-09-22,MSFT,0.21428108,0.6384009,3
2021-09-22,NVDA,0.31675562,0.7364791,5
2021-09-22,TSLA,-0.28425184,0.47981492,11
2021-09-23,AAPL,-0.28607774,0.5684657,12
2021-09-23,MSFT,-0.35384044,0.13208018,3
2021-09-23,NVDA,0.059774697,0.86946166,4
2021-09-23,TSLA,0.15991534,0.6314704,10
2021-09-24,AAPL,-0.3148392,0.60797256,9
2021-09-24,MSFT,-0.093638696,0.5463376,3
2021-09-24,NVDA,-0.1943382,0.2894643,2
2021-09-24,TSLA,0.027221406,0.4890525,11
2021-09-25,AAPL,-0.0068747737,0.68814665,4
2021-09-25,MSFT,0.4997443,0.5621139,2
2021-09-25,TSLA,-0.036921162,0.48886827,7
2021-09-26,AAPL,-0.6279664,0.0,1
2021-09-26,MSFT,-0.6279664,0.0,1
2021-09-26,NVDA,-0.6279664,0.0,1
2021-09-26,TSLA,-0.22084509,0.49958813,4
2021-09-27,AAPL,-0.20295738,0.599297,14
2021-09-27,MSFT,-0.41268963,0.58215207,7
2021-09-27,NVDA,-0.7939344,0.22018649,4
2021-09-27,TSLA,0.15526801,0.58059204,13
2021-09-28,AAPL,-0.24148303,0.58239275,12
2021-09-28,MSFT,-0.20860961,0.6034213,8
2021-09-28,NVDA,-0.1936446,0.7692665,7
2021-09-28,TSLA,0.008972026,0.61517686,11
2021-09-29,AAPL,-0.46896005,0.429371,6
2021-09-29,MSFT,-0.3493472,0.5003625,4
2021-09-29,NVDA,-0.7877906,0.17214589,6
2021-09-29,TSLA,0.057875287,0.54889864,15
2021-09-30,AAPL,-0.1356492,0.59397954,8
2021-09-30,MSFT,-0.51987314,0.31149074,3
2021-09-30,NVDA,-0.19585076,0.52987695,5
2021-09-30,TSLA,0.058935426,0.583701,10
2021-10-01,AAPL,0.025582617,0.47038502,8
2021-10-01,MSFT,-0.08286454,0.0,1
2021-10-01,NVDA,0.9088878,0.0,1
2021-10-01,TSLA,-0.14055961,0.61557347,8
2021-10-02,AAPL,-0.7626845,0.0,1
2021-10-02,TSLA,-0.048295543,0.6738444,6
2021-10-03,AAPL,-0.28739166,0.0,1
2021-10-03,MSFT,-0.7646957,0.0,1
2021-10-03,TSLA,-0.9044844,0.026190937,2
2021-10-04,AAPL,-0.49134427,0.43981266,11
2021-10-04,MSFT,-0.571639,0.62208754,3
2021-10-04,NVDA,-0.4898151,0.5134138,3
2021-10-04,TSLA,-0.19681235,0.6375137,15
2021-10-05,AAPL,-0.1416081,0.53374773,11
2021-10-05,MSFT,-0.13660008,0.5233382,4
2021-10-05,NVDA,0.34671566,0.6361658,11
2021-10-05,TSLA,-0.014134101,0.68390435,11
2021-10-06,AAPL,-0.20997293,0.65640914,14
2021-10-06,MSFT,0.15195099,0.59091187,7
2021-10-06,NVDA,-0.07496478,0.4582838,2
2021-10-06,TSLA,-0.21487331,0.57755077,11
2021-10-07,AAPL,-0.24774949,0.3948468,9
2021-10-07,MSFT,-0.67697746,0.092862785,3
2021-10-07,NVDA,-0.48454103,0.09259507,3
2021-10-07,TSLA,0.10554895,0.5883014,11
2021-10-08,AAPL,0.043713946,0.4762973,12
2021-10-08,MSFT,-0.16724163,0.4288054,5
2021-10-08,NVDA,0.7796354,0.0,1
2021-10-08,TSLA,-0.038066562,0.5225024,11
2021-10-09,AAPL,-0.55428106,0.5206593,3
2021-10-09,MSFT,-0.46238735,0.70107454,2
2021-10-09,NVDA,-0.5729103,0.0,1
2021-10-09,TSLA,0.32119846,0.73218584,4
2021-10-10,AAPL,-0.26245216,0.9897255,2
2021-10-10,MSFT,0.43738943,0.0,1
2021-10-10,TSLA,0.14369237,0.7650177,4
2021-10-11,AAPL,0.2375469,0.62149006,8
2021-10-11,MSFT,0.3049175,0.6816896,2
2021-10-11,TSLA,0.14820868,0.4160084,8
2021-10-12,AAPL,-0.12548052,0.7014799,6
2021-10-12,MSFT,0.9257654,0.0032234332,2
2021-10-12,NVDA,0.5166032,0.5585345,2
2021-10-12,TSLA,0.4524149,0.41907623,11
2021-10-13,AAPL,-0.26780376,0.71876484,11
2021-10-13,MSFT,0.2453211,0.25636858,2
2021-10-13,NVDA,0.9385579,0.0,1
2021-10-13,TSLA,0.2802375,0.68133366,8
2021-10-14,AAPL,0.34306982,0.44566053,8
2021-10-14,MSFT,0.24058406,0.70847064,6
2021-10-14,NVDA,0.54052675,0.5573613,2
2021-10-14,TSLA,-0.05993949,0.48923728,11
2021-10-15,AAPL,-0.07387945,0.55443954,5
2021-10-15,MSFT,0.9016212,0.0,1
2021-10-15,NVDA,-0.6850309,0.0,1
2021-10-15,TSLA,0.16043653,0.5684533,13
2021-10-16,AAPL,0.1371618,0.25518432,6
2021-10-16,MSFT,0.15467572,0.0,1
2021-10-16,NVDA,0.54739773,0.55539286,2
2021-10-16,TSLA,0.36348638,0.38948953,5
2021-10-17,AAPL,-0.8692333,0.0,1
2021-10-17,MSFT,0.8225836,0.0,1
2021-10-17,TSLA,0.8225836,0.0,1
2021-10-18,AAPL,-0.23599175,0.62465614,9
2021-10-18,MSFT,0.30962038,0.43216568,6
2021-10-18,NVDA,-0.5730015,0.0,1
2021-10-18,TSLA,0.2707182,0.54711974,12
2021-10-19,AAPL,0.0929938,0.63849896,11
2021-10-19,MSFT,-0.0027414681,0.0154672675,2
2021-10-19,NVDA,0.09256481,0.0,1
2021-10-19,TSLA,0.155254,0.52516466,11
2021-10-20,AAPL,0.44592896,0.49344018,6
2021-10-20,MSFT,0.009113964,0.46921209,8
2021-10-20,NVDA,-0.15576218,0.0,1
2021-10-20,TSLA,0.32857227,0.61004364,11
2021-10-21,AAPL,0.30945042,0.46376386,9
2021-10-21,MSFT,0.5095436,0.4489857,3
2021-10-21,TSLA,0.060230028,0.7468694,14
2021-10-22,AAPL,-0.5531552,0.53258145,16
2021-10-22,MSFT,-0.45564225,0.58063596,4
2021-10-22,TSLA,-0.12102191,0.6450419,11
2021-10-23,AAPL,-0.24542093,0.43679777,4
2021-10-23,MSFT,-0.2082142,0.031321313,2
2021-10-23,TSLA,-0.0045144856,0.2886638,4
2021-10-24,MSFT,0.456691,0.0,1
2021-10-24,TSLA,0.38882664,0.55230236,3
2021-10-25,AAPL,-0.044143703,0.58342856,12
2021-10-25,MSFT,0.067661926,0.6501294,11
2021-10-25,NVDA,-0.55911714,0.0,1
2021-10-25,TSLA,0.31230208,0.57986015,16
2021-10-26,AAPL,-0.07693572,0.6521925,6
2021-10-26,MSFT,0.30300844,0.68466395,11
2021-10-26,NVDA,0.49982962,0.81869715,4
2021-10-26,TSLA,0.32503256,0.53269845,12
2021-10-27,AAPL,-0.20504284,0.5638997,11
2021-10-27,MSFT,0.31119528,0.58125794,12
2021-10-27,NVDA,-0.0034068227,0.9197057,3
2021-10-27,TSLA,0.17087844,0.59237385,13
2021-10-28,AAPL,0.0032990368,0.73034674,14
2021-10-28,MSFT,0.0649359,0.82113254,7
2021-10-28,NVDA,0.34937266,0.62024117,2
2021-10-28,TSLA,0.2881662,0.5831436,11
2021-10-29,AAPL,0.12088441,0.66499424,13
2021-10-29,MSFT,0.017688444,0.69780505,8
2021-10-29,TSLA,-0.0015811995,0.3930976,11
2021-10-30,AAPL,0.08360789,0.1494937,3
2021-10-30,MSFT,0.11867309,0.1931821,2
2021-10-30,TSLA,0.44360158,0.43307194,7
2021-10-31,AAPL,0.20620684,0.35004902,3
2021-10-31,MSFT,0.083389334,0.0,1
2021-10-31,TSLA,0.0991908,0.087456904,2
2021-11-01,AAPL,-0.073680475,0.5366174,11
2021-11-01,MSFT,-0.17180657,0.55525154,8
2021-11-01,NVDA,0.067840226,0.04005132,3
2021-11-01,TSLA,0.34300944,0.4189983,14
2021-11-02,AAPL,-0.33804893,0.68608147,9
2021-11-02,MSFT,-0.006882923,0.5990846,7
2021-11-02,NVDA,0.53296506,0.5628148,2
2021-11-02,TSLA,0.120028235,0.425064,14
2021-11-03,AAPL,-0.13673751,0.59180987,3
2021-11-03,MSFT,-0.3667781,0.4528906,6
2021-11-03,TSLA,0.19371139,0.6083745,13
2021-11-04,AAPL,0.5069952,0.56539315,5
2021-11-04,MSFT,0.03045069,0.5897685,5
2021-11-04,NVDA,0.48814866,0.69255257,6
2021-11-04,TSLA,0.12379821,0.42901134,11
2021-11-05,AAPL,0.2931213,0.30216032,3
2021-11-05,MSFT,0.09318278,0.113786325,3
2021-11-05,NVDA,0.6503385,0.46435234,3
2021-11-05,TSLA,0.13893805,0.72202075,9
2021-11-06,AAPL,0.50709647,0.5148612,3
2021-11-06,NVDA,0.6755209,0.0,1
2021-11-06,TSLA,-0.0046458757,0.46260014,7
2021-11-07,AAPL,-0.4073376,0.48645127,2
2021-11-07,TSLA,-0.2125516,0.42110473,5
2021-11-08,AAPL,0.3307853,0.6443541,7
2021-11-08,MSFT,0.13680144,0.61584014,7
2021-11-08,NVDA,0.123831056,0.642804,6
2021-11-08,TSLA,0.118134774,0.5206934,19
2021-11-09,AAPL,0.52019995,0.33557776,6
2021-11-09,MSFT,0.91671216,0.0,1
2021-11-09,NVDA,0.70942926,0.35941142,6
2021-11-09,TSLA,0.35970733,0.60153544,14
2021-11-10,AAPL,0.054495864,0.68870735,8
2021-11-10,MSFT,-0.27677253,0.5958565,3
2021-11-10,NVDA,0.20051877,0.6411582,7
2021-11-10,TSLA,0.020404032,0.59346616,13
2021-11-11,AAPL,0.012137582,0.0695829,3
2021-11-11,MSFT,0.09244494,0.0,1
2021-11-11,NVDA,0.21910317,0.55947226,6
2021-11-11,TSLA,-0.017667217,0.5277324,13
2021-11-12,AAPL,0.010951202,0.59770256,6
2021-11-12,MSFT,-0.018691504,0.7541936,4
2021-11-12,NVDA,0.12556705,0.71193767,5
2021-11-12,TSLA,0.06312583,0.61817133,9
2021-11-13,AAPL,-0.93615377,0.012782718,2
2021-11-13,NVDA,-0.36878133,0.0,1
2021-11-13,TSLA,0.17745633,0.76363945,6
2021-11-14,AAPL,-0.2178283,0.0,1
2021-11-14,MSFT,0.76497865,0.0,1
2021-11-14,NVDA,-0.5722835,0.0,1
2021-11-14,TSLA,-0.5722835,0.0,1
2021-11-15,AAPL,0.12638876,0.51246125,11
2021-11-15,MSFT,0.05297684,0.22575252,4
2021-11-15,NVDA,0.17927451,0.41991585,6
2021-11-15,TSLA,-0.04486006,0.631813,15
2021-11-16,AAPL,-0.07495241,0.70763224,5
2021-11-16,MSFT,0.26748696,0.7437314,6
2021-11-16,NVDA,0.3149909,0.5063528,5
2021-11-16,TSLA,-0.07028323,0.48937622,13
2021-11-17,AAPL,0.22867389,0.4676939,10
2021-11-17,MSFT,0.55334675,0.27268034,4
2021-11-17,NVDA,0.23696525,0.8376315,7
2021-11-17,TSLA,0.17775415,0.47636294,12
2021-11-18,AAPL,-0.019503409,0.59652996,9
2021-11-18,MSFT,0.2688712,0.6333433,4
2021-11-18,NVDA,0.5319762,0.5728991,13
2021-11-18,TSLA,-0.24825256,0.445078,10
2021-11-19,AAPL,0.39227274,0.41864705,7
2021-11-19,MSFT,-0.21789484,0.71492374,5
2021-11-19,NVDA,0.4951498,0.49777445,4
2021-11-19,TSLA,0.20333132,0.6930026,13
2021-11-20,AAPL,0.06615624,1.1700897,2
2021-11-20,NVDA,-0.52427405,0.0,1
2021-11-20,TSLA,-0.5025965,0.7835396,5
2021-11-21,AAPL,-0.22772533,0.25502932,2
2021-11-22,AAPL,-0.028647775,0.6031654,12
2021-11-22,MSFT,0.5004629,0.56720686,2
2021-11-22,NVDA,-0.40805173,0.6561397,2
2021-11-22,TSLA,0.067015715,0.5921299,14
2021-11-23,AAPL,0.07742091,0.7475016,8
2021-11-23,NVDA,0.13277279,0.3207089,3
2021-11-23,TSLA,-0.2730231,0.6679789,11
2021-11-24,AAPL,-0.055289622,0.76345307,4
2021-11-24,MSFT,-0.1439966,0.16128784,2
2021-11-24,NVDA,0.16322362,0.6501068,3
2021-11-24,TSLA,0.027021315,0.43810824,10
2021-11-25,AAPL,-0.074748114,0.59424746,2
2021-11-25,MSFT,-0.4949445,0.0,1
2021-11-26,AAPL,0.47503793,0.7338341,3
2021-11-26,MSFT,-0.95243347,0.0,1
2021-11-26,NVDA,0.027878419,0.0,1
2021-11-26,TSLA,-0.22943832,0.7824578,6
2021-11-27,AAPL,0.27450398,0.5882266,3
2021-11-27,TSLA,-0.23536174,0.58852464,4
2021-11-28,TSLA,-0.3337794,0.38631272,5
2021-11-29,AAPL,0.05195177,0.1271842,8
2021-11-29,MSFT,0.07484734,0.10161843,4
2021-11-29,NVDA,0.03777557,0.0,1
2021-11-29,TSLA,-0.17141773,0.61591905,11
2021-11-30,AAPL,0.08435973,0.6144917,7
2021-11-30,NVDA,-0.619051,0.47845352,3
2021-11-30,TSLA,-0.26448658,0.6470441,12
2021-12-01,AAPL,0.11337346,0.42352542,7
2021-12-01,MSFT,0.121411584,0.537626,6
2021-12-01,NVDA,0.34107405,0.66550845,2
2021-12-01,TSLA,-0.08083265,0.5926261,11
2021-12-02,AAPL,0.06518624,0.73214805,9
2021-12-02,MSFT,0.79169536,0.0,1
2021-12-02,TSLA,0.09437654,0.643309,11
2021-12-03,AAPL,-0.30239028,0.75138295,4
2021-12-03,NVDA,-0.28281736,0.89805704,5
2021-12-03,TSLA,-0.33193058,0.5494123,10
2021-12-04,TSLA,-0.3857489,0.66136265,4
2021-12-05,AAPL,0.15483752,0.0,1
2021-12-05,MSFT,0.17263825,0.9632518,3
2021-12-05,NVDA,0.8874779,0.0,1
2021-12-05,TSLA,0.28743902,0.52421325,3
2021-12-06,AAPL,0.034928728,0.7914508,5
2021-12-06,MSFT,-0.27423614,0.0,1
2021-12-06,NVDA,-0.48698878,0.4384014,3
2021-12-06,TSLA,0.099299476,0.7467928,11
2021-12-07,AAPL,0.45149902,0.51604795,8
2021-12-07,NVDA,0.22255366,0.47073656,4
2021-12-07,TSLA,0.05993089,0.47513968,12
2021-12-08,AAPL,-0.03512618,0.36867362,9
2021-12-08,MSFT,-0.40878865,0.58506435,4
2021-12-08,TSLA,0.14186555,0.6504075,9
2021-12-09,AAPL,-0.030567419,0.6281091,10
2021-12-09,MSFT,0.044048984,0.21268077,2
2021-12-09,NVDA,0.13809094,0.0,1
2021-12-09,TSLA,-0.04347509,0.51117414,7
2021-12-10,AAPL,-0.07289475,0.8181632,7
2021-12-10,MSFT,-0.012144774,0.76724136,4
2021-12-10,NVDA,0.93283474,0.0,1
2021-12-10,TSLA,-0.0047038198,0.6184214,9
2021-12-11,AAPL,-0.19761229,0.599917,3
2021-12-11,TSLA,-0.16600573,0.49269408,4
2021-12-12,AAPL,0.20776673,0.84709865,3
2021-12-12,MSFT,0.9205832,0.0,1
2021-12-13,AAPL,0.108416244,0.60736984,13
2021-12-13,MSFT,-0.31451443,0.6255536,3
2021-12-13,NVDA,-0.27071851,0.16629454,2
2021-12-13,TSLA,-0.024618855,0.6920587,13
2021-12-14,AAPL,0.1728674,0.61915463,9
2021-12-14,MSFT,0.11252165,0.9060195,6
2021-12-14,NVDA,0.062499702,0.100577176,3
2021-12-14,TSLA,0.17099649,0.5617496,10
2021-12-15,AAPL,-0.15598711,1.0768172,2
2021-12-15,MSFT,0.05989048,0.7085806,4
2021-12-15,NVDA,-0.5907448,0.0,1
2021-12-15,TSLA,-0.24817294,0.56227493,11
2021-12-16,AAPL,-0.10020951,0.69410557,10
2021-12-16,MSFT,-0.5085584,0.57997745,4
2021-12-16,NVDA,-0.067997836,0.6293095,4
2021-12-16,TSLA,0.11624225,0.60052824,13
2021-12-17,AAPL,-0.09747948,0.4705778,5
2021-12-17,MSFT,-0.069809124,0.9021203,5
2021-12-17,NVDA,-0.19207089,0.6018663,3
2021-12-17,TSLA,-0.20856436,0.58093417,10
2021-12-18,MSFT,0.05820881,0.0,1
2021-12-18,TSLA,-0.63128453,0.45729178,2
2021-12-19,TSLA,0.02613017,1.2532738,2
2021-12-20,AAPL,-0.37604982,0.8038348,5
2021-12-20,MSFT,-0.19887625,0.556858,4
2021-12-20,TSLA,0.049064036,0.43416914,14
2021-12-21,AAPL,-0.21427278,0.79643404,5
2021-12-21,MSFT,0.29091302,0.5793302,6
2021-12-21,NVDA,0.23488252,0.9702769,3
2021-12-21,TSLA,-0.058793217,0.4448431,10
2021-12-22,AAPL,0.20449948,0.70235556,6
2021-12-22,MSFT,0.16816683,0.5790689,4
2021-12-22,NVDA,-0.03927391,0.0,1
2021-12-22,TSLA,-0.12430148,0.6265749,13
2021-12-23,AAPL,-0.42144004,0.93441725,3
2021-12-23,MSFT,0.6575308,0.0,1
2021-12-23,NVDA,-0.02807959,0.0,1
2021-12-23,TSLA,0.041789256,0.6456956,13
2021-12-24,TSLA,-0.0002168715,0.0,1
2021-12-25,AAPL,-0.56316674,0.0,1
2021-12-25,NVDA,-0.56316674,0.0,1
2021-12-25,TSLA,0.14196563,0.91256285,4
2021-12-26,AAPL,-0.79881066,0.0,1
2021-12-26,TSLA,0.08578624,0.06771117,2
2021-12-27,AAPL,0.05733153,0.75227576,12
2021-12-27,MSFT,0.017950734,0.6671925,9
2021-12-27,NVDA,0.49683648,0.63591623,4
2021-12-27,TSLA,0.12652063,0.3723264,10
2021-12-28,AAPL,-0.15937304,0.76272565,8
2021-12-28,MSFT,-0.9527386,0.0,1
2021-12-28,NVDA,-0.31123453,0.6109894,4
2021-12-28,TSLA,0.07151618,0.6689239,9
2021-12-29,AAPL,-0.21648298,0.5553165,7
2021-12-29,MSFT,-0.23589127,0.3610946,7
2021-12-29,NVDA,-0.42326432,0.0,1
2021-12-29,TSLA,0.019495182,0.4991061,11
2021-12-30,AAPL,0.059107117,0.337979,5
2021-12-30,MSFT,-0.22877318,1.0435097,2
2021-12-30,NVDA,0.44559014,0.3832562,3
2021-12-30,TSLA,-0.058848634,0.6298463,9
2021-12-31,AAPL,0.2642,0.49035177,5
2021-12-31,MSFT,0.0050179255,0.037408594,3
2021-12-31,NVDA,-0.11741294,0.50829494,4
2021-12-31,TSLA,0.14516929,0.6177704,7
2022-01-01,AAPL,0.27606207,0.28854018,5
2022-01-01,MSFT,0.13124265,0.0,1
2022-01-01,NVDA,0.13124265,0.0,1
2022-01-01,TSLA,0.4133008,0.34939936,5
2022-01-02,AAPL,0.10329387,0.0,1
2022-01-02,MSFT,0.10329387,0.0,1
2022-01-02,NVDA,0.10329387,0.0,1
2022-01-02,TSLA,0.027713617,0.580474,6
2022-01-03,AAPL,0.39787456,0.43678558,7
2022-01-03,MSFT,-0.3027872,0.5130198,3
2022-01-03,NVDA,0.18928126,0.76524013,5
2022-01-03,TSLA,0.3127449,0.6349305,14
2022-01-04,AAPL,0.086821385,0.37997633,9
2022-01-04,MSFT,-0.21534994,0.55198497,5
2022-01-04,NVDA,0.1344274,0.72447526,5
2022-01-04,TSLA,-0.06310922,0.71387047,10
2022-01-05,AAPL,-0.16086358,0.36775723,10
2022-01-05,MSFT,-0.23278588,0.7862892,6
2022-01-05,NVDA,-0.2754685,0.49655896,6
2022-01-05,TSLA,-0.12771687,0.6143841,13
2022-01-06,AAPL,0.032113746,0.70596486,4
2022-01-06,MSFT,-0.022955656,0.9418827,3
2022-01-06,NVDA,0.2629884,0.63579327,5
2022-01-06,TSLA,0.30595866,0.65035623,12
2022-01-07,AAPL,-0.10795969,0.6179907,6
2022-01-07,NVDA,0.07437313,0.51314104,3
2022-01-07,TSLA,0.059620716,0.40357786,11
2022-01-08,AAPL,0.22585317,0.3238081,2
2022-01-08,MSFT,0.22585317,0.3238081,2
2022-01-08,NVDA,-0.42270142,0.0,1
2022-01-08,TSLA,0.21650556,0.6966182,7
2022-01-09,AAPL,0.22493394,0.23987176,5
2022-01-09,MSFT,0.6452293,0.0,1
2022-01-09,NVDA,0.6452293,0.0,1
2022-01-09,TSLA,0.297475,0.31677306,3
2022-01-10,AAPL,0.22087285,0.3993851,8
2022-01-10,MSFT,0.34166622,0.4645479,3
2022-01-10,NVDA,-0.01085937,0.7072168,4
2022-01-10,TSLA,0.050688718,0.4142909,14
2022-01-11,AAPL,-0.016656404,0.529109,10
2022-01-11,MSFT,0.32185298,0.5995328,6
2022-01-11,NVDA,-0.30874464,0.38291317,2
2022-01-11,TSLA,0.12502512,0.6818669,10
2022-01-12,AAPL,0.26319218,0.61299664,7
2022-01-12,MSFT,-0.014285554,0.02886762,4
2022-01-12,NVDA,0.28677246,0.5609464,3
2022-01-12,TSLA,0.2990287,0.61982405,12
2022-01-13,AAPL,0.026015505,0.6595902,8
2022-01-13,MSFT,-0.21692696,0.44439602,5
2022-01-13,NVDA,0.21243554,0.9057156,4
2022-01-13,TSLA,-0.043437544,0.61102194,12
2022-01-14,AAPL,-0.07080074,0.6975239,7
2022-01-14,MSFT,-0.4367554,0.40876764,3
2022-01-14,NVDA,-0.225557,0.3097922,4
2022-01-14,TSLA,0.011326336,0.743059,12
2022-01-15,AAPL,-0.43180776,0.53548294,4
2022-01-15,MSFT,-0.9282436,0.0,1
2022-01-15,TSLA,-0.43864787,0.5327003,8
2022-01-16,AAPL,-0.19177395,0.16173778,2
2022-01-16,MSFT,-0.48354983,0.0,1
2022-01-16,NVDA,-0.07740806,0.0,1
2022-01-16,TSLA,-0.20864479,0.7838319,5
2022-01-17,AAPL,0.32526606,0.5187538,4
2022-01-17,MSFT,0.0035592169,0.3686582,2
2022-01-17,TSLA,0.47314754,0.42513865,5
2022-01-18,AAPL,0.40611178,0.43640557,8
2022-01-18,MSFT,0.32254207,0.5936954,11
2022-01-18,NVDA,-0.33961847,0.6507531,6
2022-01-18,TSLA,-0.17575148,0.6043294,10
2022-01-19,AAPL,0.016989518,0.7186302,5
2022-01-19,MSFT,0.388969,0.42989457,9
2022-01-19,TSLA,-0.017901078,0.66826725,12
2022-01-20,AAPL,0.12362027,0.50401986,5
2022-01-20,MSFT,0.1002882,0.7362212,8
2022-01-20,NVDA,0.2541644,0.9580289,2
2022-01-20,TSLA,0.10190825,0.68255466,10
2022-01-21,AAPL,-0.0752872,0.5707147,9
2022-01-21,MSFT,-0.4658084,0.50873804,4
2022-01-21,NVDA,0.34143758,0.53658336,2
2022-01-21,TSLA,-0.2786581,0.60791755,11
2022-01-22,AAPL,0.06883306,0.14462829,2
2022-01-22,MSFT,-0.102027796,0.09700545,2
2022-01-22,TSLA,-0.35218883,0.40959567,6
2022-01-23,AAPL,-0.18037155,1.1036038,2
2022-01-23,MSFT,0.13026524,0.94985485,3
2022-01-23,TSLA,-0.20578867,1.0746973,2
2022-01-24,AAPL,-0.019427212,0.68384343,11
2022-01-24,MSFT,-0.10519618,0.7405324,4
2022-01-24,NVDA,-0.12123784,0.75527865,6
2022-01-24,TSLA,-0.24818632,0.6037599,10
2022-01-25,AAPL,-0.32089567,0.7189795,8
2022-01-25,MSFT,-0.089057885,0.8471382,12
2022-01-25,NVDA,-0.73261887,0.28290522,5
2022-01-25,TSLA,-0.13664731,0.73466545,10
2022-01-26,AAPL,0.077200375,0.7101024,11
2022-01-26,MSFT,-0.21648636,0.7396227,10
2022-01-26,NVDA,0.5319251,0.49944532,3
2022-01-26,TSLA,0.44656724,0.68923753,13
2022-01-27,AAPL,0.15152596,0.57757527,11
2022-01-27,MSFT,0.07541765,0.5663139,7
2022-01-27,NVDA,-0.010581385,0.038753353,2
2022-01-27,TSLA,-0.2154962,0.6581004,12
2022-01-28,AAPL,0.5045576,0.60439205,11
2022-01-28,MSFT,-0.53783125,0.35136965,3
2022-01-28,NVDA,-0.25747615,0.41384822,5
2022-01-28,TSLA,0.23478316,0.4592611,12
2022-01-29,AAPL,-0.014085472,0.7083512,4
2022-01-29,MSFT,-0.04873414,0.06468064,2
2022-01-29,TSLA,-0.24436188,0.37862387,7
2022-01-30,AAPL,-0.08024434,0.14736162,3
2022-01-30,MSFT,-0.24512765,0.0,1
2022-01-30,TSLA,-0.06291641,0.5226804,7
2022-01-31,AAPL,-0.039650463,0.72987705,10
2022-01-31,MSFT,0.36654475,0.41252616,4
2022-01-31,NVDA,-0.6936685,0.38240927,2
2022-01-31,TSLA,0.18233345,0.6935631,11
2022-02-01,AAPL,-0.08527232,0.7177764,9
2022-02-01,MSFT,-0.394749,0.39703202,5
2022-02-01,NVDA,0.16023484,0.6700147,3
2022-02-01,TSLA,-0.09075052,0.5782356,12
2022-02-02,AAPL,-0.053134423,0.7763391,7
2022-02-02,MSFT,0.03815023,0.7084189,5
2022-02-02,NVDA,0.38519293,0.66633713,4
2022-02-02,TSLA,-0.05155734,0.5617097,10
2022-02-03,AAPL,-0.67527145,0.42898974,11
2022-02-03,MSFT,-0.16411203,0.18975006,4
2022-02-03,NVDA,-0.14943144,0.38725817,2
2022-02-03,TSLA,-0.47381106,0.6298148,11
2022-02-04,AAPL,0.1268635,0.6080303,11
2022-02-04,MSFT,0.020586696,0.76861936,4
2022-02-04,NVDA,-0.49861503,0.6514304,2
2022-02-04,TSLA,0.0028749555,0.5868871,12
2022-02-05,AAPL,0.100220725,0.11425878,4
2022-02-05,MSFT,0.15894948,0.0,1
2022-02-05,TSLA,-0.1021596,0.1027271,3
2022-02-06,AAPL,-0.28870258,0.52524936,3
2022-02-06,MSFT,-0.15330732,0.2913026,3
2022-02-06,NVDA,-0.012978613,0.0,1
2022-02-06,TSLA,0.025378317,0.27612242,6
2022-02-07,AAPL,-0.35885605,0.7142399,11
2022-02-07,MSFT,-0.2584503,0.6250962,3
2022-02-07,NVDA,0.2866843,1.0831311,3
2022-02-07,TSLA,-0.30954173,0.5362552,8
2022-02-08,AAPL,-0.008483166,0.6385831,10
2022-02-08,MSFT,0.068540156,0.796445,3
2022-02-08,NVDA,-0.0624107,0.65377575,5
2022-02-08,TSLA,-0.11326893,0.60161585,11
2022-02-09,AAPL,-0.21008086,0.7544199,12
2022-02-09,MSFT,0.2720804,0.73073566,8
2022-02-09,NVDA,-0.2285057,0.48646182,5
2022-02-09,TSLA,-0.19784479,0.6484814,11
2022-02-10,AAPL,-0.19442296,0.5816767,3
2022-02-10,MSFT,0.44960618,0.68955684,2
2022-02-10,NVDA,-0.0058602183,0.036373034,3
2022-02-10,TSLA,-0.26253146,0.40576482,12
2022-02-11,AAPL,0.036131546,0.6971591,9
2022-02-11,MSFT,0.45482266,0.66192615,2
2022-02-11,NVDA,-0.2659133,0.6431621,5
2022-02-11,TSLA,-0.15089959,0.53947985,11
2022-02-12,AAPL,-0.33068928,0.70408493,4
2022-02-12,TSLA,0.108306125,0.75308484,4
2022-02-13,AAPL,0.013774447,0.17226648,2
2022-02-13,TSLA,-0.31760478,0.4523241,3
2022-02-14,AAPL,0.19475567,0.4518405,4
2022-02-14,MSFT,0.08679098,0.71512294,3
2022-02-14,NVDA,0.22869244,0.4030514,5
2022-02-14,TSLA,-0.037435267,0.5587373,13
2022-02-15,AAPL,0.2771967,0.4636764,10
2022-02-15,MSFT,0.23720807,0.4492439,8
2022-02-15,NVDA,0.26035005,0.4547262,7
2022-02-15,TSLA,0.062382188,0.6407152,11
2022-02-16,AAPL,-0.12353477,0.74009246,8
2022-02-16,NVDA,-0.16643704,0.6100265,10
2022-02-16,TSLA,-0.048303153,0.7429982,12
2022-02-17,AAPL,-0.16610658,0.6089659,8
2022-02-17,MSFT,-0.28262362,0.7243927,5
2022-02-17,NVDA,-0.3627167,0.6378904,11
2022-02-17,TSLA,-0.18519142,0.5144068,10
2022-02-18,AAPL,0.062585205,0.48722857,8
2022-02-18,MSFT,-0.024395704,0.698257,5
2022-02-18,NVDA,-0.012373129,0.25555524,5
2022-02-18,TSLA,0.278532,0.4031363,11
2022-02-19,AAPL,-0.9525546,0.0,1
2022-02-19,NVDA,-0.9525546,0.0,1
2022-02-19,TSLA,-0.46404517,0.5033366,6
2022-02-20,AAPL,0.36218917,0.0,1
2022-02-20,TSLA,0.019570589,0.23392963,2
2022-02-21,AAPL,-0.25642163,0.49141356,6
2022-02-21,MSFT,0.49157605,0.52227384,2
2022-02-21,TSLA,-0.357529,0.5505006,6
2022-02-22,AAPL,-0.090226285,0.58861166,13
2022-02-22,MSFT,-0.19243878,0.798312,4
2022-02-22,NVDA,-0.25517923,0.350809,3
2022-02-22,TSLA,-0.1540834,0.5768483,11
2022-02-23,AAPL,-0.2806962,0.65965074,7
2022-02-23,MSFT,-0.29660416,0.75869685,6
2022-02-23,NVDA,-0.24393864,0.66600823,6
2022-02-23,TSLA,-0.37637755,0.5643168,12
2022-02-24,AAPL,-0.24603315,0.5682419,4
2022-02-24,MSFT,-0.45935223,0.5179821,6
2022-02-24,NVDA,-0.24915382,0.5842764,4
2022-02-24,TSLA,-0.2777707,0.41497815,12
2022-02-25,AAPL,-0.55897224,0.19192001,2
2022-02-25,MSFT,-0.6946802,0.0,1
2022-02-25,NVDA,-0.35058236,0.42412832,4
2022-02-25,TSLA,-0.048509393,0.63461727,12
2022-02-26,AAPL,0.379411,0.68262637,3
2022-02-26,MSFT,-0.38430226,0.0,1
2022-02-26,NVDA,-0.96596724,0.0,1
2022-02-26,TSLA,-0.12377596,0.48405015,6
2022-02-27,AAPL,-0.42895442,0.46937484,5
2022-02-27,MSFT,-0.047063243,0.4321646,3
2022-02-27,TSLA,-0.040935382,0.59821075,6
2022-02-28,AAPL,-0.14760089,0.6544894,9
2022-02-28,MSFT,0.23867099,0.44731385,5
2022-02-28,NVDA,-0.6849327,0.370055,2
2022-02-28,TSLA,-0.049855378,0.59396654,14
2022-03-01,AAPL,-0.18690585,0.88081515,3
2022-03-01,MSFT,-0.42326432,0.0,1
2022-03-01,NVDA,-0.533463,0.39629427,4
2022-03-01,TSLA,-0.23087047,0.49268463,12
2022-03-02,AAPL,-0.013517642,0.575657,10
2022-03-02,MSFT,-0.28472826,0.23653714,3
2022-03-02,NVDA,-0.16257064,0.22670664,3
2022-03-02,TSLA,-0.13283007,0.50621516,12
2022-03-03,AAPL,-0.18029095,0.45056418,12
2022-03-03,MSFT,-0.45625263,0.468037,5
2022-03-03,TSLA,-0.32212895,0.39091605,10
2022-03-04,AAPL,-0.3316857,0.52981067,3
2022-03-04,MSFT,-0.48006013,0.6601978,2
2022-03-04,NVDA,-0.38892984,0.49631217,2
2022-03-04,TSLA,-0.2833203,0.5479755,14
2022-03-05,AAPL,-0.05226578,0.37397733,4
2022-03-05,MSFT,0.34862676,0.0,1
2022-03-05,TSLA,-0.30530864,0.5617849,4
2022-03-06,AAPL,0.04863191,0.0,1
2022-03-06,TSLA,-0.26035863,0.6005061,3
2022-03-07,AAPL,-0.14566039,0.61568016,9
2022-03-07,MSFT,-0.37882593,0.617703,6
2022-03-07,NVDA,-0.19394948,0.8446668,6
2022-03-07,TSLA,0.10447851,0.66761744,12
2022-03-08,AAPL,-0.15287925,0.556252,12
2022-03-08,MSFT,0.2239285,0.67808986,6
2022-03-08,NVDA,0.01356709,1.0828176,2
2022-03-08,TSLA,0.038464237,0.7386262,10
2022-03-09,AAPL,-0.10106162,0.6440162,12
2022-03-09,MSFT,0.13053331,0.49384755,6
2022-03-09,NVDA,-0.037984144,0.0,1
2022-03-09,TSLA,-0.028424187,0.56620544,11
2022-03-10,AAPL,-0.1280484,0.53802973,13
2022-03-10,MSFT,-0.2518496,0.5998755,5
2022-03-10,NVDA,-0.43469462,0.48742327,3
2022-03-10,TSLA,0.116958454,0.6427734,15
2022-03-11,AAPL,-0.05122273,0.5080042,11
2022-03-11,MSFT,-0.23981492,0.40756884,5
2022-03-11,NVDA,-0.074846834,0.7568236,4
2022-03-11,TSLA,-0.10354399,0.53263366,11
2022-03-12,AAPL,-0.2590315,0.6023803,4
2022-03-12,MSFT,-0.58789337,0.0,1
2022-03-12,TSLA,-0.0759481,0.70017153,7
2022-03-13,AAPL,-0.27331176,0.4312189,4
2022-03-13,NVDA,-0.30884716,0.64232373,2
2022-03-13,TSLA,0.41771975,0.385197,2
2022-03-14,AAPL,-0.70521414,0.43625268,10
2022-03-14,MSFT,-0.84987324,0.12511997,3
2022-03-14,NVDA,-0.50079423,0.6545123,2
2022-03-14,TSLA,-0.44589472,0.6012733,13
2022-03-15,AAPL,-0.17815234,0.61041063,10
2022-03-15,MSFT,-0.040787086,0.69336724,9
2022-03-15,NVDA,-0.21622378,0.67720824,3
2022-03-15,TSLA,0.1443311,0.53859836,12
2022-03-16,AAPL,-0.23921993,0.7755212,7
2022-03-16,MSFT,0.12773207,0.48554313,5
2022-03-16,NVDA,0.2793289,0.52830946,3
2022-03-16,TSLA,-0.06781767,0.66309017,13
2022-03-17,AAPL,0.10406818,0.77621895,12
2022-03-17,MSFT,0.18822153,0.6059445,6
2022-03-17,NVDA,-0.01322981,0.0,1
2022-03-17,TSLA,-0.24374452,0.6284136,14
2022-03-18,AAPL,0.06522422,0.589039,11
2022-03-18,MSFT,-0.013082206,0.9400887,3
2022-03-18,TSLA,-0.35716355,0.6606713,9
2022-03-19,AAPL,-0.0005406402,0.2864402,4
2022-03-19,MSFT,0.23685618,0.2115378,2
2022-03-19,NVDA,0.18026692,0.18062623,2
2022-03-19,TSLA,-0.11393793,0.31919712,5
2022-03-20,AAPL,0.47363883,0.45019972,4
2022-03-20,MSFT,0.93793696,0.0,1
2022-03-20,TSLA,0.021984056,0.7426255,4
2022-03-21,AAPL,-0.19809523,0.6844066,13
2022-03-21,MSFT,-0.33345178,0.4803801,6
2022-03-21,NVDA,-0.02209531,0.38177517,4
2022-03-21,TSLA,0.1209796,0.50499594,13
2022-03-22,AAPL,-0.069253944,0.5919048,11
2022-03-22,MSFT,-0.0704691,0.7085203,7
2022-03-22,NVDA,0.28808954,0.66124046,11
2022-03-22,TSLA,0.2698199,0.5652881,17
2022-03-23,AAPL,0.09246595,0.3228428,8
2022-03-23,MSFT,0.22251391,0.5214113,7
2022-03-23,NVDA,-0.23973966,0.53324723,5
2022-03-23,TSLA,0.12663072,0.56597227,11
2022-03-24,AAPL,-0.0042951703,0.5755926,9
2022-03-24,MSFT,-0.27188978,0.2250882,3
2022-03-24,NVDA,0.18492113,0.58007175,10
2022-03-24,TSLA,0.1224054,0.6617402,12
2022-03-25,AAPL,0.034031734,0.505266,9
2022-03-25,MSFT,-0.2695613,0.3861882,4
2022-03-25,NVDA,-0.22740872,0.5353818,9
2022-03-25,TSLA,-0.22756056,0.5432516,11
2022-03-26,AAPL,-0.019785732,0.68239087,4
2022-03-26,MSFT,0.51738584,0.58933336,2
2022-03-26,NVDA,-0.39337718,0.0,1
2022-03-26,TSLA,0.17707866,0.5114357,10
2022-03-27,AAPL,0.09524018,0.7834406,6
2022-03-27,MSFT,0.4611659,0.6659351,2
2022-03-27,NVDA,0.4611659,0.6659351,2
2022-03-27,TSLA,0.23874672,0.47893506,9
2022-03-28,AAPL,-0.17312463,0.6711741,12
2022-03-28,MSFT,-0.19281857,0.53307027,5
2022-03-28,NVDA,0.3023295,0.599224,3
2022-03-28,TSLA,0.13347507,0.6247042,15
2022-03-29,AAPL,0.008040916,0.46904144,11
2022-03-29,MSFT,0.12050407,0.2866392,4
2022-03-29,NVDA,0.16884461,0.7836382,5
2022-03-29,TSLA,-0.17609853,0.65472496,11
2022-03-30,AAPL,-0.1648003,0.47775206,13
2022-03-30,MSFT,0.06976737,0.619872,12
2022-03-30,NVDA,-0.2636939,0.4938489,5
2022-03-30,TSLA,-0.08355866,0.6647629,12
2022-03-31,AAPL,-0.053693414,0.6895852,12
2022-03-31,MSFT,-0.22402737,0.5972777,7
2022-03-31,NVDA,0.24742949,0.5845724,6
2022-03-31,TSLA,0.032146323,0.62237084,11
2022-04-01,AAPL,-0.29318255,0.4793554,10
2022-04-01,MSFT,-0.5362657,0.5096637,5
2022-04-01,NVDA,-0.03741971,0.023912685,3
2022-04-01,TSLA,0.0377774,0.37425807,10
2022-04-02,AAPL,0.07275119,0.3571408,7
2022-04-02,MSFT,0.46200782,0.53422666,2
2022-04-02,NVDA,-0.010183893,0.0,1
2022-04-02,TSLA,0.19023173,0.4496151,12
2022-04-03,AAPL,0.014280653,0.59643656,5
2022-04-03,MSFT,-0.13060969,0.0,1
2022-04-03,NVDA,-0.13060969,0.0,1
2022-04-03,TSLA,0.22042394,0.48345196,4
2022-04-04,AAPL,-0.20154727,0.69426644,10
2022-04-04,MSFT,0.04404951,0.11601311,2
2022-04-04,NVDA,0.31812644,0.40753537,4
2022-04-04,TSLA,0.02427863,0.54052866,14
2022-04-05,AAPL,-0.28083068,0.6163071,9
2022-04-05,MSFT,0.07748992,0.6033836,4
2022-04-05,NVDA,-0.42326432,0.0,1
2022-04-05,TSLA,-0.010675388,0.5564087,15
2022-04-06,AAPL,-0.47779635,0.6595014,8
2022-04-06,MSFT,-0.30383843,0.7617567,5
2022-04-06,NVDA,-0.48782796,0.7857453,5
2022-04-06,TSLA,-0.07120167,0.5420193,15
2022-04-07,AAPL,-0.11639047,0.7505166,12
2022-04-07,MSFT,0.13860203,0.2750496,3
2022-04-07,NVDA,-0.6745971,0.404876,2
2022-04-07,TSLA,-0.16480964,0.59759307,11
2022-04-08,AAPL,0.17566708,0.5724553,8
2022-04-08,MSFT,0.059062123,0.6636502,4
2022-04-08,NVDA,-0.94190913,0.0,1
2022-04-08,TSLA,-0.11209507,0.54034406,11
2022-04-09,AAPL,0.0059538246,0.8037784,5
2022-04-09,MSFT,0.8993697,0.048761796,2
2022-04-09,NVDA,0.9338495,0.0,1
2022-04-09,TSLA,-0.18893903,0.76952946,11
2022-04-10,AAPL,0.19560273,0.18004622,3
2022-04-10,MSFT,0.6302843,0.0,1
2022-04-10,NVDA,0.25061488,0.53693366,2
2022-04-10,TSLA,-0.02246506,0.49198923,10
2022-04-11,AAPL,0.10881183,0.42864636,7
2022-04-11,MSFT,-0.29114288,0.78274846,5
2022-04-11,NVDA,-0.39211315,0.5593272,9
2022-04-11,TSLA,-0.12911049,0.56403995,15
2022-04-12,AAPL,-0.03075384,0.6950266,11
2022-04-12,MSFT,0.06559625,0.85721105,6
2022-04-12,NVDA,-0.22341807,0.73218334,7
2022-04-12,TSLA,-0.21981636,0.5621142,13
2022-04-13,AAPL,-0.1516007,0.5543651,9
2022-04-13,MSFT,-0.4132121,0.04103238,3
2022-04-13,NVDA,0.2467132,0.62938166,6
2022-04-13,TSLA,-0.27001777,0.6003079,10
2022-04-14,AAPL,-0.021111472,0.6990896,9
2022-04-14,MSFT,0.0071734465,0.6810918,7
2022-04-14,NVDA,0.6061075,0.49347752,4
2022-04-14,TSLA,0.036272205,0.41814294,10
2022-04-15,AAPL,-0.14934155,0.9743217,2
2022-04-15,MSFT,0.33963633,0.28280258,2
2022-04-15,NVDA,0.53960794,0.0,1
2022-04-15,TSLA,0.26119193,0.42515475,10
2022-04-16,AAPL,-0.3603806,0.81967634,2
2022-04-16,TSLA,-0.2729356,0.4211881,8
2022-04-17,AAPL,-0.4748973,0.41862115,3
2022-04-17,TSLA,-0.5163418,0.4165528,8
2022-04-18,AAPL,-0.29816914,0.5575452,14
2022-04-18,MSFT,-0.1195823,0.4181382,6
2022-04-18,NVDA,0.25008738,0.46790105,3
2022-04-18,TSLA,-0.19224505,0.4925284,17
2022-04-19,AAPL,-0.0261257,0.5985407,10
2022-04-19,MSFT,-0.41056928,0.46788263,5
2022-04-19,NVDA,-0.36777833,0.078469045,2
2022-04-19,TSLA,0.13811572,0.41069627,11
2022-04-20,AAPL,-0.10148879,0.6152989,13
2022-04-20,MSFT,0.11177011,0.6213125,4
2022-04-20,NVDA,-0.59363526,0.30186233,3
2022-04-20,TSLA,-0.30784583,0.6489264,14
2022-04-21,AAPL,-0.4109968,0.66746336,6
2022-04-21,MSFT,-0.11628415,0.66464067,7
2022-04-21,NVDA,-0.58222955,0.4834886,3
2022-04-21,TSLA,0.25615832,0.7031765,12
2022-04-22,AAPL,-0.058535673,0.7022642,8
2022-04-22,MSFT,-0.0010257115,0.6717652,6
2022-04-22,NVDA,0.1553238,0.8182472,2
2022-04-22,TSLA,-0.14715274,0.40970123,11
2022-04-23,AAPL,0.08056055,0.7701237,4
2022-04-23,MSFT,-0.24625964,0.6467491,4
2022-04-23,TSLA,-0.30373043,0.72907484,8
2022-04-24,AAPL,0.03153214,0.045249175,3
2022-04-24,MSFT,0.03153214,0.045249175,3
2022-04-24,NVDA,-0.45168817,0.0,1
2022-04-24,TSLA,-0.0029246032,0.41466329,8
2022-04-25,AAPL,-0.37507728,0.65602034,12
2022-04-25,MSFT,0.047057644,0.6232495,8
2022-04-25,NVDA,-0.68035966,0.3175003,4
2022-04-25,TSLA,0.03320132,0.61504364,15
2022-04-26,AAPL,-0.072934814,0.7058034,11
2022-04-26,MSFT,-0.42380804,0.78216285,18
2022-04-26,NVDA,-0.31304052,0.7469608,6
2022-04-26,TSLA,-0.28809175,0.5379632,14
2022-04-27,AAPL,-0.35464782,0.42439094,10
2022-04-27,MSFT,-0.016057035,0.8371891,12
2022-04-27,NVDA,-0.496875,0.64896965,2
2022-04-27,TSLA,-0.46985137,0.45382693,12
2022-04-28,AAPL,-0.24733697,0.6775687,14
2022-04-28,MSFT,0.3780794,0.35132885,6
2022-04-28,NVDA,0.37601578,0.70683426,3
2022-04-28,TSLA,-0.18648177,0.53928655,13
2022-04-29,AAPL,-0.64891726,0.4299468,11
2022-04-29,MSFT,-0.001224014,0.0529877,4
2022-04-29,NVDA,0.0149267465,0.0,1
2022-04-29,TSLA,-0.34658566,0.461247,10
2022-04-30,AAPL,-0.33477038,0.42552215,5
2022-04-30,NVDA,-0.9088325,0.0,1
2022-04-30,TSLA,-0.4499341,0.42992732,6
2022-05-01,AAPL,-0.32659662,0.0,1
2022-05-01,MSFT,-0.4466331,0.6770154,2
2022-05-01,TSLA,-0.028406119,0.45791537,5
2022-05-02,AAPL,-0.25064608,0.56876224,10
2022-05-02,MSFT,0.23349,0.63196385,12
2022-05-02,NVDA,0.2978096,0.604574,5
2022-05-02,TSLA,0.14796679,0.39183477,11
2022-05-03,AAPL,-0.18279569,0.5312906,12
2022-05-03,MSFT,-0.76525384,0.29757082,3
2022-05-03,NVDA,-0.16162151,0.49540523,5
2022-05-03,TSLA,-0.14118192,0.63229066,12
2022-05-04,AAPL,0.039423317,0.5438707,11
2022-05-04,MSFT,-0.027389348,0.5918841,6
2022-05-04,NVDA,-0.24240527,0.87059444,4
2022-05-04,TSLA,-0.030009603,0.44140944,12
2022-05-05,AAPL,-0.21094367,0.62783056,13
2022-05-05,MSFT,-0.30145633,0.7129474,9
2022-05-05,NVDA,-0.5985067,0.49221274,3
2022-05-05,TSLA,-0.1781547,0.6207659,12
2022-05-06,AAPL,-0.18455942,0.58481926,14
2022-05-06,MSFT,-0.058075376,0.6537083,8
2022-05-06,NVDA,-0.35405043,0.60663474,4
2022-05-06,TSLA,0.16448043,0.57547045,11
2022-05-07,AAPL,-0.4529757,0.56961095,4
2022-05-07,MSFT,0.03895394,0.07143831,2
2022-05-07,NVDA,-0.4337116,0.7398883,2
2022-05-07,TSLA,-0.16784668,0.7066942,10
2022-05-08,AAPL,0.3331596,0.24605654,2
2022-05-08,MSFT,-0.09047314,0.66445947,3
2022-05-08,TSLA,0.054424748,0.5405345,6
2022-05-09,AAPL,-0.5629155,0.47366884,19
2022-05-09,MSFT,-0.2507726,0.65174544,10
2022-05-09,NVDA,-0.6336755,0.516852,3
2022-05-09,TSLA,-0.2927345,0.69612724,16
2022-05-10,AAPL,-0.28884414,0.60666436,12
2022-05-10,MSFT,-0.50007814,0.6534996,2
2022-05-10,NVDA,-0.03250127,0.3860348,3
2022-05-10,TSLA,-0.21852466,0.5527405,14
2022-05-11,AAPL,-0.274188,0.53780967,9
2022-05-11,MSFT,-0.24359822,0.604388,3
2022-05-11,NVDA,-0.21980047,0.44711274,8
2022-05-11,TSLA,-0.088657066,0.5255811,15
2022-05-12,AAPL,-0.12748662,0.7436749,16
2022-05-12,MSFT,-0.76231575,0.25145295,4
2022-05-12,NVDA,-0.348603,0.882412,4
2022-05-12,TSLA,-0.24101074,0.7881485,10
2022-05-13,AAPL,-0.378973,0.5728425,6
2022-05-13,MSFT,-0.299727,0.7784964,5
2022-05-13,NVDA,-0.42326432,0.0,1
2022-05-13,TSLA,-0.29702073,0.63505423,10
2022-05-14,AAPL,0.31305847,0.41119468,4
2022-05-14,TSLA,-0.16324544,0.8734637,4
2022-05-15,AAPL,-0.94197583,0.0,1
2022-05-15,TSLA,-0.02165863,0.54031783,7
2022-05-16,AAPL,0.14848097,0.5102237,8
2022-05-16,MSFT,-0.040439826,0.3343502,3
2022-05-16,NVDA,-0.18807898,0.3326023,2
2022-05-16,TSLA,-0.10667209,0.6690078,11
2022-05-17,AAPL,0.015602199,0.49258143,14
2022-05-17,MSFT,0.34083927,0.44750407,4
2022-05-17,NVDA,0.39652896,0.46719658,3
2022-05-17,TSLA,-0.018035393,0.6540079,13
2022-05-18,AAPL,-0.33167988,0.45979652,11
2022-05-18,MSFT,-0.34124997,0.78602386,5
2022-05-18,NVDA,-0.034527734,0.82432187,4
2022-05-18,TSLA,-0.2994738,0.63596606,9
2022-05-19,AAPL,-0.16232486,0.5860991,12
2022-05-19,MSFT,-0.018742155,0.5686831,7
2022-05-19,NVDA,-0.4925475,0.42822602,3
2022-05-19,TSLA,-0.113684334,0.61150074,12
2022-05-20,AAPL,-0.28675815,0.71311396,8
2022-05-20,MSFT,-0.1899798,0.6336253,4
2022-05-20,NVDA,-0.31575048,0.5631027,3
2022-05-20,TSLA,0.046222948,0.6356654,10
2022-05-21,AAPL,-0.42368656,0.53756356,4
2022-05-21,TSLA,-0.6670123,0.34254166,8
2022-05-22,AAPL,-0.29994917,0.87195766,4
2022-05-22,TSLA,-0.15350953,0.63587284,6
2022-05-23,AAPL,0.22634883,0.6376353,14
2022-05-23,MSFT,0.0851184,0.6755996,9
2022-05-23,NVDA,0.24881335,0.40220642,3
2022-05-23,TSLA,0.23848428,0.569634,12
2022-05-24,AAPL,-0.22392619,0.74520576,12
2022-05-24,MSFT,-0.07404844,0.65460074,4
2022-05-24,NVDA,-0.3114854,0.49627268,4
2022-05-24,TSLA,-0.1143326,0.51932096,11
2022-05-25,AAPL,0.040642157,0.41381273,12
2022-05-25,MSFT,0.11892629,0.6882442,4
2022-05-25,NVDA,-0.39536157,0.77740186,10
2022-05-25,TSLA,-0.2953727,0.60545415,11
2022-05-26,AAPL,0.15704851,0.5475671,10
2022-05-26,MSFT,0.3479061,0.6811445,4
2022-05-26,NVDA,-0.11425239,0.644833,12
2022-05-26,TSLA,0.13742194,0.59046215,10
2022-05-27,AAPL,0.0253701,0.58553445,7
2022-05-27,MSFT,-0.22312957,0.70731246,4
2022-05-27,NVDA,-0.1525024,0.7126319,7
2022-05-27,TSLA,-0.1222674,0.6625257,12
2022-05-28,AAPL,0.8201013,0.11418708,3
2022-05-28,MSFT,0.3986605,0.6808945,3
2022-05-28,NVDA,0.6882532,0.0,1
2022-05-28,TSLA,0.09922756,0.6019406,9
2022-05-29,AAPL,0.33274424,0.62621075,3
2022-05-29,NVDA,0.22977057,0.0,1
2022-05-29,TSLA,0.010808587,0.6026797,7
2022-05-30,AAPL,0.42430174,0.5056503,2
2022-05-30,TSLA,0.03696464,0.5383881,4
2022-05-31,AAPL,-0.011232015,0.38784418,11
2022-05-31,MSFT,0.082628794,0.52626234,7
2022-05-31,NVDA,0.07899781,0.47668517,3
2022-05-31,TSLA,-0.04463246,0.44207314,11
2022-06-01,AAPL,-0.20457558,0.48216197,8
2022-06-01,MSFT,-0.22345267,0.21916457,3
2022-06-01,NVDA,0.2129384,0.8997265,2
2022-06-01,TSLA,0.08672751,0.5381696,11
2022-06-02,AAPL,-0.3375181,0.43546575,13
2022-06-02,MSFT,-0.6550268,0.42869258,8
2022-06-02,NVDA,-0.41848224,0.33549356,5
2022-06-02,TSLA,-0.08631749,0.497355,13
2022-06-03,AAPL,-0.13999908,0.53180593,12
2022-06-03,MSFT,-0.4283776,0.44071686,7
2022-06-03,NVDA,-0.2334599,0.72692037,5
2022-06-03,TSLA,-0.50626314,0.5741012,20
2022-06-04,AAPL,-0.6636862,0.0,1
2022-06-04,MSFT,-0.887429,0.0751968,2
2022-06-04,NVDA,-0.9042284,0.0,1
2022-06-04,TSLA,-0.53021973,0.55628866,11
2022-06-05,AAPL,-0.47488922,0.6488261,2
2022-06-05,TSLA,-0.08313801,0.38384217,8
2022-06-06,AAPL,-0.09424986,0.6172985,14
2022-06-06,MSFT,-0.11656997,0.51034504,4
2022-06-06,NVDA,0.18559471,0.27636018,5
2022-06-06,TSLA,-0.09204911,0.65449345,13
2022-06-07,AAPL,-0.018293137,0.5924646,11
2022-06-07,MSFT,-0.10804971,0.6111286,5
2022-06-07,NVDA,-0.027427996,0.3939744,5
2022-06-07,TSLA,-0.102639064,0.5145832,10
2022-06-08,AAPL,-0.06508533,0.62863326,13
2022-06-08,MSFT,-0.24621193,0.8943316,4
2022-06-08,NVDA,-0.40026268,0.6012227,4
2022-06-08,TSLA,-0.32561728,0.5824025,13
2022-06-09,AAPL,-0.10370931,0.63739914,11
2022-06-09,MSFT,0.44256207,0.6342519,4
2022-06-09,NVDA,-0.21269897,0.2977844,2
2022-06-09,TSLA,0.21742591,0.5519507,11
2022-06-10,AAPL,-0.55723244,0.5682923,15
2022-06-10,MSFT,-0.6249898,0.42182016,5
2022-06-10,NVDA,-0.22925238,0.81172544,5
2022-06-10,TSLA,-0.31871954,0.49994463,11
2022-06-11,AAPL,-0.38818753,0.64121825,4
2022-06-11,MSFT,0.21831931,0.0,1
2022-06-11,NVDA,-0.9627877,0.0,1
2022-06-11,TSLA,-0.36185044,0.5521879,9
2022-06-12,AAPL,4.2034935e-05,0.061820727,3
2022-06-12,TSLA,0.06655085,0.03509173,4
2022-06-13,AAPL,-0.10609728,0.69692725,12
2022-06-13,MSFT,-0.6717611,0.4227815,7
2022-06-13,NVDA,-0.3237667,1.0706146,3
2022-06-13,TSLA,-0.2822843,0.63138855,13
2022-06-14,AAPL,-0.23741868,0.6515837,10
2022-06-14,MSFT,-0.39786944,0.54351866,4
2022-06-14,NVDA,-0.6401815,0.3067672,2
2022-06-14,TSLA,0.13081124,0.6082239,10
2022-06-15,AAPL,-0.002548662,0.59195465,11
2022-06-15,MSFT,0.020097718,0.6674117,10
2022-06-15,NVDA,0.26599956,0.653892,5
2022-06-15,TSLA,0.02531307,0.51268077,12
2022-06-16,AAPL,-0.177093,0.47557077,9
2022-06-16,MSFT,-0.42779756,0.7017978,6
2022-06-16,NVDA,-0.80190927,0.25498974,4
2022-06-16,TSLA,-0.41549563,0.42724344,10
2022-06-17,AAPL,0.13338879,0.73145884,6
2022-06-17,MSFT,0.08379323,0.75745493,6
2022-06-17,NVDA,-0.33341986,0.87797165,4
2022-06-17,TSLA,-0.050871305,0.7266899,10
2022-06-18,AAPL,-0.9652267,0.0,1
2022-06-18,MSFT,-0.8666343,0.13943072,2
2022-06-18,TSLA,-0.39751324,0.4635742,9
2022-06-19,AAPL,-0.34495264,0.491725,2
2022-06-19,TSLA,-0.007736787,0.7321818,4
2022-06-20,AAPL,-0.3297674,0.8704647,2
2022-06-20,MSFT,0.28574407,0.0,1
2022-06-20,TSLA,-0.3299135,0.36501956,5
2022-06-21,AAPL,0.119892664,0.64249635,11
2022-06-21,MSFT,-0.037984144,0.0,1
2022-06-21,NVDA,-0.20562951,0.64097875,3
2022-06-21,TSLA,-0.0025299834,0.5932697,13
2022-06-22,AAPL,0.08882748,0.5418764,10
2022-06-22,MSFT,0.096219935,0.5567733,5
2022-06-22,NVDA,-0.13733566,0.28491712,3
2022-06-22,TSLA,0.21153767,0.56869906,10
2022-06-23,AAPL,0.031301636,0.6772874,7
2022-06-23,MSFT,0.20711601,0.6778862,3
2022-06-23,NVDA,0.25129375,0.9539692,2
2022-06-23,TSLA,0.08688082,0.59845585,13
2022-06-24,AAPL,-0.052482102,0.7424634,11
2022-06-24,MSFT,0.049694728,0.720322,7
2022-06-24,NVDA,-0.22057968,0.7698303,4
2022-06-24,TSLA,-0.02154211,0.7763647,13
2022-06-25,AAPL,0.2602567,0.84741384,4
2022-06-25,NVDA,0.9214119,0.0,1
2022-06-25,TSLA,0.052183926,0.88813835,5
2022-06-26,AAPL,0.19905181,0.0,1
2022-06-26,TSLA,-0.5256176,0.61456,2
2022-06-27,AAPL,0.096612975,0.34332198,10
2022-06-27,MSFT,0.015867457,0.46054375,4
2022-06-27,NVDA,-0.40578544,0.024718896,2
2022-06-27,TSLA,-0.09251421,0.49772522,14
2022-06-28,AAPL,-0.18923487,0.6473675,9
2022-06-28,MSFT,-0.19420993,0.58445156,8
2022-06-28,NVDA,-0.47030395,0.7028899,2
2022-06-28,TSLA,0.001320637,0.6179965,9
2022-06-29,AAPL,-0.49981385,0.5018323,15
2022-06-29,MSFT,-0.27421832,0.65830296,9
2022-06-29,NVDA,-0.4685124,0.6070848,5
2022-06-29,TSLA,-0.33082262,0.51682407,13
2022-06-30,AAPL,-0.0460613,0.69043005,11
2022-06-30,MSFT,-0.42192927,0.6408354,6
2022-06-30,NVDA,-0.43097728,0.62080187,5
2022-06-30,TSLA,-0.122757524,0.78542304,8
2022-07-01,AAPL,-0.43805048,0.64949894,11
2022-07-01,MSFT,-0.29398474,0.8032956,8
2022-07-01,NVDA,-0.32435992,0.7767308,6
2022-07-01,TSLA,-0.203025,0.68547404,12
2022-07-02,AAPL,-0.45141888,0.87680787,3
2022-07-02,TSLA,-0.30049422,0.7143813,6
2022-07-03,AAPL,-0.1529852,0.5841045,3
2022-07-03,MSFT,-0.82592475,0.0,1
2022-07-03,NVDA,-0.82592475,0.0,1
2022-07-03,TSLA,0.4239348,0.7174668,2
2022-07-05,AAPL,0.14333194,0.6963924,11
2022-07-05,MSFT,-0.07930757,0.8213276,9
2022-07-05,NVDA,-0.094671115,0.8339483,9
2022-07-05,TSLA,-0.42228246,0.59215283,12
2022-07-06,AAPL,-0.10210553,0.5600349,4
2022-07-06,MSFT,-0.39530033,0.56912386,7
2022-07-06,NVDA,-0.31741259,0.15406099,3
2022-07-06,TSLA,-0.2985087,0.63020724,11
2022-07-07,AAPL,-0.23847048,0.612924,3
2022-07-07,MSFT,-0.12684296,0.7577248,7
2022-07-07,NVDA,0.8526983,0.0,1
2022-07-07,TSLA,-0.14000875,0.63504934,10
2022-07-08,AAPL,-0.32848188,0.37438262,8
2022-07-08,MSFT,-0.7782465,0.2527736,4
2022-07-08,NVDA,-0.42326432,0.0,1
2022-07-08,TSLA,0.3545004,0.5347681,10
2022-07-09,MSFT,0.10798617,0.0,1
2022-07-09,TSLA,0.19944027,0.7168283,5
2022-07-10,AAPL,0.33549094,0.17963877,2
2022-07-10,MSFT,-0.030481579,0.0,1
2022-07-10,TSLA,-0.34941489,0.47472528,8
2022-07-11,AAPL,-0.12429756,0.6059433,10
2022-07-11,MSFT,-0.4205612,0.48471865,3
2022-07-11,NVDA,-0.6888254,0.43726617,4
2022-07-11,TSLA,-0.53339,0.4758631,13
2022-07-12,AAPL,-0.32656077,0.77036136,6
2022-07-12,MSFT,-0.65203565,0.5318628,3
2022-07-12,NVDA,-0.6544308,0.5338586,3
2022-07-12,TSLA,-0.22960976,0.58176064,13
2022-07-13,AAPL,-0.26494044,0.7467931,10
2022-07-13,MSFT,-0.13519403,0.8541811,7
2022-07-13,NVDA,-0.037984144,0.0,1
2022-07-13,TSLA,-0.11449397,0.6349018,11
2022-07-14,AAPL,-0.2856359,0.3700648,10
2022-07-14,MSFT,-0.3271497,0.4362135,4
2022-07-14,NVDA,-0.34932423,0.52980775,3
2022-07-14,TSLA,-0.078017786,0.57855636,14
2022-07-15,AAPL,-0.22687203,0.5826988,6
2022-07-15,MSFT,0.06318063,0.45628396,4
2022-07-15,NVDA,0.095125444,0.5377105,3
2022-07-15,TSLA,-0.16800341,0.5659661,10
2022-07-16,AAPL,-0.8599105,0.029575761,3
2022-07-16,MSFT,-0.46854794,0.50588745,2
2022-07-16,NVDA,-0.017060742,0.0,1
2022-07-16,TSLA,-0.5486854,0.5113875,6
2022-07-17,AAPL,0.09702897,0.0,1
2022-07-17,MSFT,-0.40197814,0.0,1
2022-07-17,TSLA,0.13919407,0.7411952,6
2022-07-18,AAPL,0.006210322,0.70191175,12
2022-07-18,MSFT,0.21769363,0.84957415,4
2022-07-18,NVDA,-0.24340422,0.7022717,7
2022-07-18,TSLA,0.11358778,0.7013845,10
2022-07-19,AAPL,-0.33413103,0.63475513,12
2022-07-19,MSFT,-0.1453393,0.6390925,11
2022-07-19,NVDA,-0.06356764,0.79803497,4
2022-07-19,TSLA,-0.09326725,0.6097847,15
2022-07-20,AAPL,-0.1439449,0.7483877,11
2022-07-20,MSFT,-0.59485555,0.51209277,3
2022-07-20,NVDA,-0.26292083,0.22782445,2
2022-07-20,TSLA,0.1622934,0.6493897,14
2022-07-21,AAPL,-0.012681884,0.77197975,10
2022-07-21,MSFT,-0.067336835,0.7455743,9
2022-07-21,NVDA,-0.1754335,0.74763286,4
2022-07-21,TSLA,0.04980272,0.6727951,15
2022-07-22,AAPL,-0.34734538,0.76613164,11
2022-07-22,MSFT,-0.34053427,0.8261856,8
2022-07-22,NVDA,-0.50837326,0.4640284,3
2022-07-22,TSLA,-0.20776418,0.69004303,13
2022-07-23,AAPL,-0.19561635,0.85843307,4
2022-07-23,MSFT,0.067646824,0.6517189,5
2022-07-23,NVDA,0.111447066,0.12922713,2
2022-07-23,TSLA,-0.07476331,0.6419185,12
2022-07-24,AAPL,-0.59074295,0.3371774,3
2022-07-24,MSFT,0.051324353,0.35154536,3
2022-07-24,NVDA,0.033576094,0.0,1
2022-07-24,TSLA,-0.2692858,0.41155395,5
2022-07-25,AAPL,-0.32301754,0.5544106,13
2022-07-25,MSFT,-0.29304028,0.6702589,7
2022-07-25,NVDA,0.019851753,0.7094566,7
2022-07-25,TSLA,-0.5281983,0.5989684,12
2022-07-26,AAPL,-0.16238083,0.70482266,12
2022-07-26,MSFT,-0.38548592,0.674252,13
2022-07-26,NVDA,-0.635537,0.5185422,3
2022-07-26,TSLA,0.19814815,0.6712663,9
2022-07-27,AAPL,0.22346504,0.70245063,14
2022-07-27,MSFT,0.18472068,0.8255023,15
2022-07-27,NVDA,0.5052807,0.5812858,8
2022-07-27,TSLA,0.2963209,0.601622,14
2022-07-28,AAPL,-0.035343647,0.7150205,14
2022-07-28,MSFT,0.2973684,0.53947175,9
2022-07-28,NVDA,-0.21219718,0.3166304,3
2022-07-28,TSLA,0.10076744,0.5527066,12
2022-07-29,AAPL,-0.11778075,0.6833134,18
2022-07-29,MSFT,-0.40232688,0.41974893,10
2022-07-29,NVDA,-0.20886725,0.24166521,2
2022-07-29,TSLA,-0.35125867,0.43410662,10
2022-07-30,AAPL,-0.2036762,0.32351917,2
2022-07-30,MSFT,0.2058579,0.0,1
2022-07-30,TSLA,-0.27888358,0.43433243,11
2022-07-31,AAPL,0.2769278,0.8744703,5
2022-07-31,MSFT,0.580893,0.4374458,4
2022-07-31,NVDA,0.90771097,0.0,1
2022-07-31,TSLA,0.104278296,0.21452716,8
2022-08-01,AAPL,0.0750251,0.64463204,10
2022-08-01,MSFT,-0.14271858,0.5333348,8
2022-08-01,NVDA,-0.026588466,0.056956004,4
2022-08-01,TSLA,0.19447565,0.48541147,10
2022-08-02,AAPL,-0.5099481,0.6434252,8
2022-08-02,MSFT,0.29878086,0.47625762,2
2022-08-02,NVDA,-0.21314533,0.24771534,2
2022-08-02,TSLA,-0.08944398,0.6682613,10
2022-08-03,AAPL,-0.15073588,0.39977622,10
2022-08-03,MSFT,-0.16497125,0.545867,7
2022-08-03,NVDA,-0.19998707,0.6886171,5
2022-08-03,TSLA,0.08795616,0.6046499,9
2022-08-04,AAPL,-0.032756377,0.5469423,10
2022-08-04,MSFT,0.026297316,0.34511703,4
2022-08-04,NVDA,-0.04360682,0.007951667,2
2022-08-04,TSLA,-0.098852895,0.5630647,11
2022-08-05,AAPL,-0.29477352,0.7218162,7
2022-08-05,MSFT,-0.30666184,1.078634,3
2022-08-05,TSLA,-0.31122193,0.60029674,11
2022-08-06,AAPL,-0.29181522,0.7212984,5
2022-08-06,MSFT,-0.9237579,0.0,1
2022-08-06,TSLA,-0.03963438,0.1341319,6
2022-08-07,AAPL,-0.81779397,0.0,1
2022-08-07,MSFT,0.6819585,0.0,1
2022-08-07,TSLA,-0.45921507,0.4279257,5
2022-08-08,AAPL,-0.28146526,0.6546033,14
2022-08-08,MSFT,-0.39400268,0.7866234,6
2022-08-08,NVDA,-0.67672956,0.4287012,9
2022-08-08,TSLA,-0.31082684,0.56070805,11
2022-08-09,AAPL,-0.15878741,0.7390923,8
2022-08-09,MSFT,-0.33945495,0.52900434,5
2022-08-09,NVDA,-0.7309154,0.43425754,14
2022-08-09,TSLA,-0.26963887,0.65058845,11
2022-08-10,AAPL,-0.03790615,0.69532204,9
2022-08-10,MSFT,0.13815376,0.774504,8
2022-08-10,NVDA,-0.12546276,0.834453,5
2022-08-10,TSLA,0.081530824,0.68228054,20
2022-08-11,AAPL,-0.004000932,0.86740565,10
2022-08-11,MSFT,-0.15287451,0.8737012,3
2022-08-11,NVDA,-0.3164465,0.0,1
2022-08-11,TSLA,-0.099666074,0.6525259,14
2022-08-12,AAPL,0.23944844,0.46220854,9
2022-08-12,MSFT,-0.027451336,0.5059383,4
2022-08-12,NVDA,-0.641263,0.30829668,2
2022-08-12,TSLA,0.02029649,0.751456,10
2022-08-13,AAPL,-0.0055063367,1.153642,2
2022-08-13,MSFT,0.23820516,0.53127414,4
2022-08-13,NVDA,0.8102418,0.0,1
2022-08-13,TSLA,0.24195711,0.4178151,7
2022-08-14,AAPL,0.05991116,0.033769783,2
2022-08-14,NVDA,-0.08167873,0.0,1
2022-08-14,TSLA,0.15522334,0.25358987,4
2022-08-15,AAPL,0.2931542,0.41134223,6
2022-08-15,MSFT,0.23361757,0.65553343,9
2022-08-15,NVDA,0.23257102,0.33744952,3
2022-08-15,TSLA,0.13476811,0.591918,11
2022-08-16,AAPL,-0.22398984,0.73336923,8
2022-08-16,MSFT,0.24467696,0.58838004,7
2022-08-16,NVDA,-0.42326432,0.0,1
2022-08-16,TSLA,0.026807865,0.690852,12
2022-08-17,AAPL,0.18675439,0.62645864,12
2022-08-17,MSFT,0.28357196,0.5232755,4
2022-08-17,NVDA,-0.102215916,0.60185856,4
2022-08-17,TSLA,-0.021420427,0.61037594,12
2022-08-18,AAPL,-0.3668999,0.55941314,9
2022-08-18,MSFT,0.041409474,0.6240212,6
2022-08-18,NVDA,-0.26058033,0.2300699,2
2022-08-18,TSLA,0.06323965,0.38236699,10
2022-08-19,AAPL,-0.12052383,0.68343097,12
2022-08-19,MSFT,0.06358578,0.6265996,5
2022-08-19,NVDA,-0.066245526,0.77068365,4
2022-08-19,TSLA,-0.30354014,0.64345527,14
2022-08-20,AAPL,-0.40333325,0.8873353,4
2022-08-20,MSFT,-0.012346174,0.12613945,3
2022-08-20,TSLA,-0.5316104,0.5083054,5
2022-08-21,AAPL,-0.096220665,0.60220003,4
2022-08-21,MSFT,0.09085575,0.0,1
2022-08-21,TSLA,-0.08357134,0.5246377,5
2022-08-22,AAPL,-0.2715797,0.71439695,11
2022-08-22,MSFT,-0.41604695,0.5445815,3
2022-08-22,NVDA,-0.36981404,0.5121958,8
2022-08-22,TSLA,-0.38984594,0.6395636,10
2022-08-23,AAPL,0.0041026096,0.7574586,11
2022-08-23,MSFT,0.023568943,0.64624786,8
2022-08-23,NVDA,-0.26296833,0.49573654,3
2022-08-23,TSLA,-0.0722662,0.59192276,10
2022-08-24,AAPL,0.33011466,0.51704764,7
2022-08-24,MSFT,0.41847318,0.5453736,4
2022-08-24,NVDA,-0.34432474,0.7310775,11
2022-08-24,TSLA,-0.17175335,0.55529195,17
2022-08-25,AAPL,-0.49764892,0.50674665,4
2022-08-25,MSFT,-0.10954407,1.2133849,2
2022-08-25,NVDA,-0.055417877,0.8731551,12
2022-08-25,TSLA,-0.2370691,0.6803246,15
2022-08-26,AAPL,-0.37268698,0.7971574,5
2022-08-26,MSFT,-0.14796585,0.7234087,5
2022-08-26,NVDA,-0.42714366,0.4823491,4
2022-08-26,TSLA,-0.14839274,0.6884296,9
2022-08-27,AAPL,-0.35487887,0.6761882,5
2022-08-27,NVDA,-0.22823055,0.0,1
2022-08-27,TSLA,-0.24964364,0.47973585,9
2022-08-28,AAPL,-0.3170391,0.55378515,3
2022-08-28,MSFT,0.14054316,0.0,1
2022-08-28,TSLA,-0.3296847,0.45039016,4
2022-08-29,AAPL,-0.23046142,0.6727695,16
2022-08-29,MSFT,-0.045444027,0.65440506,9
2022-08-29,NVDA,-0.09792678,0.7413043,7
2022-08-29,TSLA,-0.21707077,0.7556535,11
2022-08-30,AAPL,-0.20938927,0.5731687,16
2022-08-30,MSFT,-0.24336341,0.43157268,9
2022-08-30,NVDA,-0.37856996,0.43956986,4
2022-08-30,TSLA,-0.007046145,0.57944906,13
2022-08-31,AAPL,-0.7744377,0.36849016,7
2022-08-31,MSFT,-0.76150894,0.41995698,5
2022-08-31,NVDA,-0.9690127,0.0,1
2022-08-31,TSLA,-0.34565118,0.48682246,11
2022-09-01,AAPL,-0.15760012,0.6008084,10
2022-09-01,MSFT,-0.013220131,0.6104702,4
2022-09-01,NVDA,-0.38084182,0.6682514,12
2022-09-01,TSLA,0.08672482,0.788278,3
2022-09-02,AAPL,-0.22797792,0.6141846,6
2022-09-02,MSFT,0.34917554,0.39819396,3
2022-09-02,NVDA,-0.2693158,0.7271008,11
2022-09-02,TSLA,-0.11370656,0.7801375,8
2022-09-03,AAPL,-0.53343046,0.4320842,4
2022-09-03,MSFT,-0.7390368,0.0,1
2022-09-03,NVDA,-0.9565815,0.0,1
2022-09-03,TSLA,-0.44718206,0.42376345,8
2022-09-04,AAPL,-0.15907392,0.95101,2
2022-09-04,MSFT,-0.8315395,0.0,1
2022-09-04,TSLA,0.067565456,0.23187074,6
2022-09-05,AAPL,0.21067165,0.08491454,2
2022-09-05,TSLA,0.047825374,0.0,1
2022-09-06,AAPL,-0.19761012,0.59126276,13
2022-09-06,MSFT,-0.7224084,0.22108781,4
2022-09-06,NVDA,0.15682349,0.6420166,3
2022-09-06,TSLA,-0.17648928,0.5893518,12
2022-09-07,AAPL,-0.41260526,0.5681992,16
2022-09-07,MSFT,-0.45327562,0.51458544,8
2022-09-07,NVDA,0.037887253,0.10729836,2
2022-09-07,TSLA,-0.29283953,0.52726394,11
2022-09-08,AAPL,-0.44368893,0.5949218,14
2022-09-08,MSFT,-0.25759804,0.7781701,6
2022-09-08,NVDA,0.1826564,0.58781,4
2022-09-08,TSLA,-0.10832358,0.716057,11
2022-09-09,AAPL,-0.10963467,0.58879226,13
2022-09-09,MSFT,-0.13249713,0.5153451,6
2022-09-09,NVDA,-0.3775871,0.5513925,4
2022-09-09,TSLA,0.15198518,0.5569012,11
2022-09-10,AAPL,0.13699423,0.3810464,6
2022-09-10,MSFT,0.061224878,0.66712844,4
2022-09-10,TSLA,0.0034179774,0.63399136,7
2022-09-11,AAPL,-0.15587099,0.03577221,3
2022-09-11,MSFT,-0.107222036,0.08227153,2
2022-09-11,TSLA,0.337422,0.3422344,3
2022-09-12,AAPL,-0.06970339,0.6845826,12
2022-09-12,MSFT,-0.16737027,0.8288528,3
2022-09-12,NVDA,-0.34287542,0.806605,4
2022-09-12,TSLA,0.335227,0.6735818,10
2022-09-13,AAPL,-0.0009326093,0.78559226,17
2022-09-13,MSFT,-0.36153492,0.7415026,6
2022-09-13,NVDA,-0.24472703,0.65512174,7
2022-09-13,TSLA,-0.092091575,0.50642025,10
2022-09-14,AAPL,-0.5386767,0.6520965,17
2022-09-14,MSFT,-0.18584725,0.8312564,10
2022-09-14,NVDA,-0.34548658,0.88379514,4
2022-09-14,TSLA,-0.45470992,0.35668406,10
2022-09-15,AAPL,-0.05692495,0.62915796,11
2022-09-15,MSFT,0.51784927,0.4338802,3
2022-09-15,NVDA,0.28482082,0.5965657,6
2022-09-15,TSLA,-0.30926314,0.7989993,11
2022-09-16,AAPL,-0.1205331,0.69284654,11
2022-09-16,MSFT,-0.48746645,0.78053164,4
2022-09-16,NVDA,-0.15105368,0.8013117,3
2022-09-16,TSLA,-0.111105524,0.6401706,9
2022-09-17,AAPL,-0.28575042,0.44231313,4
2022-09-17,NVDA,0.016243242,0.030257232,2
2022-09-17,TSLA,-0.34169614,0.41326508,6
2022-09-18,AAPL,-0.9295392,0.0,1
2022-09-18,MSFT,-0.25401384,0.99973875,2
2022-09-18,NVDA,0.69204754,0.0,1
2022-09-18,TSLA,-0.3701392,0.0,1
2022-09-19,AAPL,-0.0076914486,0.6259186,11
2022-09-19,MSFT,-0.3451607,0.2839616,4
2022-09-19,NVDA,0.043468997,0.11519214,2
2022-09-19,TSLA,0.027103875,0.3722977,9
2022-09-20,AAPL,0.26315627,0.45909393,12
2022-09-20,MSFT,-0.15307325,0.65414,4
2022-09-20,NVDA,-0.029813075,0.70822835,5
2022-09-20,TSLA,-0.108801946,0.45990473,9
2022-09-21,AAPL,-0.014229178,0.78449476,9
2022-09-21,MSFT,0.01186909,0.7302892,7
2022-09-21,NVDA,0.029475681,0.765792,9
2022-09-21,TSLA,-0.015055665,0.6694562,11
2022-09-22,AAPL,-0.23488122,0.68924904,12
2022-09-22,MSFT,0.14074928,0.68782705,11
2022-09-22,NVDA,-0.20459259,0.62923974,3
2022-09-22,TSLA,-0.012103107,0.6608167,9
2022-09-23,AAPL,-0.29972494,0.696116,9
2022-09-23,MSFT,-0.27936655,0.48502588,4
2022-09-23,NVDA,-0.5196925,0.54138345,4
2022-09-23,TSLA,-0.23125213,0.71102047,11
2022-09-24,AAPL,0.3725201,0.5984286,2
2022-09-24,MSFT,0.3725201,0.5984286,2
2022-09-24,NVDA,0.795673,0.0,1
2022-09-24,TSLA,-0.048802406,0.69639385,7
2022-09-25,AAPL,-0.025394088,0.0,1
2022-09-25,TSLA,-0.4535246,0.6815195,2
2022-09-26,AAPL,-0.0874532,0.75271755,11
2022-09-26,MSFT,0.003721257,0.9276818,3
2022-09-26,NVDA,0.010842815,0.72946167,4
2022-09-26,TSLA,-0.39154646,0.58109456,9
2022-09-27,AAPL,-0.1647382,0.58697194,9
2022-09-27,MSFT,0.37580687,0.4923678,4
2022-09-27,NVDA,-0.21264048,0.7739591,5
2022-09-27,TSLA,0.062290955,0.5575447,11
2022-09-28,AAPL,-0.56527793,0.5995845,13
2022-09-28,MSFT,-0.27944142,0.73555803,5
2022-09-28,NVDA,0.8682767,0.0807497,2
2022-09-28,TSLA,-0.091950275,0.5414123,9
2022-09-29,AAPL,-0.30443946,0.71477914,16
2022-09-29,MSFT,-0.44632936,0.7112731,5
2022-09-29,NVDA,-0.6781198,0.4098578,2
2022-09-29,TSLA,-0.4779603,0.5606851,10
2022-09-30,AAPL,-0.5637831,0.59906614,11
2022-09-30,MSFT,-0.08258451,0.54001653,10
2022-09-30,NVDA,-0.4264029,0.73675835,5
2022-09-30,TSLA,-0.54039294,0.5022294,9
2022-10-01,AAPL,-0.92813826,0.043080527,2
2022-10-01,MSFT,-0.2718982,0.54194325,3
2022-10-01,TSLA,-0.33983555,0.46011662,9
2022-10-02,AAPL,-0.45150435,0.67493415,2
2022-10-02,MSFT,-0.92875487,0.0,1
2022-10-02,TSLA,-0.21977144,0.46292314,9
2022-10-03,AAPL,0.022083588,0.74810624,17
2022-10-03,MSFT,0.28645542,0.6991857,10
2022-10-03,NVDA,0.33975714,0.7304461,5
2022-10-03,TSLA,0.26522636,0.67993885,18
2022-10-04,AAPL,0.060416654,0.6499417,12
2022-10-04,MSFT,-0.023712873,0.6047016,5
2022-10-04,NVDA,0.15349577,0.64230645,6
2022-10-04,TSLA,-0.14450425,0.6010377,13
2022-10-05,AAPL,0.3182054,0.7908391,12
2022-10-05,MSFT,-0.2006279,0.72131443,4
2022-10-05,NVDA,-0.6962412,0.2435015,4
2022-10-05,TSLA,-0.19802855,0.5925633,12
2022-10-06,AAPL,-0.07633925,0.6108457,12
2022-10-06,MSFT,-0.68820995,0.24944058,4
2022-10-06,NVDA,-0.6955949,0.38513365,2
2022-10-06,TSLA,-0.1369409,0.6430273,9
2022-10-07,AAPL,-0.32309934,0.7234476,11
2022-10-07,MSFT,-0.74378276,0.3538591,6
2022-10-07,NVDA,-0.6631239,0.4290699,5
2022-10-07,TSLA,-0.37963304,0.43832052,11
2022-10-08,AAPL,-0.33382615,0.47596046,4
2022-10-08,MSFT,-0.18327163,0.4514505,3
2022-10-08,NVDA,-0.70094895,0.0,1
2022-10-08,TSLA,-0.39519206,0.426091,9
2022-10-09,AAPL,-0.79004997,0.0,1
2022-10-09,NVDA,-0.96053267,0.0,1
2022-10-09,TSLA,-0.41429275,0.46251664,7
2022-10-10,AAPL,-0.314661,0.7001807,13
2022-10-10,MSFT,-0.21839023,0.76690906,11
2022-10-10,NVDA,-0.5753884,0.62605906,8
2022-10-10,TSLA,-0.23797369,0.54529405,15
2022-10-11,AAPL,-0.41524282,0.62826276,17
2022-10-11,MSFT,-0.0017317235,0.81882906,4
2022-10-11,NVDA,-0.83551425,0.20474729,10
2022-10-11,TSLA,-0.29723075,0.45575622,12
2022-10-12,AAPL,0.2152647,0.5117417,13
2022-10-12,MSFT,-0.20655364,0.60198456,11
2022-10-12,NVDA,-0.14762823,0.756818,5
2022-10-12,TSLA,-0.1335974,0.4571519,10
2022-10-13,AAPL,-0.083183154,0.714838,11
2022-10-13,MSFT,-0.39534464,0.61948234,10
2022-10-13,NVDA,0.24952759,0.58894205,4
2022-10-13,TSLA,0.03777897,0.4673795,8
2022-10-14,AAPL,-0.10594251,0.6121557,12
2022-10-14,MSFT,-0.37783295,0.69905317,8
2022-10-14,NVDA,-0.27548987,0.6087882,3
2022-10-14,TSLA,-0.5615494,0.5260444,15
2022-10-15,AAPL,-0.40888596,0.27521697,3
2022-10-15,TSLA,-0.22062635,0.5554246,6
2022-10-16,AAPL,0.13363382,0.0,1
2022-10-16,NVDA,-0.96092653,0.0,1
2022-10-16,TSLA,-0.38838786,0.5647179,4
2022-10-17,AAPL,-0.18133505,0.65471184,14
2022-10-17,MSFT,0.18167894,0.5856786,7
2022-10-17,NVDA,0.046334427,0.7856075,3
2022-10-17,TSLA,-0.34599176,0.422045,10
2022-10-18,AAPL,-0.08754317,0.47166532,12
2022-10-18,MSFT,-0.10082209,0.770922,10
2022-10-18,NVDA,-0.4294319,0.49092373,3
2022-10-18,TSLA,-0.010059734,0.647932,12
2022-10-19,AAPL,-0.07407502,0.5637844,9
2022-10-19,MSFT,-0.27795163,0.7069278,5
2022-10-19,NVDA,0.38435206,0.70332885,3
2022-10-19,TSLA,0.1728214,0.64974517,12
2022-10-20,AAPL,-0.15595798,0.7177328,12
2022-10-20,MSFT,-0.27552637,0.830476,9
2022-10-20,NVDA,0.438393,0.673699,2
2022-10-20,TSLA,-0.5086221,0.7238157,11
2022-10-21,AAPL,-0.47332823,0.44894552,11
2022-10-21,MSFT,-0.6393046,0.30871236,6
2022-10-21,NVDA,-0.2521288,0.31463912,3
2022-10-21,TSLA,-0.43743277,0.54825026,17
2022-10-22,AAPL,0.33540696,0.39820135,4
2022-10-22,MSFT,0.7753462,0.0,1
2022-10-22,TSLA,-0.08225084,0.59454876,6
2022-10-23,AAPL,-0.13139868,0.13420671,2
2022-10-23,MSFT,-0.0327191,0.005347271,2
2022-10-23,TSLA,-0.75325555,0.0,1
2022-10-24,AAPL,-0.2763493,0.6000594,12
2022-10-24,MSFT,-0.34479016,0.4607236,8
2022-10-24,NVDA,-0.8789538,0.06375883,4
2022-10-24,TSLA,-0.43464538,0.6008686,14
2022-10-25,AAPL,0.10174823,0.6750401,12
2022-10-25,MSFT,0.2851459,0.6784356,13
2022-10-25,NVDA,0.03851375,0.7697472,3
2022-10-25,TSLA,-0.22944815,0.6423158,15
2022-10-26,AAPL,-0.35437334,0.6801416,16
2022-10-26,MSFT,-0.30807984,0.744254,18
2022-10-26,NVDA,-0.012279533,0.94196993,3
2022-10-26,TSLA,-0.22303797,0.63487184,15
2022-10-27,AAPL,-0.45142347,0.7276231,20
2022-10-27,MSFT,-0.2857076,0.81411296,12
2022-10-27,NVDA,0.058194466,0.1360171,2
2022-10-27,TSLA,-0.1821183,0.70134586,12
2022-10-28,AAPL,-0.0026847422,0.91453207,16
2022-10-28,MSFT,-0.76606965,0.29752046,3
2022-10-28,NVDA,-0.022315234,1.3264235,2
2022-10-28,TSLA,-0.14235769,0.61925936,11
2022-10-29,AAPL,0.25840846,0.54482925,3
2022-10-29,MSFT,-0.03741524,0.74022925,4
2022-10-29,NVDA,-0.63608164,0.0,1
2022-10-29,TSLA,0.33135816,0.671235,6
2022-10-30,AAPL,0.2942521,0.57943654,5
2022-10-30,MSFT,-0.9294746,0.0,1
2022-10-30,NVDA,0.9224418,0.0,1
2022-10-30,TSLA,-0.20859867,0.6383301,3
2022-10-31,AAPL,0.024522588,0.6997249,12
2022-10-31,MSFT,0.115973204,0.3766287,3
2022-10-31,NVDA,-0.24987672,0.88714314,4
2022-10-31,TSLA,-0.38211688,0.53739005,10
2022-11-01,AAPL,-0.15731028,0.786162,8
2022-11-01,MSFT,-0.15498845,0.9742767,3
2022-11-01,NVDA,0.2537072,0.9573823,2
2022-11-01,TSLA,0.35153762,0.5531499,15
2022-11-02,AAPL,-0.2688688,0.74809587,13
2022-11-02,MSFT,-0.41412303,0.4336306,8
2022-11-02,NVDA,-0.54891944,0.4767551,3
2022-11-02,TSLA,-0.33198476,0.57357246,14
2022-11-03,AAPL,-0.48234907,0.74084413,10
2022-11-03,MSFT,-0.37904713,0.51216525,4
2022-11-03,NVDA,-0.02470694,0.0,1
2022-11-03,TSLA,-0.12003907,0.59403753,12
2022-11-04,AAPL,-0.5073792,0.49155828,13
2022-11-04,MSFT,-0.21634358,0.6606409,6
2022-11-04,NVDA,0.22404644,0.4925952,4
2022-11-04,TSLA,-0.22682251,0.7614264,11
2022-11-05,AAPL,-0.25982985,0.45937467,4
2022-11-05,TSLA,-0.31746525,0.47084925,7
2022-11-06,AAPL,-0.06905638,0.10544296,2
2022-11-06,TSLA,-0.021815754,0.331987,4
2022-11-07,AAPL,-0.38145354,0.57983404,13
2022-11-07,MSFT,0.16632287,0.3069544,5
2022-11-07,TSLA,-0.5083167,0.4515201,14
2022-11-08,AAPL,-0.42677265,0.44408196,10
2022-11-08,MSFT,0.12046188,0.5561311,4
2022-11-08,NVDA,0.17344062,0.67614007,7
2022-11-08,TSLA,-0.41826588,0.6386431,14
2022-11-09,AAPL,-0.36434194,0.66132903,15
2022-11-09,MSFT,-0.42453483,0.5521949,9
2022-11-09,NVDA,-0.6379248,0.41617984,4
2022-11-09,TSLA,-0.62984526,0.45301896,11
2022-11-10,AAPL,-0.034411058,0.7261611,15
2022-11-10,MSFT,0.44066134,0.44235548,5
2022-11-10,NVDA,0.25320196,0.88483626,3
2022-11-10,TSLA,-0.49616423,0.5580946,16
2022-11-11,AAPL,0.086522855,0.6188222,12
2022-11-11,MSFT,0.144576,0.59286076,12
2022-11-11,NVDA,0.07701592,0.64282024,11
2022-11-11,TSLA,0.14315388,0.6623329,16
2022-11-12,AAPL,-0.56031775,0.51639336,3
2022-11-12,MSFT,0.03346539,0.0,1
2022-11-12,TSLA,-0.23335657,0.5790937,5
2022-11-13,AAPL,0.009659816,0.025987605,2
2022-11-13,TSLA,-0.3158539,0.3921032,4
2022-11-14,AAPL,0.061849304,0.55679584,16
2022-11-14,MSFT,-0.2550301,0.5837244,6
2022-11-14,NVDA,-0.21679176,0.21305144,3
2022-11-14,TSLA,-0.2928483,0.6946234,13
2022-11-15,AAPL,0.39811182,0.56299555,12
2022-11-15,MSFT,0.066419385,0.75205076,8
2022-11-15,NVDA,0.14128985,0.62275475,6
2022-11-15,TSLA,-0.3400833,0.48192662,10
2022-11-16,AAPL,0.08336853,0.6019794,11
2022-11-16,MSFT,0.060317386,0.7043567,6
2022-11-16,NVDA,-0.16618392,0.75311923,10
2022-11-16,TSLA,-0.22128455,0.68918467,10
2022-11-17,AAPL,-0.10288356,0.5336941,9
2022-11-17,MSFT,-0.1385159,0.69812715,7
2022-11-17,NVDA,-0.39600074,0.6287294,10
2022-11-17,TSLA,-0.48562518,0.5432503,12
2022-11-18,AAPL,-0.3812194,0.39942384,8
2022-11-18,MSFT,-0.18837206,0.43481934,3
2022-11-18,NVDA,-0.3508041,0.41843122,7
2022-11-18,TSLA,-0.43912363,0.5963563,8
2022-11-19,AAPL,-0.5141206,0.6372402,2
2022-11-19,MSFT,-0.06352372,0.0,1
2022-11-19,TSLA,-0.40360135,0.52996373,7
2022-11-20,AAPL,0.0019132085,0.0,1
2022-11-20,TSLA,-0.10639593,0.0,1
2022-11-21,AAPL,-0.022600492,0.60697126,14
2022-11-21,MSFT,-0.09229707,0.71868914,6
2022-11-21,NVDA,0.16970125,0.6123543,5
2022-11-21,TSLA,-0.3916069,0.43391383,14
2022-11-22,AAPL,-0.37383515,0.65892994,10
2022-11-22,MSFT,0.12607244,0.9005701,4
2022-11-22,NVDA,-0.8769824,0.0,1
2022-11-22,TSLA,-0.46604443,0.5907869,11
2022-11-23,AAPL,-0.16122812,0.5894772,12
2022-11-23,MSFT,-0.14271167,0.6371287,5
2022-11-23,NVDA,-0.4816699,0.4099513,4
2022-11-23,TSLA,0.028528849,0.6498141,15
2022-11-24,AAPL,-0.6974194,0.43918118,5
2022-11-24,TSLA,0.099531844,0.0,1
2022-11-25,AAPL,-0.39160812,0.6350228,8
2022-11-25,MSFT,-0.8740141,0.104726136,3
2022-11-25,NVDA,-0.12987527,0.0,1
2022-11-25,TSLA,-0.21608892,0.7591588,10
2022-11-26,AAPL,0.23513329,0.5220416,3
2022-11-26,TSLA,0.018359847,0.60798675,4
2022-11-27,AAPL,-0.9233514,0.06299137,2
2022-11-27,MSFT,0.007046448,0.0,1
2022-11-27,TSLA,-0.48042327,0.6893863,2
2022-11-28,AAPL,-0.4946426,0.5093501,17
2022-11-28,MSFT,0.3056848,0.37907568,5
2022-11-28,NVDA,-0.037984144,0.0,1
2022-11-28,TSLA,-0.2685815,0.6154649,14
2022-11-29,AAPL,-0.34879124,0.6470562,12
2022-11-29,MSFT,-0.564768,0.47406906,3
2022-11-29,NVDA,0.225345,0.37240365,2
2022-11-29,TSLA,-0.46074286,0.45871374,10
2022-11-30,AAPL,-0.2793545,0.7393821,13
2022-11-30,MSFT,-0.85160196,0.03497864,2
2022-11-30,NVDA,-0.45982862,0.5965782,2
2022-11-30,TSLA,-0.32577306,0.61887074,11
2022-12-01,AAPL,-0.19787523,0.5633412,13
2022-12-01,MSFT,0.2869656,0.4396645,5
2022-12-01,NVDA,0.012263258,0.8769633,3
2022-12-01,TSLA,0.3122813,0.5387903,13
2022-12-02,AAPL,-0.6454913,0.395591,10
2022-12-02,MSFT,-0.33367568,0.7664036,4
2022-12-02,NVDA,-0.037984144,0.0,1
2022-12-02,TSLA,-0.18064465,0.64006513,11
2022-12-03,AAPL,0.12137655,0.3990269,3
2022-12-03,MSFT,0.16300417,0.5550205,2
2022-12-03,TSLA,0.25192642,0.47543463,5
2022-12-04,AAPL,-0.65257955,0.25920627,5
2022-12-04,TSLA,-0.19784638,0.38748592,5
2022-12-05,AAPL,-0.2880547,0.577272,12
2022-12-05,MSFT,-0.063709535,0.27512473,7
2022-12-05,NVDA,-0.01859299,0.61751354,7
2022-12-05,TSLA,-0.115487956,0.5945745,12
2022-12-06,AAPL,-0.12185502,0.7130895,12
2022-12-06,MSFT,-0.14537965,0.47513753,11
2022-12-06,NVDA,-0.10619327,0.9040618,3
2022-12-06,TSLA,-0.15506202,0.5441999,11
2022-12-07,AAPL,-0.079374656,0.8648141,13
2022-12-07,MSFT,0.20082308,0.6345951,6
2022-12-07,NVDA,0.10327004,0.7948867,4
2022-12-07,TSLA,-0.089825176,0.6153893,12
2022-12-08,AAPL,-0.09254296,0.7083068,10
2022-12-08,MSFT,0.27001035,0.65465593,7
2022-12-08,NVDA,-0.16720134,0.36212775,2
2022-12-08,TSLA,-0.4154941,0.57769054,12
2022-12-09,AAPL,-0.022548543,0.68829215,8
2022-12-09,MSFT,-0.6077315,0.43207404,5
2022-12-09,NVDA,0.098370574,0.83187175,5
2022-12-09,TSLA,-0.4048872,0.64813226,10
2022-12-10,AAPL,-0.35450613,0.45395958,4
2022-12-10,TSLA,-0.6103434,0.5984876,3
2022-12-11,AAPL,-0.478804,0.48554367,2
2022-12-12,AAPL,-0.32535225,0.54871994,11
2022-12-12,MSFT,-0.3026973,0.6431842,9
2022-12-12,NVDA,-0.21314533,0.24771534,2
2022-12-12,TSLA,-0.5399454,0.5188708,11
2022-12-13,AAPL,-0.07035734,0.48343658,11
2022-12-13,MSFT,-0.17571056,0.40039134,5
2022-12-13,NVDA,0.28093886,0.45102525,2
2022-12-13,TSLA,-0.2523149,0.6498544,12
2022-12-14,AAPL,0.04929949,0.540312,7
2022-12-14,MSFT,-0.15141045,0.61391795,6
2022-12-14,NVDA,-0.50127447,0.6551914,2
2022-12-14,TSLA,-0.48168886,0.5034828,13
2022-12-15,AAPL,-0.34008244,0.49174476,12
2022-12-15,MSFT,-0.07415411,0.67046845,9
2022-12-15,NVDA,-0.27305153,0.86250603,4
2022-12-15,TSLA,-0.49917692,0.381728,13
2022-12-16,AAPL,-0.1412902,0.68877715,8
2022-12-16,MSFT,-0.17253517,0.6818245,6
2022-12-16,NVDA,-0.037984144,0.0,1
2022-12-16,TSLA,-0.5923957,0.42168283,12
2022-12-17,AAPL,-0.46170843,0.32185647,4
2022-12-17,MSFT,-0.8772468,0.0,1
2022-12-17,NVDA,-0.7904345,0.0,1
2022-12-17,TSLA,-0.47436637,0.41831392,7
2022-12-18,TSLA,-0.94312036,0.0022914398,2
2022-12-19,AAPL,-0.26691946,0.6411615,12
2022-12-19,MSFT,-0.33191413,0.7030266,5
2022-12-19,NVDA,-0.1636015,0.9115139,3
2022-12-19,TSLA,-0.4860161,0.5579029,15
2022-12-20,AAPL,-0.5119725,0.4895412,12
2022-12-20,MSFT,-0.18642746,0.8294617,4
2022-12-20,NVDA,-0.093319856,0.08253144,3
2022-12-20,TSLA,-0.5315816,0.5227858,12
2022-12-21,AAPL,-0.23112969,0.53727657,7
2022-12-21,MSFT,-0.5415442,0.42958292,6
2022-12-21,TSLA,-0.30914614,0.56339025,13
2022-12-22,AAPL,-0.03982973,0.79473305,11
2022-12-22,MSFT,-0.360979,0.6497073,6
2022-12-22,NVDA,0.05637735,0.7912687,4
2022-12-22,TSLA,-0.28680608,0.7335555,11
2022-12-23,AAPL,-0.40052748,0.6499398,6
2022-12-23,MSFT,-0.25277603,0.6850927,5
2022-12-23,NVDA,0.2838251,0.455107,2
2022-12-23,TSLA,-0.45819286,0.6467701,12
2022-12-24,AAPL,-0.25058338,0.61728287,3
2022-12-24,MSFT,-0.9632078,0.0,1
2022-12-24,NVDA,-0.9632078,0.0,1
2022-12-24,TSLA,-0.38158965,0.53030497,5
2022-12-25,AAPL,-0.10683879,0.0,1
2022-12-25,MSFT,-0.10683879,0.0,1
2022-12-25,TSLA,-0.025410071,0.3358629,4
2022-12-26,AAPL,-0.64100987,0.45113558,2
2022-12-26,TSLA,-0.32200885,0.0,1
2022-12-27,AAPL,-0.45288616,0.45800948,14
2022-12-27,MSFT,0.12409842,0.12907636,3
2022-12-27,NVDA,-0.6924417,0.3806743,2
2022-12-27,TSLA,-0.5112067,0.6093161,11
2022-12-28,AAPL,-0.0444458,0.73477405,10
2022-12-28,NVDA,-0.6813222,0.43216905,4
2022-12-28,TSLA,-0.19970863,0.74035215,15
2022-12-29,AAPL,0.015551001,0.84689075,10
2022-12-29,MSFT,-0.09560491,0.6513286,5
2022-12-29,NVDA,-0.50129193,0.6552161,2
2022-12-29,TSLA,-0.31957185,0.7434413,13
2022-12-30,AAPL,-0.07147876,0.8205884,6
2022-12-30,MSFT,0.35793924,0.2705723,2
2022-12-30,TSLA,-0.15526323,0.68325216,14
2022-12-31,AAPL,-0.61920047,0.68082136,4
2022-12-31,TSLA,-0.6569237,0.5364824,7
2023-01-01,NVDA,-0.9461126,0.0,1
2023-01-01,TSLA,-0.32251513,1.0774068,3
2023-01-02,TSLA,-0.6921177,0.44270486,7
2023-01-03,AAPL,-0.12225098,0.58714235,13
2023-01-03,MSFT,-0.06777921,0.7399782,4
2023-01-03,NVDA,-0.056458667,0.7438997,4
2023-01-03,TSLA,-0.3646562,0.63359094,17
2023-01-04,AAPL,-0.24761885,0.7417246,12
2023-01-04,MSFT,-0.23979355,0.72729266,11
2023-01-04,NVDA,0.3903402,0.7181338,6
2023-01-04,TSLA,-0.21814048,0.6605495,17
2023-01-05,AAPL,-0.1268521,0.70176435,16
2023-01-05,MSFT,0.0075604883,0.6080332,9
2023-01-05,NVDA,-0.037984144,0.0,1
2023-01-05,TSLA,-0.12232976,0.67201763,10
2023-01-06,AAPL,-0.29818872,0.6618263,7
2023-01-06,MSFT,-0.28854385,0.4090274,6
2023-01-06,NVDA,-0.49936697,0.0,1
2023-01-06,TSLA,-0.549962,0.5065457,11
2023-01-07,AAPL,-0.15546681,0.65339166,6
2023-01-07,MSFT,0.42167103,0.6381151,2
2023-01-07,NVDA,-0.93852466,0.0,1
2023-01-07,TSLA,-0.37194923,0.6167173,9
2023-01-08,AAPL,0.00742938,0.0,1
2023-01-08,TSLA,-0.00023176272,0.4550282,3
2023-01-09,AAPL,0.024615962,0.5827264,14
2023-01-09,MSFT,0.13362795,0.57795894,9
2023-01-09,NVDA,0.29880473,0.36292922,4
2023-01-09,TSLA,-0.112706445,0.56250566,16
2023-01-10,AAPL,-0.2688348,0.62970155,12
2023-01-10,MSFT,-0.37780145,0.45032334,8
2023-01-10,NVDA,-0.48730457,0.63371617,2
2023-01-10,TSLA,-0.29531693,0.6301296,10
2023-01-11,AAPL,-0.61448765,0.4762076,12
2023-01-11,MSFT,-0.19144823,0.86340016,6
2023-01-11,NVDA,-0.43155065,0.6460923,5
2023-01-11,TSLA,-0.15918213,0.8252077,12
2023-01-12,AAPL,-0.102198996,0.6201638,9
2023-01-12,MSFT,-0.85238147,0.08604425,4
2023-01-12,NVDA,-0.74191815,0.21812834,3
2023-01-12,TSLA,-0.44220662,0.72547364,7
2023-01-13,AAPL,-0.42324528,0.36281037,5
2023-01-13,MSFT,-0.1689114,0.61557966,8
2023-01-13,NVDA,-0.3194249,0.5107523,7
2023-01-13,TSLA,-0.3011732,0.6232004,12
2023-01-14,AAPL,0.43197557,0.44129574,2
2023-01-14,MSFT,0.43197557,0.44129574,2
2023-01-14,TSLA,0.24655886,0.60576916,5
2023-01-15,AAPL,-0.5813989,0.0,1
2023-01-15,TSLA,-0.10868029,0.0,1
2023-01-16,AAPL,-0.5471439,0.5896479,2
2023-01-16,MSFT,-0.66838795,0.4988801,3
2023-01-16,NVDA,-0.95638216,0.010897573,2
2023-01-16,TSLA,-0.66050667,0.42619804,6
2023-01-17,AAPL,0.09002371,0.50942343,10
2023-01-17,MSFT,-0.24327375,0.6832439,8
2023-01-17,NVDA,-0.15202536,0.960643,3
2023-01-17,TSLA,-0.09737458,0.5639622,12
2023-01-18,AAPL,0.15365514,0.5898414,10
2023-01-18,MSFT,-0.41867676,0.6912207,7
2023-01-18,NVDA,-0.6401105,0.0,1
2023-01-18,TSLA,-0.263035,0.8338652,10
2023-01-19,AAPL,-0.23276941,0.72886354,10
2023-01-19,MSFT,-0.65001833,0.45599622,11
2023-01-19,NVDA,-0.9609404,0.0,1
2023-01-19,TSLA,-0.3179122,0.80226344,12
2023-01-20,AAPL,-0.107324444,0.70442235,7
2023-01-20,MSFT,-0.39343864,0.63300705,10
2023-01-20,NVDA,-0.4788755,0.4797006,4
2023-01-20,TSLA,-0.35347003,0.7809402,11
2023-01-21,AAPL,-0.05190003,1.2117335,2
2023-01-21,MSFT,0.28995985,0.7282706,2
2023-01-21,TSLA,-0.28769022,0.66049194,5
2023-01-22,AAPL,-0.28776532,0.0,1
2023-01-22,MSFT,-0.24781042,0.0,1
2023-01-22,TSLA,-0.26778787,0.028252382,2
2023-01-23,AAPL,0.022038082,0.5779544,8
2023-01-23,MSFT,-0.2555467,0.5675143,13
2023-01-23,NVDA,-0.9624439,0.0,1
2023-01-23,TSLA,0.0117425,0.6531242,11
2023-01-24,AAPL,0.080039926,0.49744606,11
2023-01-24,MSFT,-0.013179823,0.76561433,11
2023-01-24,NVDA,-0.06416371,0.0,1
2023-01-24,TSLA,-0.14954795,0.57629615,10
2023-01-25,AAPL,0.10963518,0.24909844,7
2023-01-25,MSFT,-0.476182,0.68801206,16
2023-01-25,NVDA,0.25334308,0.3893085,3
2023-01-25,TSLA,-0.2860862,0.7524553,13
2023-01-26,AAPL,-0.24371968,0.30181995,7
2023-01-26,MSFT,-0.62050277,0.3974818,9
2023-01-26,NVDA,-0.42326432,0.0,1
2023-01-26,TSLA,-0.036236636,0.85199416,15
2023-01-27,AAPL,-0.33653688,0.6574228,8
2023-01-27,MSFT,-0.4133905,0.44533566,3
2023-01-27,NVDA,-0.6764968,0.4939727,3
2023-01-27,TSLA,0.11812557,0.86669606,9
2023-01-28,TSLA,-0.019504169,0.5231565,5
2023-01-29,AAPL,-0.49044108,0.5404206,4
2023-01-29,MSFT,-0.0066456,0.80862176,3
2023-01-29,NVDA,0.58393407,0.0,1
2023-01-29,TSLA,-0.73043084,0.24742836,4
2023-01-30,AAPL,-0.21199751,0.57955784,14
2023-01-30,MSFT,-0.48859048,0.6014449,5
2023-01-30,NVDA,-0.60003674,0.3758461,3
2023-01-30,TSLA,-0.30614358,0.71037215,11
2023-01-31,AAPL,-0.48864943,0.6472431,8
2023-01-31,MSFT,-0.5620987,0.51355416,5
2023-01-31,NVDA,-0.037984144,0.0,1
2023-01-31,TSLA,-0.030043025,0.66523594,10
2023-02-01,AAPL,-0.07287539,0.5347682,9
2023-02-01,MSFT,-0.13486348,0.6605603,5
2023-02-01,NVDA,-0.14856803,0.96952665,3
2023-02-01,TSLA,-0.085973255,0.7392238,10
2023-02-02,AAPL,0.18762966,0.6715412,12
2023-02-02,MSFT,0.10098894,0.72580045,7
2023-02-02,NVDA,-0.29912966,0.7658253,2
2023-02-02,TSLA,-0.0010932251,0.6252279,8
2023-02-03,AAPL,-0.17099501,0.5974644,19
2023-02-03,MSFT,-0.06309893,0.84068406,3
2023-02-03,NVDA,0.18028052,0.0,1
2023-02-03,TSLA,-0.11814865,0.6221443,10
2023-02-04,AAPL,-0.16377607,0.5354999,4
2023-02-04,MSFT,-0.95709246,0.0,1
2023-02-04,NVDA,0.21216495,0.0,1
2023-02-04,TSLA,-0.046151143,0.6437247,6
2023-02-05,AAPL,0.05961238,0.09949754,2
2023-02-05,MSFT,-0.010743007,0.0,1
2023-02-05,NVDA,-0.010743007,0.0,1
2023-02-05,TSLA,0.05961238,0.09949754,2
2023-02-06,AAPL,-0.21568185,0.54575247,11
2023-02-06,MSFT,-0.10586393,0.74488235,14
2023-02-06,NVDA,0.49821234,0.4701297,3
2023-02-06,TSLA,0.36321598,0.655562,8
2023-02-07,AAPL,-0.3041862,0.5992902,10
2023-02-07,MSFT,0.14190982,0.58247155,13
2023-02-07,NVDA,-0.017294737,0.0,1
2023-02-07,TSLA,0.0946761,0.61291325,7
2023-02-08,AAPL,0.21635331,0.3830518,6
2023-02-08,MSFT,0.10528021,0.55081993,15
2023-02-08,NVDA,-0.42330608,0.652816,2
2023-02-08,TSLA,0.26732206,0.45956528,8
2023-02-09,AAPL,-0.12750502,0.72664595,5
2023-02-09,MSFT,-0.022382846,0.52236557,6
2023-02-09,TSLA,-0.22204101,0.77963483,8
2023-02-10,AAPL,-0.12252789,0.64027107,9
2023-02-10,MSFT,-0.42426553,0.65620774,7
2023-02-10,NVDA,0.65149397,0.0,1
2023-02-10,TSLA,0.047007184,0.53768194,10
2023-02-11,AAPL,-0.57092863,0.580545,3
2023-02-11,MSFT,-0.079852544,0.8119143,3
2023-02-11,TSLA,-0.40298057,0.46492758,5
2023-02-12,AAPL,-0.13901311,0.24134402,2
2023-02-12,MSFT,-0.41628337,0.6669333,2
2023-02-12,TSLA,0.031201296,0.0,1
2023-02-13,AAPL,0.05060319,0.5286673,14
2023-02-13,MSFT,-0.14902677,0.70467156,10
2023-02-13,NVDA,-0.42326432,0.0,1
2023-02-13,TSLA,-0.16926879,0.7373804,13
2023-02-14,AAPL,-0.3712564,0.4475512,10
2023-02-14,MSFT,-0.10745309,0.7361872,9
2023-02-14,NVDA,0.8123462,0.16635272,3
2023-02-14,TSLA,-0.14019962,0.596801,8
2023-02-15,AAPL,0.17254603,0.5703272,7
2023-02-15,MSFT,-0.0063765943,0.48553368,4
2023-02-15,NVDA,0.92518437,0.007716582,2
2023-02-15,TSLA,0.33537886,0.3978211,13
2023-02-16,AAPL,-0.24166015,0.6630246,7
2023-02-16,MSFT,-0.31710517,0.4778918,9
2023-02-16,TSLA,0.121425614,0.7780286,10
2023-02-17,AAPL,-0.68869555,0.37782794,4
2023-02-17,MSFT,0.0009367764,0.5955691,7
2023-02-17,NVDA,-0.19458291,0.9180029,4
2023-02-17,TSLA,-0.5751892,0.58629507,6
2023-02-18,AAPL,-0.22154903,0.7499395,3
2023-02-18,MSFT,-0.16344976,0.647398,5
2023-02-18,NVDA,-0.25587845,0.0,1
2023-02-18,TSLA,0.062074695,0.6050361,7
2023-02-19,AAPL,0.02522167,0.0,1
2023-02-19,TSLA,0.44555148,0.0,1
2023-02-20,AAPL,-0.14685139,0.25760338,5
2023-02-20,MSFT,0.0012235194,0.025610903,2
2023-02-20,TSLA,-0.14364071,0.69076914,2
2023-02-21,AAPL,0.094981804,0.54534113,10
2023-02-21,MSFT,0.0033538714,0.66413456,8
2023-02-21,NVDA,0.10592536,0.76691943,4
2023-02-21,TSLA,-0.16229223,0.5785881,12
2023-02-22,AAPL,-0.19909066,0.7879864,9
2023-02-22,MSFT,-0.20923729,0.70256823,9
2023-02-22,NVDA,0.19069032,0.7483751,11
2023-02-22,TSLA,-0.30211368,0.6791469,9
2023-02-23,AAPL,0.28222376,0.71253717,8
2023-02-23,MSFT,-0.1272371,0.8723067,4
2023-02-23,NVDA,0.33118296,0.7109611,14
2023-02-23,TSLA,-0.19435221,0.58913916,8
2023-02-24,AAPL,-0.16189104,0.5526992,10
2023-02-24,MSFT,-0.2926615,0.51787436,7
2023-02-24,NVDA,-0.91637534,0.012671619,2
2023-02-24,TSLA,-0.10638578,0.77252364,9
2023-02-25,AAPL,-0.45806378,0.7069933,2
2023-02-25,MSFT,0.28885785,0.0,1
2023-02-25,NVDA,-0.05237776,1.2807199,2
2023-02-25,TSLA,-0.24062201,0.86122894,4
2023-02-26,AAPL,-0.28201222,0.27795485,3
2023-02-26,TSLA,0.0075934827,1.2060875,2
2023-02-27,AAPL,-0.09695115,0.50088704,12
2023-02-27,MSFT,0.07783423,0.6195505,9
2023-02-27,NVDA,0.09165644,0.58456904,6
2023-02-27,TSLA,-0.27964675,0.68390507,13
2023-02-28,AAPL,-0.20766786,0.71815395,9
2023-02-28,MSFT,0.19414714,0.40314806,5
2023-02-28,NVDA,0.34324992,0.72212833,2
2023-02-28,TSLA,0.05939357,0.603343,16
2023-03-01,AAPL,-0.2116549,0.41584,8
2023-03-01,MSFT,-0.23160252,0.5124366,7
2023-03-01,NVDA,-0.39358103,0.5601189,9
2023-03-01,TSLA,-0.24087802,0.6858853,14
2023-03-02,AAPL,-0.1061264,0.638623,13
2023-03-02,MSFT,-0.116458476,0.64175767,10
2023-03-02,NVDA,0.105952434,0.3013048,4
2023-03-02,TSLA,-0.25368556,0.53080654,12
2023-03-03,AAPL,-0.36330938,0.5290473,8
2023-03-03,MSFT,-0.61540526,0.3924218,4
2023-03-03,NVDA,-0.39180723,0.5003814,2
2023-03-03,TSLA,-0.26785553,0.6226897,14
2023-03-04,AAPL,0.18643132,0.49546418,5
2023-03-04,MSFT,0.35012743,0.6155723,3
2023-03-04,TSLA,0.30770886,0.71183234,5
2023-03-05,AAPL,-0.41594666,0.77797174,2
2023-03-05,TSLA,0.025164254,0.0,1
2023-03-06,AAPL,-0.009857206,0.5956489,15
2023-03-06,MSFT,0.09040314,0.48773894,6
2023-03-06,NVDA,0.55780095,0.52062744,3
2023-03-06,TSLA,-0.028624862,0.6250667,12
2023-03-07,AAPL,-0.08956629,0.5387544,12
2023-03-07,MSFT,-0.26155585,0.5121646,8
2023-03-07,NVDA,-0.42326432,0.0,1
2023-03-07,TSLA,-0.38801214,0.4925579,12
2023-03-08,AAPL,-0.07284244,0.68912816,6
2023-03-08,MSFT,0.11551204,0.77435696,3
2023-03-08,NVDA,0.16661909,1.0879273,2
2023-03-08,TSLA,-0.26846403,0.72138673,13
2023-03-09,AAPL,-0.31334227,0.708794,10
2023-03-09,MSFT,0.06384374,0.66221726,8
2023-03-09,NVDA,-0.20546128,0.72524554,9
2023-03-09,TSLA,-0.31361094,0.5680649,12
2023-03-10,AAPL,-0.051153827,0.45363566,10
2023-03-10,MSFT,-0.60941774,0.4824794,5
2023-03-10,NVDA,-0.037984144,0.0,1
2023-03-10,TSLA,-0.3880987,0.51563424,5
2023-03-11,AAPL,-0.45422894,0.51751316,4
2023-03-11,TSLA,-0.37487584,0.6223809,4
2023-03-12,AAPL,-0.9526255,0.0,1
2023-03-12,TSLA,-0.34242496,0.42610756,2
2023-03-13,AAPL,-0.037293904,0.5668272,13
2023-03-13,MSFT,0.2115447,0.32975757,5
2023-03-13,NVDA,-0.22430678,0.6062972,3
2023-03-13,TSLA,-0.28778622,0.6333563,11
2023-03-14,AAPL,-0.41184726,0.44530064,8
2023-03-14,MSFT,-0.10384863,0.60670555,9
2023-03-14,NVDA,-0.1579898,0.6174915,6
2023-03-14,TSLA,-0.14075375,0.66704404,10
2023-03-15,AAPL,-0.1326468,0.6343313,8
2023-03-15,MSFT,-0.1525211,0.4943932,8
2023-03-15,NVDA,-0.1047379,0.70609087,5
2023-03-15,TSLA,-0.253366,0.6123328,10
2023-03-16,AAPL,-0.124280185,0.73053813,11
2023-03-16,MSFT,-0.297092,0.74796784,15
2023-03-16,NVDA,-0.083292805,0.82117635,8
2023-03-16,TSLA,-0.2647898,0.64101756,10
2023-03-17,AAPL,-0.3176106,0.47464573,6
2023-03-17,MSFT,0.052534427,0.57066697,8
2023-03-17,NVDA,0.38265258,0.70430726,7
2023-03-17,TSLA,-0.2439649,0.5986906,7
2023-03-18,AAPL,-0.389501,0.773368,2
2023-03-18,MSFT,-0.389501,0.773368,2
2023-03-18,NVDA,-0.93635476,0.0,1
2023-03-18,TSLA,-0.2545513,0.4567955,4
2023-03-19,AAPL,-0.27252683,0.5857049,3
2023-03-19,MSFT,-0.26099718,0.59808505,3
2023-03-19,TSLA,-0.28798258,0.272235,2
2023-03-20,AAPL,0.18235394,0.28968608,9
2023-03-20,MSFT,0.24601433,0.31096923,7
2023-03-20,NVDA,-0.21314533,0.24771534,2
2023-03-20,TSLA,-0.077708475,0.4852423,12
2023-03-21,AAPL,0.16900599,0.51233935,11
2023-03-21,MSFT,-0.14251527,0.47962672,10
2023-03-21,NVDA,0.044293378,0.56705064,6
2023-03-21,TSLA,-0.11257951,0.7535666,15
2023-03-22,AAPL,0.19783929,0.3562804,7
2023-03-22,MSFT,-0.07667203,0.6550197,8
2023-03-22,NVDA,0.25067595,0.60709876,10
2023-03-22,TSLA,0.14446992,0.49733675,10
2023-03-23,AAPL,-0.0021643569,0.65465516,13
2023-03-23,MSFT,-0.29095346,0.47451952,8
2023-03-23,NVDA,-0.023659542,0.8793876,4
2023-03-23,TSLA,-0.44179347,0.5342562,9
2023-03-24,AAPL,-0.047672465,0.47232097,11
2023-03-24,MSFT,-0.08292762,0.62610656,10
2023-03-24,NVDA,0.13708656,0.9148656,4
2023-03-24,TSLA,-0.2241404,0.5556243,14
2023-03-25,AAPL,0.1285403,0.8955158,4
2023-03-25,MSFT,-0.51025796,0.5363085,5
2023-03-25,NVDA,-0.82670623,0.0,1
2023-03-25,TSLA,-0.23735765,0.72080624,5
2023-03-26,AAPL,0.2958716,0.8668323,2
2023-03-26,MSFT,-0.14893451,0.0,1
2023-03-26,TSLA,0.031387728,0.8026048,3
2023-03-27,AAPL,-0.37111425,0.45297748,12
2023-03-27,MSFT,-0.07722514,0.6569134,11
2023-03-27,NVDA,-0.005299262,0.62315655,7
2023-03-27,TSLA,-0.027775334,0.44460502,13
2023-03-28,AAPL,-0.2941149,0.58801615,10
2023-03-28,MSFT,-0.35726032,0.5766443,17
2023-03-28,NVDA,-0.81247777,0.22452867,5
2023-03-28,TSLA,-0.040545486,0.5455643,9
2023-03-29,AAPL,0.020838512,0.4623182,12
2023-03-29,MSFT,-0.11403659,0.7396522,8
2023-03-29,NVDA,0.5966602,0.5499687,3
2023-03-29,TSLA,-0.3191149,0.6880558,11
2023-03-30,AAPL,0.3240182,0.35073805,11
2023-03-30,MSFT,-0.094120175,0.6331543,10
2023-03-30,NVDA,0.039833847,0.06760641,3
2023-03-30,TSLA,0.17178105,0.5361455,8
2023-03-31,AAPL,-0.14411375,0.4504949,7
2023-03-31,MSFT,0.14188321,0.3290753,5
2023-03-31,NVDA,0.20355348,0.8382892,7
2023-03-31,TSLA,-0.21011005,0.74713415,9
2023-04-01,AAPL,0.51874083,0.5180064,2
2023-04-01,MSFT,0.07796633,0.0,1
2023-04-01,NVDA,0.88502663,0.0,1
2023-04-01,TSLA,0.1488311,0.4327526,5
2023-04-02,AAPL,0.27201477,0.53336143,2
2023-04-02,TSLA,0.3998487,0.4699758,3
2023-04-03,AAPL,0.07598063,0.71329206,11
2023-04-03,MSFT,0.2391469,0.7323552,10
2023-04-03,NVDA,0.43565086,0.4837911,3
2023-04-03,TSLA,-0.23970327,0.77709067,16
2023-04-04,AAPL,-0.19772242,0.6138175,12
2023-04-04,MSFT,-0.0061935037,0.6710641,8
2023-04-04,NVDA,0.5531389,0.5126482,3
2023-04-04,TSLA,0.020615522,0.71297413,14
2023-04-05,AAPL,-0.113233685,0.51486176,10
2023-04-05,MSFT,0.20339541,0.5827688,12
2023-04-05,NVDA,-0.34992388,0.6305992,8
2023-04-05,TSLA,-0.2794034,0.59621805,13
2023-04-06,AAPL,-0.43414083,0.56934065,9
2023-04-06,MSFT,-0.122543536,0.7395213,12
2023-04-06,NVDA,-0.037984144,0.0,1
2023-04-06,TSLA,-0.27545327,0.5660314,10
2023-04-07,AAPL,0.085710615,0.45220205,5
2023-04-07,MSFT,-0.3949802,0.08083174,3
2023-04-07,TSLA,-0.13792494,0.50763226,9
2023-04-08,AAPL,-0.10722659,0.73842245,4
2023-04-08,MSFT,-0.005314499,0.7182945,4
2023-04-08,NVDA,-0.036487907,1.256393,2
2023-04-08,TSLA,-0.3772281,0.6499284,8
2023-04-09,AAPL,-0.6518918,0.25471622,2
2023-04-09,TSLA,0.0022554025,0.19051549,2
2023-04-10,AAPL,-0.14370377,0.52599114,10
2023-04-10,MSFT,-0.1348625,0.5853346,7
2023-04-10,NVDA,-0.14200622,0.42989093,5
2023-04-10,TSLA,-0.26265886,0.55223787,11
2023-04-11,AAPL,-0.1154694,0.50530213,11
2023-04-11,MSFT,0.1184529,0.6228245,6
2023-04-11,NVDA,0.09349516,0.8232816,5
2023-04-11,TSLA,-0.34071735,0.41049755,6
2023-04-12,AAPL,-0.1782159,0.67188424,11
2023-04-12,MSFT,-0.1782177,0.58020777,12
2023-04-12,NVDA,0.27596125,0.5498782,6
2023-04-12,TSLA,0.20961715,0.65608263,11
2023-04-13,AAPL,0.018297749,0.7676183,14
2023-04-13,MSFT,-0.33667874,0.39646116,7
2023-04-13,NVDA,-0.037984144,0.0,1
2023-04-13,TSLA,-0.19020753,0.5991333,10
2023-04-14,AAPL,-0.37202486,0.65120375,7
2023-04-14,MSFT,-0.33103475,0.68381846,4
2023-04-14,NVDA,-0.42326432,0.0,1
2023-04-14,TSLA,-0.22068919,0.58668846,12
2023-04-15,AAPL,0.45078978,0.4491631,3
2023-04-15,MSFT,0.6560038,0.37281418,2
2023-04-15,NVDA,0.4701094,0.6357085,2
2023-04-15,TSLA,0.039658815,0.6746761,7
2023-04-16,AAPL,0.0055883527,1.079156,2
2023-04-16,MSFT,0.043148704,0.0,1
2023-04-16,TSLA,0.4118739,0.5045815,2
2023-04-17,AAPL,-0.051611453,0.5565488,16
2023-04-17,MSFT,0.047430184,0.63554907,13
2023-04-17,NVDA,0.20344062,0.55094296,5
2023-04-17,TSLA,-0.04274343,0.61424744,15
2023-04-18,AAPL,-0.016901186,0.553014,14
2023-04-18,MSFT,-0.029075244,0.5399477,15
2023-04-18,NVDA,0.22901374,0.6089563,11
2023-04-18,TSLA,-0.043054502,0.5336235,14
2023-04-19,AAPL,-0.2141837,0.6592312,13
2023-04-19,MSFT,0.15454125,0.7152593,9
2023-04-19,NVDA,-0.5797161,0.43710637,4
2023-04-19,TSLA,-0.39152637,0.6122879,9
2023-04-20,AAPL,0.15248531,0.5482181,9
2023-04-20,MSFT,-0.014282733,0.5262311,9
2023-04-20,NVDA,-0.24387412,0.97332597,3
2023-04-20,TSLA,-0.24130256,0.7079789,14
2023-04-21,AAPL,-0.1293074,0.3261325,9
2023-04-21,MSFT,-0.078998156,0.5700668,8
2023-04-21,NVDA,-0.21825941,0.8702223,3
2023-04-21,TSLA,-0.3112726,0.7069562,12
2023-04-22,AAPL,0.024794787,0.000522505,2
2023-04-22,MSFT,-0.9604945,0.0,1
2023-04-22,NVDA,-0.94657713,0.0,1
2023-04-22,TSLA,-0.35996297,0.5539992,7
2023-04-23,AAPL,-0.3934549,0.6083996,2
2023-04-23,MSFT,0.059249043,0.031820435,2
2023-04-23,NVDA,0.05180517,1.2380924,2
2023-04-23,TSLA,0.025896609,0.0,1
2023-04-24,AAPL,-0.09801771,0.41401517,7
2023-04-24,MSFT,-0.040752586,0.632317,14
2023-04-24,NVDA,-0.30212355,0.122537605,3
2023-04-24,TSLA,-0.50971925,0.41783157,10
2023-04-25,AAPL,-0.30901933,0.45928875,7
2023-04-25,MSFT,-0.24013628,0.6778509,14
2023-04-25,NVDA,-0.14097236,0.5358563,7
2023-04-25,TSLA,-0.31580952,0.58057255,11
2023-04-26,AAPL,-0.069340594,0.53154427,11
2023-04-26,MSFT,0.008380979,0.8064492,23
2023-04-26,NVDA,0.13268594,0.75199056,6
2023-04-26,TSLA,-0.19888347,0.7004459,9
2023-04-27,AAPL,-0.122815356,0.55872905,9
2023-04-27,MSFT,-0.12841877,0.73556703,10
2023-04-27,NVDA,-0.45529538,0.6780691,4
2023-04-27,TSLA,-0.26757172,0.7113897,10
2023-04-28,AAPL,0.5007092,0.42789388,10
2023-04-28,MSFT,0.28803533,0.6908113,13
2023-04-28,NVDA,0.69684577,0.41319156,5
2023-04-28,TSLA,0.21241301,0.7418603,13
2023-04-29,AAPL,0.33306575,0.5852263,3
2023-04-29,MSFT,0.30791324,0.40898544,2
2023-04-29,TSLA,0.034623623,0.6252047,5
2023-04-30,AAPL,0.10301348,0.87168473,3
2023-04-30,MSFT,0.020174354,1.2159337,2
2023-04-30,NVDA,-0.14446992,0.98309153,2
2023-04-30,TSLA,0.031698793,0.0,1
2023-05-01,AAPL,0.1278832,0.7268487,13
2023-05-01,MSFT,0.004047406,0.6035415,10
2023-05-01,NVDA,0.3921096,0.55444634,10
2023-05-01,TSLA,0.11690208,0.81016326,12
2023-05-02,AAPL,-0.067593224,0.5660853,11
2023-05-02,MSFT,-0.5032975,0.43769276,11
2023-05-02,NVDA,-0.19325516,0.3252821,2
2023-05-02,TSLA,-0.1181381,0.68989336,11
2023-05-03,AAPL,-0.069637366,0.4700776,9
2023-05-03,MSFT,-0.09066466,0.6300109,13
2023-05-03,NVDA,-0.70065534,0.52469933,4
2023-05-03,TSLA,-0.33325312,0.68331605,7
2023-05-04,AAPL,-0.078776084,0.6976164,16
2023-05-04,MSFT,0.09465391,0.6613359,6
2023-05-04,NVDA,0.2878964,0.549336,4
2023-05-04,TSLA,0.1269434,0.5565613,12
2023-05-05,AAPL,-0.13399884,0.5348213,14
2023-05-05,MSFT,-0.16590658,0.5953929,9
2023-05-05,NVDA,-0.18200228,0.8229582,4
2023-05-05,TSLA,-0.1369579,0.59979117,13
2023-05-06,AAPL,0.1531065,0.30889955,7
2023-05-06,MSFT,-0.10926325,0.2740691,6
2023-05-06,NVDA,-0.041005503,0.0428714,2
2023-05-06,TSLA,-0.10131719,0.54322255,5
2023-05-07,AAPL,-0.27193692,0.53330016,3
2023-05-07,TSLA,0.17878915,0.24877504,3
2023-05-08,AAPL,-0.11677643,0.65710706,12
2023-05-08,MSFT,0.045875333,0.7892941,8
2023-05-08,NVDA,0.14583984,0.7289125,8
2023-05-08,TSLA,0.16781314,0.6579816,12
2023-05-09,AAPL,-0.205847,0.7299891,9
2023-05-09,MSFT,-0.23639765,0.64969486,16
2023-05-09,NVDA,-0.5269259,0.69143355,8
2023-05-09,TSLA,-0.45913878,0.4308327,10
2023-05-10,AAPL,0.1366512,0.615305,13
2023-05-10,MSFT,-0.011153175,0.47872838,9
2023-05-10,NVDA,0.24348636,0.6932197,10
2023-05-10,TSLA,-0.14545974,0.5247011,15
2023-05-11,AAPL,-0.38237363,0.59956354,13
2023-05-11,MSFT,-0.05859434,0.57995623,8
2023-05-11,NVDA,-0.2930531,0.84636754,4
2023-05-11,TSLA,-0.4584859,0.45170265,10
2023-05-12,AAPL,-0.25572023,0.52127045,8
2023-05-12,MSFT,-0.07998783,0.3728037,7
2023-05-12,NVDA,-0.2985691,0.55433494,8
2023-05-12,TSLA,-0.24852705,0.5979971,11
2023-05-13,AAPL,0.083620265,0.32017353,5
2023-05-13,MSFT,-0.21095712,0.5041157,4
2023-05-13,NVDA,-0.9554006,0.0,1
2023-05-13,TSLA,-0.46536416,0.6703139,7
2023-05-14,MSFT,0.08207596,0.0,1
2023-05-14,NVDA,0.47177333,0.55111533,2
2023-05-15,AAPL,-0.032749746,0.6495122,11
2023-05-15,MSFT,0.23753043,0.594193,11
2023-05-15,NVDA,0.053339988,0.8195225,7
2023-05-15,TSLA,-0.53071624,0.39704162,11
2023-05-16,AAPL,0.11779389,0.5328157,8
2023-05-16,MSFT,0.293222,0.36990333,9
2023-05-16,NVDA,-0.41937652,0.5915714,4
2023-05-16,TSLA,-0.1950225,0.38492218,13
2023-05-17,AAPL,0.21898042,0.5520701,9
2023-05-17,MSFT,-0.038549945,0.6772272,9
2023-05-17,NVDA,0.48685452,0.5100124,4
2023-05-17,TSLA,0.04064826,0.58617246,13
2023-05-18,AAPL,-0.18978193,0.64910775,7
2023-05-18,MSFT,0.03741716,0.4464261,8
2023-05-18,NVDA,0.39639217,0.62776846,11
2023-05-18,TSLA,0.18219577,0.41698897,10
2023-05-19,AAPL,-0.17388386,0.6583212,13
2023-05-19,MSFT,-0.2514476,0.6800529,11
2023-05-19,NVDA,-0.009527019,0.747269,7
2023-05-19,TSLA,0.24865647,0.61002034,11
2023-05-20,AAPL,0.2341423,0.53534967,4
2023-05-20,NVDA,0.9273923,0.0,1
2023-05-20,TSLA,0.71674496,0.3267042,3
2023-05-21,AAPL,-0.46032912,0.0,1
2023-05-21,MSFT,-0.46032912,0.0,1
2023-05-21,NVDA,-0.46032912,0.0,1
2023-05-21,TSLA,-0.46032912,0.0,1
2023-05-22,AAPL,-0.15046026,0.65437526,15
2023-05-22,MSFT,0.22583424,0.43424293,7
2023-05-22,NVDA,0.24042927,0.69839954,11
2023-05-22,TSLA,0.25260645,0.55456877,10
2023-05-23,AAPL,0.2602567,0.52980447,13
2023-05-23,MSFT,-0.24606815,0.65128946,8
2023-05-23,NVDA,0.09129676,0.49730596,11
2023-05-23,TSLA,0.08994007,0.5590224,13
2023-05-24,AAPL,-0.17372547,0.7874456,9
2023-05-24,MSFT,0.30794275,0.5285114,13
2023-05-24,NVDA,-0.2588116,0.6579784,13
2023-05-24,TSLA,-0.18677382,0.5756555,10
2023-05-25,AAPL,0.0058564707,0.7628255,11
2023-05-25,MSFT,0.058950167,0.7968456,10
2023-05-25,NVDA,0.09996611,0.83326185,19
2023-05-25,TSLA,-0.07791992,0.4264633,9
2023-05-26,AAPL,0.17332737,0.5404378,8
2023-05-26,MSFT,0.2138493,0.5278538,9
2023-05-26,NVDA,0.38479364,0.554008,16
2023-05-26,TSLA,0.30552045,0.5884341,11
2023-05-27,AAPL,0.06717374,0.7859408,6
2023-05-27,MSFT,0.20549035,0.41334188,5
2023-05-27,NVDA,0.4057585,0.5771149,6
2023-05-27,TSLA,0.24605331,0.6167412,5
2023-05-28,AAPL,0.41704443,0.0,1
2023-05-28,NVDA,0.20688057,0.0,1
2023-05-28,TSLA,0.617068,0.0,1
2023-05-29,AAPL,0.017484484,0.6409747,7
2023-05-29,MSFT,-0.42326432,0.0,1
2023-05-29,NVDA,0.17414522,0.68928003,3
2023-05-29,TSLA,0.13591129,0.41731352,9
2023-05-30,AAPL,0.09847651,0.4811642,12
2023-05-30,MSFT,-0.14497355,0.66424936,13
2023-05-30,NVDA,0.26089296,0.43079183,14
2023-05-30,TSLA,0.25432146,0.5311714,11
2023-05-31,AAPL,-0.015036209,0.54372925,14
2023-05-31,MSFT,0.16185583,0.5737106,11
2023-05-31,NVDA,-0.08944636,0.73640436,15
2023-05-31,TSLA,-0.25508356,0.51623493,9
2023-06-01,AAPL,0.021498054,0.6124162,12
2023-06-01,MSFT,-0.0032016933,0.6968919,9
2023-06-01,NVDA,-0.15948938,0.5920396,13
2023-06-01,TSLA,-0.0020993678,0.54438204,11
2023-06-02,AAPL,-0.05754424,0.51375514,18
2023-06-02,MSFT,-0.07040717,0.54700774,9
2023-06-02,NVDA,0.16114074,0.51633024,11
2023-06-02,TSLA,-0.030125039,0.4706593,11
2023-06-03,AAPL,-0.1321544,0.78540695,2
2023-06-03,MSFT,-0.07854479,0.59831935,4
2023-06-03,NVDA,0.1294202,0.65276766,5
2023-06-03,TSLA,0.42357194,0.47388053,3
2023-06-04,AAPL,-0.08890253,0.15589453,2
2023-06-04,NVDA,0.2697663,0.66312885,2
2023-06-04,TSLA,0.2697663,0.66312885,2
2023-06-05,AAPL,0.2713158,0.44341075,18
2023-06-05,MSFT,-0.023511343,0.5172937,13
2023-06-05,NVDA,-0.38413438,0.44894987,6
2023-06-05,TSLA,0.2453876,0.6385548,11
2023-06-06,AAPL,-0.0004972858,0.5624076,18
2023-06-06,MSFT,-0.051217496,0.64750487,11
2023-06-06,NVDA,-0.00037052415,0.6062412,11
2023-06-06,TSLA,-0.07614157,0.646135,11
2023-06-07,AAPL,-0.1909431,0.38211212,14
2023-06-07,MSFT,-0.058350682,0.51313794,13
2023-06-07,NVDA,0.21034995,0.5897237,11
2023-06-07,TSLA,-0.21919177,0.59650594,12
2023-06-08,AAPL,-0.26744923,0.43182862,9
2023-06-08,MSFT,-0.28234875,0.57505065,11
2023-06-08,NVDA,0.009471855,0.6805086,7
2023-06-08,TSLA,0.09426461,0.5525396,9
2023-06-09,AAPL,0.024322793,0.36331293,10
2023-06-09,MSFT,-0.3202401,0.43910372,8
2023-06-09,NVDA,0.0085358545,0.6030637,8
2023-06-09,TSLA,-0.06394322,0.5699773,14
2023-06-10,AAPL,0.13293739,0.841687,6
2023-06-10,MSFT,0.2259689,1.0301393,3
2023-06-10,NVDA,0.8218353,0.0,1
2023-06-10,TSLA,0.017352777,0.6851239,7
2023-06-11,AAPL,-0.04227634,0.45771483,3
2023-06-11,MSFT,0.2348364,0.0,1
2023-06-11,TSLA,-0.9430954,0.0,1
2023-06-12,AAPL,-0.22201054,0.40032685,6
2023-06-12,MSFT,-0.028930416,0.40350133,10
2023-06-12,NVDA,0.39249647,0.5409532,8
2023-06-12,TSLA,0.33854485,0.6428573,11
2023-06-13,AAPL,-0.4277459,0.55396694,11
2023-06-13,MSFT,-0.27425045,0.62511414,9
2023-06-13,NVDA,0.3351563,0.4854761,7
2023-06-13,TSLA,0.16029175,0.7174325,14
2023-06-14,AAPL,-0.11812926,0.53362465,11
2023-06-14,MSFT,0.14619847,0.6363486,8
2023-06-14,NVDA,0.10793336,0.7028864,5
2023-06-14,TSLA,0.10804582,0.5987822,11
2023-06-15,AAPL,0.20566666,0.3976595,12
2023-06-15,MSFT,0.22506495,0.47210357,11
2023-06-15,NVDA,0.08087318,0.7333829,11
2023-06-15,TSLA,0.19295618,0.40213725,8
2023-06-16,AAPL,-0.06493054,0.48083726,9
2023-06-16,MSFT,0.17903817,0.54122716,14
2023-06-16,NVDA,0.19753155,0.6803774,10
2023-06-16,TSLA,-0.04395648,0.75055563,11
2023-06-17,AAPL,-0.36780158,0.40191743,4
2023-06-17,MSFT,-0.6768161,0.3670181,4
2023-06-17,NVDA,-0.86787987,0.0,1
2023-06-17,TSLA,0.14346893,0.6332601,7
2023-06-18,TSLA,-0.57207114,0.0,1
2023-06-19,AAPL,0.29399863,0.8490767,3
2023-06-19,MSFT,-0.38897565,0.0,1
2023-06-19,NVDA,0.73816967,0.11110141,2
2023-06-19,TSLA,0.09488377,0.3763938,9
2023-06-20,AAPL,0.17515449,0.5073871,10
2023-06-20,MSFT,-0.23238307,0.46204302,9
2023-06-20,NVDA,-0.30666602,0.5462327,10
2023-06-20,TSLA,0.13983606,0.5612437,12
2023-06-21,AAPL,-0.17292458,0.6923853,9
2023-06-21,MSFT,0.24799445,0.43674216,14
2023-06-21,NVDA,-0.02884674,0.7057393,11
2023-06-21,TSLA,0.15174054,0.52511287,12
2023-06-22,AAPL,0.23089361,0.51242965,14
2023-06-22,MSFT,-0.05307163,0.58999115,10
2023-06-22,NVDA,-0.088591844,0.5296306,10
2023-06-22,TSLA,-0.1688425,0.5606902,12
2023-06-23,AAPL,-0.029164802,0.48016322,11
2023-06-23,MSFT,-0.4510078,0.43872973,7
2023-06-23,NVDA,-0.21755087,0.24094972,4
2023-06-23,TSLA,-0.22869398,0.47394857,11
2023-06-24,AAPL,0.045013554,0.33913565,8
2023-06-24,MSFT,-0.20666924,0.52781165,5
2023-06-24,NVDA,-0.20344508,1.074103,2
2023-06-24,TSLA,-0.1319039,0.4689698,11
2023-06-25,MSFT,-0.6964483,0.0,1
2023-06-25,TSLA,0.010293122,0.0,1
2023-06-26,AAPL,-0.20386155,0.7600352,12
2023-06-26,MSFT,0.06311763,0.69416386,12
2023-06-26,NVDA,-0.2690063,0.72947395,10
2023-06-26,TSLA,0.1569877,0.5241723,12
2023-06-27,AAPL,-0.034186482,0.5596684,9
2023-06-27,MSFT,0.23751189,0.46649456,11
2023-06-27,NVDA,0.3406314,0.49069667,8
2023-06-27,TSLA,0.15754332,0.50543123,12
2023-06-28,AAPL,0.18265682,0.44171238,12
2023-06-28,MSFT,-0.38195476,0.5263045,12
2023-06-28,NVDA,-0.28357655,0.6435744,14
2023-06-28,TSLA,0.33418816,0.40945807,11
2023-06-29,AAPL,0.00015727182,0.5789201,12
2023-06-29,MSFT,-0.0571091,0.5535383,12
2023-06-29,NVDA,-0.26031208,0.7488926,8
2023-06-29,TSLA,0.10322722,0.5979859,10
2023-06-30,AAPL,0.30130816,0.70712566,15
2023-06-30,MSFT,0.15877573,0.6560645,14
2023-06-30,NVDA,0.31005237,0.60590637,12
2023-06-30,TSLA,-0.32576695,0.5939157,10
2023-07-01,AAPL,-0.12722786,0.5518439,6
2023-07-01,MSFT,-0.10830796,0.32314718,4
2023-07-01,NVDA,0.1771667,0.9568143,2
2023-07-01,TSLA,0.16404462,0.58858573,8
2023-07-02,TSLA,0.2574062,0.0,1
2023-07-03,AAPL,0.19445373,0.56780624,16
2023-07-03,MSFT,0.07407073,0.6015318,8
2023-07-03,NVDA,0.3800393,0.45270526,11
2023-07-03,TSLA,0.15980579,0.6244632,18
2023-07-04,AAPL,-0.28032705,0.6112777,9
2023-07-04,MSFT,-0.6240634,0.2438947,5
2023-07-04,NVDA,-0.3937424,0.04175029,2
2023-07-04,TSLA,0.701354,0.37622517,7
2023-07-05,AAPL,0.035622418,0.46896058,16
2023-07-05,MSFT,-0.032513693,0.4095746,13
2023-07-05,NVDA,-0.08976609,0.60611874,14
2023-07-05,TSLA,0.2828521,0.4031108,14
2023-07-06,AAPL,-0.1368439,0.8116333,11
2023-07-06,MSFT,-0.055483166,0.8141238,8
2023-07-06,NVDA,-0.15793313,0.81198806,7
2023-07-06,TSLA,-0.36000353,0.7019563,10
2023-07-07,AAPL,-0.2275912,0.62784684,10
2023-07-07,MSFT,-0.33516634,0.66746116,9
2023-07-07,NVDA,0.13915487,0.41867614,6
2023-07-07,TSLA,-0.09346052,0.7600223,14
2023-07-08,AAPL,-0.16779569,0.55391264,4
2023-07-08,MSFT,-0.9656265,0.0,1
2023-07-08,NVDA,-0.34361017,0.8796639,2
2023-07-08,TSLA,-0.23057035,0.41069844,7
2023-07-09,AAPL,-0.34780794,0.4931149,2
2023-07-09,MSFT,-0.46006635,0.0,1
2023-07-09,TSLA,0.00087693334,0.0,1
2023-07-10,AAPL,0.16353954,0.70048773,11
2023-07-10,MSFT,-0.26779264,0.5716313,12
2023-07-10,NVDA,-0.07225437,0.4968571,9
2023-07-10,TSLA,-0.10608059,0.5239084,12
2023-07-11,AAPL,0.03479209,0.6682392,12
2023-07-11,MSFT,0.15171647,0.6176114,14
2023-07-11,NVDA,-0.016005585,0.6656743,9
2023-07-11,TSLA,-0.24837321,0.36704952,11
2023-07-12,AAPL,0.30527332,0.40817446,8
2023-07-12,MSFT,-0.26375422,0.5290468,16
2023-07-12,NVDA,0.21648206,0.5096382,12
2023-07-12,TSLA,-0.083795264,0.4529532,15
2023-07-13,AAPL,-0.054455746,0.46588013,10
2023-07-13,MSFT,0.26880726,0.7690511,12
2023-07-13,NVDA,0.24364749,0.7616012,5
2023-07-13,TSLA,0.3422158,0.6332117,11
2023-07-14,AAPL,-0.033165596,0.38331148,8
2023-07-14,MSFT,0.17266676,0.7683219,9
2023-07-14,NVDA,0.08668957,0.68031573,6
2023-07-14,TSLA,0.081233345,0.5702727,12
2023-07-15,AAPL,0.4718937,0.46539125,3
2023-07-15,MSFT,-0.23718806,0.34868073,2
2023-07-15,NVDA,0.030881584,0.0,1
2023-07-15,TSLA,-0.09557749,0.5469984,10
2023-07-16,TSLA,-0.5102022,0.56793123,3
2023-07-17,AAPL,-0.23902726,0.61239487,10
2023-07-17,MSFT,0.17555486,0.67242044,10
2023-07-17,NVDA,0.29596487,0.72533846,11
2023-07-17,TSLA,-0.019237582,0.7660369,14
2023-07-18,AAPL,0.1468387,0.6377212,11
2023-07-18,MSFT,0.2636715,0.6375589,14
2023-07-18,NVDA,0.060221832,0.66290313,7
2023-07-18,TSLA,0.04353365,0.58732355,13
2023-07-19,AAPL,-0.10325175,0.72357863,12
2023-07-19,MSFT,0.27088004,0.6357137,15
2023-07-19,NVDA,0.09685968,0.6931089,10
2023-07-19,TSLA,0.2896794,0.5721534,11
2023-07-20,AAPL,-0.1680053,0.5057654,11
2023-07-20,MSFT,0.33883923,0.41529796,10
2023-07-20,NVDA,-0.16920863,0.63667166,10
2023-07-20,TSLA,0.006309403,0.68876344,18
2023-07-21,AAPL,-0.043891165,0.6293812,13
2023-07-21,MSFT,0.18477559,0.74869704,12
2023-07-21,NVDA,-0.22556765,0.71961564,6
2023-07-21,TSLA,-0.4196283,0.60909796,10
2023-07-22,AAPL,0.1986935,0.67876965,6
2023-07-22,MSFT,0.10091094,0.49282852,5
2023-07-22,NVDA,-0.24561374,0.31092364,2
2023-07-22,TSLA,0.10732243,0.69226897,11
2023-07-23,AAPL,-0.28120407,0.74615127,2
2023-07-23,TSLA,0.08706829,0.11344654,4
2023-07-24,AAPL,-0.16108039,0.486626,16
2023-07-24,MSFT,-0.0073813307,0.33066303,11
2023-07-24,NVDA,-0.3014207,0.43902028,9
2023-07-24,TSLA,-0.2447929,0.67710185,14
2023-07-25,AAPL,0.14617743,0.6471791,11
2023-07-25,MSFT,0.20162359,0.6741795,23
2023-07-25,NVDA,0.06090208,0.7399801,11
2023-07-25,TSLA,-0.09927836,0.6122774,10
2023-07-26,AAPL,-0.23268098,0.63502985,9
2023-07-26,MSFT,0.04740226,0.7051489,23
2023-07-26,NVDA,0.013106397,0.68365157,7
2023-07-26,TSLA,0.008549194,0.5707864,12
2023-07-27,AAPL,0.12750684,0.63729596,11
2023-07-27,MSFT,0.10974889,0.73682225,15
2023-07-27,NVDA,0.32767606,0.3973463,6
2023-07-27,TSLA,0.174554,0.44897693,11
2023-07-28,AAPL,0.08206608,0.7111903,12
2023-07-28,MSFT,0.015005357,0.7288456,9
2023-07-28,NVDA,0.051899843,0.6372179,7
2023-07-28,TSLA,0.31026566,0.5987446,9
2023-07-29,AAPL,0.43946928,0.62305933,2
2023-07-29,MSFT,-0.02391086,0.9239456,3
2023-07-29,TSLA,0.063024126,0.65117335,5
2023-07-30,AAPL,0.13143839,0.13001706,2
2023-07-30,NVDA,0.053922728,0.0,1
2023-07-30,TSLA,0.04616125,0.010976388,2
2023-07-31,AAPL,0.2119435,0.5794671,12
2023-07-31,MSFT,0.24926,0.5784404,11
2023-07-31,NVDA,-0.17923819,0.63133556,7
2023-07-31,TSLA,0.33353955,0.6909792,9
2023-08-01,AAPL,-0.06481263,0.5655195,10
2023-08-01,MSFT,-0.098967694,0.39558724,9
2023-08-01,NVDA,-0.42256126,0.45764306,6
2023-08-01,TSLA,-0.18152209,0.6627329,9
2023-08-02,AAPL,-0.4001397,0.48931888,12
2023-08-02,MSFT,-0.051011905,0.76055586,12
2023-08-02,NVDA,-0.003654672,0.7929107,9
2023-08-02,TSLA,-0.41965887,0.52901334,11
2023-08-03,AAPL,-0.057809804,0.60746163,18
2023-08-03,MSFT,-0.32241797,0.58670324,11
2023-08-03,NVDA,0.11183464,0.5804703,6
2023-08-03,TSLA,-0.19191639,0.71395135,9
2023-08-04,AAPL,-0.09510816,0.66901886,23
2023-08-04,MSFT,-0.12195157,0.6122942,11
2023-08-04,NVDA,-0.095698506,0.7694787,6
2023-08-04,TSLA,-0.13148412,0.6364549,14
2023-08-05,AAPL,-0.1640676,0.9638894,3
2023-08-05,MSFT,-0.4356908,0.0,1
2023-08-05,TSLA,-0.54431236,0.6477737,6
2023-08-06,AAPL,0.20064305,0.24193856,2
2023-08-06,MSFT,0.029566646,0.0,1
2023-08-06,TSLA,0.04117289,0.0,1
2023-08-07,AAPL,-0.005809272,0.5086472,12
2023-08-07,MSFT,0.055239245,0.575781,12
2023-08-07,NVDA,0.1207955,0.6276461,9
2023-08-07,TSLA,-0.16663153,0.6138937,12
2023-08-08,AAPL,-0.0005687816,0.59269303,14
2023-08-08,MSFT,0.22324033,0.5114385,11
2023-08-08,NVDA,0.028788503,0.5098418,10
2023-08-08,TSLA,-0.21100372,0.49836412,9
2023-08-09,AAPL,-0.008306439,0.58339214,13
2023-08-09,MSFT,-0.2834059,0.5724396,9
2023-08-09,NVDA,-0.49353507,0.5172991,6
2023-08-09,TSLA,-0.049545914,0.3103459,8
2023-08-10,AAPL,-0.09344772,0.53920823,12
2023-08-10,MSFT,-0.03471309,0.58044386,7
2023-08-10,NVDA,0.12839703,0.6880171,7
2023-08-10,TSLA,-0.34519732,0.46617073,13
2023-08-11,AAPL,-0.081821196,0.5590305,9
2023-08-11,MSFT,0.07094521,0.61833215,12
2023-08-11,NVDA,-0.15217656,0.6623991,8
2023-08-11,TSLA,0.058206733,0.53762054,12
2023-08-12,AAPL,-0.23363222,0.90247667,4
2023-08-12,MSFT,-0.01586023,1.3366205,2
2023-08-12,NVDA,-0.01586023,1.3366205,2
2023-08-12,TSLA,-0.5992774,0.63591427,8
2023-08-13,AAPL,0.14509994,0.10094564,3
2023-08-13,MSFT,0.02519859,0.0,1
2023-08-13,NVDA,0.02519859,0.0,1
2023-08-13,TSLA,-0.96745676,0.0,1
2023-08-14,AAPL,0.042759642,0.5833804,12
2023-08-14,MSFT,0.099033214,0.49410516,12
2023-08-14,NVDA,0.2816202,0.5999706,10
2023-08-14,TSLA,-0.06804056,0.77623713,13
2023-08-15,AAPL,-0.13395207,0.49626517,12
2023-08-15,MSFT,0.16235326,0.45919007,4
2023-08-15,NVDA,0.15414856,0.6917413,11
2023-08-15,TSLA,-0.17728522,0.66955143,10
2023-08-16,AAPL,0.10449763,0.52542615,11
2023-08-16,MSFT,0.018812912,0.58260864,13
2023-08-16,NVDA,-0.103502534,0.67719734,9
2023-08-16,TSLA,-0.087273315,0.4352424,11
2023-08-17,AAPL,0.3682332,0.36737287,11
2023-08-17,MSFT,0.0666211,0.5198992,9
2023-08-17,NVDA,0.03505035,0.41175422,7
2023-08-17,TSLA,-0.03288809,0.58859456,12
2023-08-18,AAPL,-0.38497478,0.69405514,13
2023-08-18,MSFT,-0.108290955,0.6298484,10
2023-08-18,NVDA,-0.5312618,0.5484711,9
2023-08-18,TSLA,-0.47141346,0.64015836,14
2023-08-19,AAPL,0.32791606,0.40845796,3
2023-08-19,MSFT,-0.5495986,0.0,1
2023-08-19,NVDA,-0.37837544,0.80168283,2
2023-08-19,TSLA,-0.34835288,0.61497045,9
2023-08-20,AAPL,0.05642354,0.0,1
2023-08-20,MSFT,0.00060654245,0.00086437655,2
2023-08-21,AAPL,-0.34243044,0.5667015,14
2023-08-21,MSFT,-0.14317118,0.50835586,9
2023-08-21,NVDA,0.035532653,0.5868306,16
2023-08-21,TSLA,-0.22950684,0.7303489,15
2023-08-22,AAPL,-0.06445783,0.4207689,10
2023-08-22,MSFT,0.079161406,0.49907088,10
2023-08-22,NVDA,-0.039194103,0.51286644,12
2023-08-22,TSLA,-0.0874966,0.6134034,9
2023-08-23,AAPL,-0.04359823,0.58095884,11
2023-08-23,MSFT,0.42165813,0.49902424,10
2023-08-23,NVDA,0.43154874,0.5634706,14
2023-08-23,TSLA,-0.027866619,0.59279615,11
2023-08-24,AAPL,-0.055942755,0.65037245,12
2023-08-24,MSFT,0.266906,0.57839966,10
2023-08-24,NVDA,0.16991265,0.8044829,17
2023-08-24,TSLA,-0.034311656,0.6830807,11
2023-08-25,AAPL,-0.21416698,0.45755595,11
2023-08-25,MSFT,-0.031730473,0.44693792,12
2023-08-25,NVDA,0.17577355,0.5936943,15
2023-08-25,TSLA,-0.012846237,0.52066916,11
2023-08-26,AAPL,-0.7939055,0.0,1
2023-08-26,MSFT,0.19379182,0.44393644,2
2023-08-26,NVDA,-0.78386813,0.0,1
2023-08-26,TSLA,-0.24978268,0.4790787,3
2023-08-27,AAPL,-0.47714362,0.6936244,2
2023-08-27,MSFT,0.15461895,0.0,1
2023-08-27,NVDA,0.15461895,0.0,1
2023-08-27,TSLA,-0.113404654,0.24855208,3
2023-08-28,AAPL,-0.19565077,0.5929373,12
2023-08-28,MSFT,-0.15067703,0.6679906,9
2023-08-28,NVDA,-0.2421872,0.72166073,9
2023-08-28,TSLA,-0.28217125,0.7940102,11
2023-08-29,AAPL,-0.021841718,0.53880125,12
2023-08-29,MSFT,-0.0769813,0.687241,17
2023-08-29,NVDA,0.08486006,0.6712037,15
2023-08-29,TSLA,-0.1814608,0.81424147,11
2023-08-30,AAPL,0.13130867,0.47650903,13
2023-08-30,MSFT,0.4445676,0.400774,6
2023-08-30,NVDA,0.015200106,0.6730382,13
2023-08-30,TSLA,0.060131293,0.65269744,13
2023-08-31,AAPL,0.10364998,0.5516639,9
2023-08-31,MSFT,0.17645629,0.49988258,12
2023-08-31,NVDA,-0.084492296,0.6441269,10
2023-08-31,TSLA,-0.10780034,0.6026858,12
2023-09-01,AAPL,-0.027067367,0.34827572,10
2023-09-01,MSFT,0.0965381,0.66617054,9
2023-09-01,NVDA,-0.08990371,0.4694082,8
2023-09-01,TSLA,0.090385206,0.5662322,12
2023-09-02,AAPL,0.17887422,0.56080806,4
2023-09-02,MSFT,-0.11996925,0.0,1
2023-09-02,NVDA,0.87313825,0.0,1
2023-09-02,TSLA,0.086590715,0.628719,11
2023-09-03,AAPL,-0.18863536,0.5017266,4
2023-09-03,MSFT,0.5928752,0.0,1
2023-09-03,NVDA,0.36966807,0.31566253,2
2023-09-03,TSLA,-0.1554195,0.0,1
2023-09-04,AAPL,-0.15781061,0.5233401,6
2023-09-04,MSFT,-0.10712993,1.0509237,2
2023-09-04,NVDA,0.3013591,0.62877977,3
2023-09-04,TSLA,-0.19457513,0.5720924,11
2023-09-05,AAPL,0.033962324,0.3265819,15
2023-09-05,MSFT,0.23659219,0.67450947,9
2023-09-05,NVDA,-0.03333276,0.47686315,12
2023-09-05,TSLA,0.077256836,0.5877104,12
2023-09-06,AAPL,-0.104379535,0.6666607,14
2023-09-06,MSFT,-0.20136422,0.6344957,13
2023-09-06,NVDA,-0.20614691,0.7151623,10
2023-09-06,TSLA,0.060655646,0.64472103,14
2023-09-07,AAPL,-0.30691,0.54143035,18
2023-09-07,MSFT,0.21319287,0.49431774,14
2023-09-07,NVDA,0.16527054,0.69621116,10
2023-09-07,TSLA,0.011518738,0.5895946,11
2023-09-08,AAPL,-0.12903558,0.6258486,14
2023-09-08,MSFT,-0.2701703,0.46043292,10
2023-09-08,NVDA,0.077433325,0.659192,9
2023-09-08,TSLA,-0.07326178,0.43679866,10
2023-09-09,AAPL,-0.39470568,0.616517,6
2023-09-09,MSFT,0.15196314,0.21954148,2
2023-09-09,NVDA,-0.6887962,0.23934627,3
2023-09-09,TSLA,-0.36708346,0.57869977,6
2023-09-10,AAPL,-0.052142452,0.6129524,3
2023-09-10,MSFT,0.10480189,0.0,1
2023-09-10,TSLA,-0.32933283,0.72583574,4
2023-09-11,AAPL,0.313684,0.60734546,14
2023-09-11,MSFT,0.21974705,0.5130853,11
2023-09-11,NVDA,0.53204787,0.44300953,13
2023-09-11,TSLA,0.23512617,0.67024493,13
2023-09-12,AAPL,-0.07055947,0.5715846,19
2023-09-12,MSFT,-0.032170746,0.65215147,13
2023-09-12,NVDA,0.034523997,0.7512362,9
2023-09-12,TSLA,-0.0033918857,0.6878007,10
2023-09-13,AAPL,-0.08428353,0.443363,16
2023-09-13,MSFT,0.16538239,0.5590585,13
2023-09-13,NVDA,0.13261037,0.46892956,9
2023-09-13,TSLA,-0.19385673,0.6005322,12
2023-09-14,AAPL,0.39415285,0.39697415,11
2023-09-14,MSFT,0.09379189,0.6336619,13
2023-09-14,NVDA,0.43562147,0.35811916,13
2023-09-14,TSLA,-0.0021763903,0.55782104,12
2023-09-15,AAPL,-0.19565292,0.6188424,15
2023-09-15,MSFT,0.27427247,0.6256145,11
2023-09-15,NVDA,-0.22220822,0.75621635,9
2023-09-15,TSLA,-0.33129323,0.6776351,9
2023-09-16,AAPL,0.4564566,0.6428315,2
2023-09-16,NVDA,0.9110071,0.0,1
2023-09-16,TSLA,0.20479468,0.89911336,4
2023-09-17,AAPL,-0.1185931,1.1976892,2
2023-09-17,MSFT,0.015185066,0.0,1
2023-09-17,TSLA,-0.072951496,0.79740614,3
2023-09-18,AAPL,0.23640043,0.3806715,16
2023-09-18,MSFT,0.09848944,0.3155951,9
2023-09-18,NVDA,0.052848034,0.28041708,10
2023-09-18,TSLA,-0.133163,0.6291442,12
2023-09-19,AAPL,-0.0012121821,0.6153625,12
2023-09-19,MSFT,0.008959742,0.6709477,10
2023-09-19,NVDA,-0.10756506,0.4967814,8
2023-09-19,TSLA,-0.02438388,0.33058843,11
2023-09-20,AAPL,-0.12183791,0.6322195,14
2023-09-20,MSFT,0.034824688,0.73322463,10
2023-09-20,NVDA,-0.115778916,0.6770833,12
2023-09-20,TSLA,-5.8166683e-05,0.58860874,11
2023-09-21,AAPL,-0.35133475,0.40570757,10
2023-09-21,MSFT,-0.10417478,0.60044086,15
2023-09-21,NVDA,-0.3161465,0.6222848,10
2023-09-21,TSLA,-0.16559158,0.59690607,13
2023-09-22,AAPL,-0.013186291,0.6509015,13
2023-09-22,MSFT,0.23023157,0.64667606,10
2023-09-22,NVDA,0.2666891,0.78514665,7
2023-09-22,TSLA,-0.48520684,0.5834154,12
2023-09-23,AAPL,-0.42011133,0.5701893,4
2023-09-23,TSLA,-0.5789447,0.44517782,7
2023-09-24,AAPL,-0.35629442,0.7370273,6
2023-09-24,MSFT,-0.742498,0.3176267,3
2023-09-24,NVDA,-0.5253925,0.52671504,2
2023-09-24,TSLA,-0.16898005,0.29432276,2
2023-09-25,AAPL,-0.09133543,0.4907112,15
2023-09-25,MSFT,0.26070094,0.48099345,13
2023-09-25,NVDA,0.24180114,0.53036,8
2023-09-25,TSLA,-0.06339516,0.59396875,10
2023-09-26,AAPL,0.02542877,0.58564657,11
2023-09-26,MSFT,0.020156283,0.60505104,16
2023-09-26,NVDA,0.081935085,0.44899818,10
2023-09-26,TSLA,-0.04178574,0.5950663,9
2023-09-27,AAPL,-0.09662095,0.54612863,20
2023-09-27,MSFT,0.099548884,0.58589554,16
2023-09-27,NVDA,0.06310532,0.6621499,9
2023-09-27,TSLA,-0.16251807,0.649625,12
2023-09-28,AAPL,-0.13586,0.51565975,13
2023-09-28,MSFT,0.18732427,0.53575706,11
2023-09-28,NVDA,0.1449118,0.67270255,11
2023-09-28,TSLA,0.083015524,0.6357733,11
2023-09-29,AAPL,-0.047184788,0.30319643,13
2023-09-29,MSFT,-0.2988886,0.3797246,8
2023-09-29,NVDA,-0.12375947,0.64181197,6
2023-09-29,TSLA,0.0059520765,0.6011093,11
2023-09-30,AAPL,-0.589938,0.21580335,2
2023-09-30,MSFT,-0.43734196,0.0,1
2023-09-30,NVDA,-0.048569642,0.0,1
2023-09-30,TSLA,-0.24333285,0.38391578,6
2023-10-01,AAPL,-0.6589502,0.30919078,2
2023-10-01,TSLA,-0.41418806,0.7102581,2
2023-10-02,AAPL,0.16086355,0.32959053,13
2023-10-02,MSFT,-0.0005647321,0.43983078,8
2023-10-02,NVDA,0.19258806,0.5253569,10
2023-10-02,TSLA,-0.20648304,0.60084224,10
2023-10-03,AAPL,-0.12711641,0.653913,14
2023-10-03,MSFT,-0.12799688,0.6419451,15
2023-10-03,NVDA,0.37400717,0.5178029,9
2023-10-03,TSLA,-0.5008842,0.55684495,11
2023-10-04,AAPL,0.27320278,0.43001136,10
2023-10-04,MSFT,0.19007175,0.5813585,13
2023-10-04,NVDA,-0.035670202,0.61063266,7
2023-10-04,TSLA,-0.0722423,0.5374246,9
2023-10-05,AAPL,-0.07216198,0.56934714,15
2023-10-05,MSFT,-0.20441489,0.48638815,12
2023-10-05,NVDA,0.2629012,0.49618515,8
2023-10-05,TSLA,-0.06795338,0.5907074,16
2023-10-06,AAPL,-0.3124893,0.49000886,14
2023-10-06,MSFT,-0.1432062,0.61454177,9
2023-10-06,NVDA,-0.16337654,0.6012367,12
2023-10-06,TSLA,-0.036540054,0.5790439,10
2023-10-07,AAPL,0.34996712,0.2948022,2
2023-10-07,MSFT,0.041024007,0.14210938,2
2023-10-07,NVDA,0.041024007,0.14210938,2
2023-10-07,TSLA,-0.03490545,0.57554847,5
2023-10-08,AAPL,0.28677619,0.19880508,2
2023-10-08,MSFT,-0.07759854,0.0,1
2023-10-08,TSLA,0.5363364,0.0,1
2023-10-09,AAPL,0.12319361,0.5325395,10
2023-10-09,MSFT,0.050225623,0.6243363,15
2023-10-09,NVDA,0.07168894,0.51048845,12
2023-10-09,TSLA,-0.33557457,0.64847493,11
2023-10-10,AAPL,-0.046388082,0.5462888,17
2023-10-10,MSFT,-0.0053336564,0.58530515,11
2023-10-10,NVDA,-0.12327309,0.6986174,10
2023-10-10,TSLA,0.18932873,0.30854055,12
2023-10-11,AAPL,-0.09259088,0.5088753,16
2023-10-11,MSFT,-0.18274873,0.5175227,13
2023-10-11,NVDA,-0.2573922,0.5233033,11
2023-10-11,TSLA,0.119537026,0.4988931,9
2023-10-12,AAPL,-0.20484522,0.7105457,18
2023-10-12,MSFT,0.18293758,0.699123,12
2023-10-12,NVDA,0.19528171,0.63312304,10
2023-10-12,TSLA,-0.16635098,0.47861296,12
2023-10-13,AAPL,-0.09923423,0.4264642,10
2023-10-13,MSFT,-0.15195112,0.50017196,15
2023-10-13,NVDA,-0.33211112,0.558923,9
2023-10-13,TSLA,-0.36307955,0.49689037,12
2023-10-14,AAPL,-0.38270387,0.49006435,3
2023-10-14,MSFT,-0.88917845,0.0,1
2023-10-14,TSLA,-0.44903827,0.5034974,8
2023-10-15,AAPL,0.03854197,0.0,1
2023-10-15,MSFT,0.272012,0.0,1
2023-10-15,NVDA,0.14845791,0.17473187,2
2023-10-15,TSLA,-0.2639038,0.51208586,3
2023-10-16,AAPL,0.069862835,0.7552917,10
2023-10-16,MSFT,0.05365699,0.6516841,11
2023-10-16,NVDA,-0.060442142,0.7229413,7
2023-10-16,TSLA,-0.13540897,0.6751592,11
2023-10-17,AAPL,0.098767474,0.5757598,14
2023-10-17,MSFT,0.30215895,0.43522775,11
2023-10-17,NVDA,-0.32688576,0.75075895,10
2023-10-17,TSLA,-0.044356924,0.44785547,9
2023-10-18,AAPL,-0.05920899,0.6049906,15
2023-10-18,MSFT,-0.10749521,0.46446377,12
2023-10-18,NVDA,-0.2890709,0.5767,7
2023-10-18,TSLA,-0.24419671,0.6535514,12
2023-10-19,AAPL,-0.18953043,0.66079545,13
2023-10-19,MSFT,0.014766371,0.7328526,10
2023-10-19,NVDA,-0.22515719,0.65461046,10
2023-10-19,TSLA,-0.18698986,0.6431421,17
2023-10-20,AAPL,-0.14074828,0.5645544,12
2023-10-20,MSFT,0.20054062,0.5842584,10
2023-10-20,NVDA,-0.32633606,0.60608524,9
2023-10-20,TSLA,-0.24764842,0.56570756,13
2023-10-21,AAPL,-0.73990273,0.3256654,4
2023-10-21,MSFT,-0.9238012,0.031916797,2
2023-10-21,NVDA,-0.9017232,0.044403203,3
2023-10-21,TSLA,-0.39793837,0.62957925,12
2023-10-22,AAPL,-0.43987304,0.70193213,2
2023-10-22,MSFT,-0.27437642,0.48506302,3
2023-10-22,NVDA,-0.8311969,0.0,1
2023-10-22,TSLA,-0.25062755,0.6287465,3
2023-10-23,AAPL,-0.06383275,0.59893084,11
2023-10-23,MSFT,-0.0115751745,0.6646549,12
2023-10-23,NVDA,0.16516094,0.48378858,7
2023-10-23,TSLA,-0.47329077,0.6126478,10
2023-10-24,AAPL,-0.07453954,0.53001297,15
2023-10-24,MSFT,-0.0029602943,0.7243139,14
2023-10-24,NVDA,-0.0077300537,0.6638181,9
2023-10-24,TSLA,-0.25066918,0.5473275,14
2023-10-25,AAPL,0.14092344,0.44978964,12
2023-10-25,MSFT,-0.11351907,0.6427428,18
2023-10-25,NVDA,-0.3173322,0.6500921,10
2023-10-25,TSLA,0.09992516,0.51492316,12
2023-10-26,AAPL,0.100985385,0.56929827,11
2023-10-26,MSFT,-0.06736469,0.5613069,12
2023-10-26,NVDA,-0.32503372,0.5172462,7
2023-10-26,TSLA,-0.050977435,0.5884469,11
2023-10-27,AAPL,-0.19283034,0.6753947,11
2023-10-27,MSFT,0.14205392,0.50697577,12
2023-10-27,NVDA,-0.069493786,0.6914221,5
2023-10-27,TSLA,0.03974406,0.7020482,11
2023-10-28,AAPL,-0.18306118,0.5607924,4
2023-10-28,MSFT,0.094166204,0.62818176,5
2023-10-28,NVDA,-0.52500135,0.5353881,3
2023-10-28,TSLA,-0.012966726,0.73669195,9
2023-10-29,AAPL,0.1394279,1.0739117,2
2023-10-29,MSFT,0.67235655,0.40008822,3
2023-10-29,NVDA,-0.6199423,0.0,1
2023-10-29,TSLA,-0.2942216,0.4606386,2
2023-10-30,AAPL,0.1093952,0.5610396,15
2023-10-30,MSFT,0.06964635,0.57881963,17
2023-10-30,NVDA,0.34650427,0.4354974,8
2023-10-30,TSLA,-0.11906134,0.6022628,12
2023-10-31,AAPL,-0.32781282,0.48533943,13
2023-10-31,MSFT,-0.0674508,0.549013,6
2023-10-31,NVDA,-0.71859753,0.40034837,7
2023-10-31,TSLA,-0.27322966,0.5078707,11
2023-11-01,AAPL,-0.14665301,0.50496846,13
2023-11-01,MSFT,-0.26691025,0.4399779,9
2023-11-01,NVDA,-0.26280364,0.5194772,8
2023-11-01,TSLA,0.015679259,0.363438,11
2023-11-02,AAPL,-0.1537611,0.6832578,15
2023-11-02,MSFT,0.048580732,0.40817448,9
2023-11-02,NVDA,0.027175581,0.61830574,5
2023-11-02,TSLA,0.26090086,0.6073028,11
2023-11-03,AAPL,0.040878255,0.7120018,12
2023-11-03,MSFT,0.018681232,0.6048302,7
2023-11-03,NVDA,0.3854298,0.5879345,5
2023-11-03,TSLA,0.073210105,0.5456689,11
2023-11-04,AAPL,0.25321254,0.7607694,6
2023-11-04,MSFT,0.91753596,0.0,1
2023-11-04,NVDA,0.91753596,0.0,1
2023-11-04,TSLA,-0.0718634,0.60833865,6
2023-11-05,AAPL,0.44583803,0.65308166,2
2023-11-05,MSFT,0.026057603,0.0,1
2023-11-05,NVDA,0.9076365,0.0,1
2023-11-05,TSLA,0.25525108,0.36169374,3
2023-11-06,AAPL,0.05657161,0.6240301,15
2023-11-06,MSFT,-0.055979315,0.47312278,15
2023-11-06,NVDA,0.17423332,0.50378895,10
2023-11-06,TSLA,0.065114334,0.6098456,10
2023-11-07,AAPL,0.09571353,0.4023932,15
2023-11-07,MSFT,0.2379723,0.5097564,12
2023-11-07,NVDA,0.2598878,0.37506086,9
2023-11-07,TSLA,-0.093185335,0.6553612,11
2023-11-08,AAPL,-0.20614582,0.46778354,12
2023-11-08,MSFT,0.061146,0.44492403,11
2023-11-08,NVDA,0.33208477,0.47805175,8
2023-11-08,TSLA,-0.111108206,0.69944835,11
2023-11-09,AAPL,-0.0728193,0.42555612,13
2023-11-09,MSFT,0.26588234,0.4680581,7
2023-11-09,NVDA,0.44905996,0.49526173,8
2023-11-09,TSLA,-0.36991885,0.5972989,12
2023-11-10,AAPL,0.1683679,0.6379924,14
2023-11-10,MSFT,0.047322325,0.7893832,15
2023-11-10,NVDA,0.35762098,0.66566175,8
2023-11-10,TSLA,-0.01595494,0.49541757,11
2023-11-11,AAPL,0.0736307,0.47689253,4
2023-11-11,MSFT,-0.043315575,0.34054223,2
2023-11-11,NVDA,0.050022967,0.0,1
2023-11-11,TSLA,-0.18646675,0.64867014,6
2023-11-12,AAPL,0.370517,0.0,1
2023-11-12,MSFT,0.12688103,0.34455326,2
2023-11-12,NVDA,-0.116754904,0.0,1
2023-11-12,TSLA,-0.731527,0.2744488,2
2023-11-13,AAPL,0.29528293,0.5586465,15
2023-11-13,MSFT,0.43421364,0.4118189,12
2023-11-13,NVDA,0.3932488,0.44604266,10
2023-11-13,TSLA,0.106516935,0.61507714,14
2023-11-14,AAPL,0.013054159,0.5310548,15
2023-11-14,MSFT,0.16156131,0.254609,9
2023-11-14,NVDA,0.27835995,0.5486861,14
2023-11-14,TSLA,-0.06060542,0.5167864,12
2023-11-15,AAPL,-0.17270121,0.50169194,16
2023-11-15,MSFT,-0.08687956,0.62484753,13
2023-11-15,NVDA,-0.18840663,0.6565818,9
2023-11-15,TSLA,-0.13913442,0.60181767,11
2023-11-16,AAPL,-0.0024098707,0.5393883,13
2023-11-16,MSFT,0.33870077,0.40923575,14
2023-11-16,NVDA,0.26711786,0.5217079,11
2023-11-16,TSLA,-0.009389156,0.56752986,10
2023-11-17,AAPL,0.018762235,0.38329977,10
2023-11-17,MSFT,0.07199808,0.6248873,11
2023-11-17,NVDA,-0.008398286,0.7049308,15
2023-11-17,TSLA,-0.28995928,0.5299177,12
2023-11-18,AAPL,-0.4881115,0.7203915,6
2023-11-18,MSFT,-0.48475376,0.7354949,6
2023-11-18,NVDA,0.90650177,0.0,1
2023-11-18,TSLA,-0.064545,0.82360876,9
2023-11-19,AAPL,0.250454,0.0,1
2023-11-19,MSFT,0.250454,0.0,1
2023-11-20,AAPL,-0.3498567,0.439323,7
2023-11-20,MSFT,-0.10304096,0.70506227,16
2023-11-20,NVDA,0.18153203,0.6584455,12
2023-11-20,TSLA,0.05134175,0.53492534,10
2023-11-21,AAPL,-0.03512718,0.47831574,12
2023-11-21,MSFT,-0.06729788,0.4248134,11
2023-11-21,NVDA,0.2549876,0.63769233,12
2023-11-21,TSLA,0.17753425,0.43797997,10
2023-11-22,AAPL,-0.2597377,0.70007426,11
2023-11-22,MSFT,-0.14234604,0.7482703,15
2023-11-22,NVDA,-0.15481307,0.70187837,12
2023-11-22,TSLA,-0.41501036,0.56116515,12
2023-11-23,AAPL,-0.19781421,0.60745794,11
2023-11-23,MSFT,-0.29801297,0.47979435,7
2023-11-23,NVDA,0.23186423,0.40136406,3
2023-11-23,TSLA,-0.06679028,0.6486184,10
2023-11-24,AAPL,0.06011743,0.776155,10
2023-11-24,MSFT,-0.10743409,0.58598566,9
2023-11-24,NVDA,-0.57637715,0.39176947,9
2023-11-24,TSLA,-0.07996447,0.7307062,7
2023-11-25,AAPL,0.0017283708,1.0217505,4
2023-11-25,MSFT,-0.04428487,0.9023721,5
2023-11-25,NVDA,0.020858109,1.1566557,2
2023-11-25,TSLA,-0.052461963,0.62144053,9
2023-11-26,AAPL,0.43624064,0.0,1
2023-11-26,MSFT,0.7481016,0.0,1
2023-11-26,TSLA,0.10382484,0.7128172,4
2023-11-27,AAPL,-0.14628735,0.44505215,8
2023-11-27,MSFT,0.30085352,0.42836535,7
2023-11-27,NVDA,-0.08120945,0.70487696,9
2023-11-27,TSLA,-0.2518297,0.47991487,12
2023-11-28,AAPL,0.11320886,0.55355525,11
2023-11-28,MSFT,0.29808158,0.5746205,13
2023-11-28,NVDA,0.42815626,0.40437904,9
2023-11-28,TSLA,0.20051329,0.5200074,10
2023-11-29,AAPL,-0.0729036,0.60314786,12
2023-11-29,MSFT,0.356084,0.4491215,12
2023-11-29,NVDA,0.34568128,0.5259998,12
2023-11-29,TSLA,0.08290444,0.56113917,13
2023-11-30,AAPL,-0.2564125,0.5173223,16
2023-11-30,MSFT,-0.083908334,0.53256685,13
2023-11-30,NVDA,-0.3839875,0.45946965,9
2023-11-30,TSLA,0.022790551,0.45956543,10
2023-12-01,AAPL,-0.032764174,0.6842658,13
2023-12-01,MSFT,0.1025795,0.6208105,11
2023-12-01,NVDA,0.3770405,0.5677902,11
2023-12-01,TSLA,0.08316796,0.68065286,12
2023-12-02,AAPL,-0.29401377,0.44674423,6
2023-12-02,MSFT,-0.20378011,0.40482676,3
2023-12-02,TSLA,-0.047503643,0.63150036,13
2023-12-03,AAPL,0.7742771,0.0,1
2023-12-03,MSFT,0.10628975,0.0,1
2023-12-03,TSLA,-0.9220772,0.06252321,2
2023-12-04,AAPL,-0.21912748,0.4862131,13
2023-12-04,MSFT,0.10934416,0.6002103,15
2023-12-04,NVDA,-0.022396414,0.6217604,11
2023-12-04,TSLA,-0.08789999,0.5350429,15
2023-12-05,AAPL,-0.09034211,0.19005372,9
2023-12-05,MSFT,0.16433011,0.4908038,10
2023-12-05,NVDA,0.10035645,0.5360394,7
2023-12-05,TSLA,0.04277721,0.42376763,12
2023-12-06,AAPL,0.0252222,0.39071763,13
2023-12-06,MSFT,-0.12235499,0.59099436,11
2023-12-06,NVDA,0.050287466,0.4858012,10
2023-12-06,TSLA,0.02372208,0.55458033,11
2023-12-07,AAPL,-0.079028614,0.52420944,13
2023-12-07,MSFT,0.08796674,0.65293205,21
2023-12-07,NVDA,-0.0052312575,0.7561867,16
2023-12-07,TSLA,0.094936706,0.52323776,12
2023-12-08,AAPL,0.33476177,0.6379208,14
2023-12-08,MSFT,0.11438289,0.54949987,16
2023-12-08,NVDA,0.118983716,0.9695678,3
2023-12-08,TSLA,0.10453155,0.48987067,11
2023-12-09,AAPL,-0.25980932,0.98947173,3
2023-12-09,MSFT,0.8782098,0.0,1
2023-12-09,TSLA,-0.39918745,0.853311,4
2023-12-10,MSFT,0.080640584,0.0,1
2023-12-10,NVDA,-0.94946045,0.0,1
2023-12-10,TSLA,-0.94946045,0.0,1
2023-12-11,AAPL,0.12815973,0.44101188,13
2023-12-11,MSFT,0.22237128,0.5403527,13
2023-12-11,NVDA,0.56578726,0.39246818,11
2023-12-11,TSLA,0.046232697,0.4870131,11
2023-12-12,AAPL,-0.18719268,0.5384511,17
2023-12-12,MSFT,-0.023515863,0.5957877,15
2023-12-12,NVDA,0.33992264,0.53177977,11
2023-12-12,TSLA,-0.33568197,0.29548684,9
2023-12-13,AAPL,-0.26211113,0.5793869,15
2023-12-13,MSFT,-0.20532404,0.6222157,12
2023-12-13,NVDA,-0.43409202,0.5881774,9
2023-12-13,TSLA,-0.34054792,0.5223172,12
2023-12-14,AAPL,0.260121,0.5927727,20
2023-12-14,MSFT,0.33833712,0.67893016,11
2023-12-14,NVDA,0.49449754,0.45577708,6
2023-12-14,TSLA,0.06730158,0.5774042,14
2023-12-15,AAPL,0.05928344,0.48895267,11
2023-12-15,MSFT,-0.03491341,0.41887048,12
2023-12-15,NVDA,0.12356654,0.37183562,8
2023-12-15,TSLA,-0.108663894,0.55741644,12
2023-12-16,AAPL,-0.95211434,0.0,1
2023-12-16,MSFT,0.069372706,0.8629877,3
2023-12-16,NVDA,0.08526196,0.4644065,2
2023-12-16,TSLA,-0.32666063,0.7345725,9
2023-12-17,AAPL,0.090323746,0.0,1
2023-12-17,MSFT,0.03301011,0.0,1
2023-12-17,NVDA,0.03301011,0.0,1
2023-12-17,TSLA,-0.177687,0.526794,4
2023-12-18,AAPL,-0.10040298,0.72046494,13
2023-12-18,MSFT,-0.357471,0.38318825,7
2023-12-18,NVDA,-0.044571273,0.63527644,8
2023-12-18,TSLA,0.27486664,0.31911966,9
2023-12-19,AAPL,0.032934133,0.47108012,14
2023-12-19,MSFT,-0.014985204,0.6840234,10
2023-12-19,NVDA,0.15487629,0.6109746,8
2023-12-19,TSLA,-0.0068507046,0.5593194,12
2023-12-20,AAPL,-0.060242888,0.4528067,13
2023-12-20,MSFT,0.01717471,0.4946481,11
2023-12-20,NVDA,0.04632796,0.54405147,11
2023-12-20,TSLA,-0.23293056,0.4243884,11
2023-12-21,AAPL,0.20935598,0.40180486,16
2023-12-21,MSFT,-0.022892412,0.3316409,14
2023-12-21,NVDA,0.18868674,0.6043442,13
2023-12-21,TSLA,0.12195457,0.5345364,13
2023-12-22,AAPL,-0.12082033,0.5860356,13
2023-12-22,MSFT,-0.19049671,0.49442586,10
2023-12-22,NVDA,-0.018451376,0.61088115,9
2023-12-22,TSLA,-0.1824473,0.55195093,10
2023-12-23,AAPL,0.022560513,0.6266124,5
2023-12-23,MSFT,0.22949964,0.4171266,4
2023-12-23,NVDA,0.730047,0.16422018,2
2023-12-23,TSLA,0.058224756,0.563239,6
2023-12-24,AAPL,0.062182922,0.813994,3
2023-12-24,MSFT,0.86057866,0.0,1
2023-12-24,NVDA,0.017945252,0.0,1
2023-12-24,TSLA,-0.46556956,0.59817624,2
2023-12-25,AAPL,0.20494944,0.4863295,3
2023-12-25,MSFT,-0.037984144,0.0,1
2023-12-25,NVDA,0.34162724,0.5368516,2
2023-12-25,TSLA,-0.63139534,0.29434165,2
2023-12-26,AAPL,0.0044166446,0.47529334,10
2023-12-26,MSFT,0.083986685,0.4183434,9
2023-12-26,NVDA,0.5828365,0.48319635,9
2023-12-26,TSLA,0.21901369,0.5378141,13
2023-12-27,AAPL,-0.15139712,0.5349337,16
2023-12-27,MSFT,-0.117199466,0.44586456,11
2023-12-27,NVDA,0.17760915,0.46423253,11
2023-12-27,TSLA,-0.043119203,0.47978163,12
2023-12-28,AAPL,-0.03577545,0.7225103,14
2023-12-28,MSFT,0.17589277,0.67459834,16
2023-12-28,NVDA,0.32629484,0.48042807,10
2023-12-28,TSLA,0.011225413,0.6798417,12
2023-12-29,AAPL,0.23337618,0.5384274,13
2023-12-29,MSFT,0.007378814,0.58444697,10
2023-12-29,NVDA,0.2820674,0.6989955,8
2023-12-29,TSLA,0.06916983,0.6087184,14
2023-12-30,AAPL,0.2693228,0.33279195,5
2023-12-30,MSFT,0.8034311,0.0,1
2023-12-30,NVDA,0.4534604,0.54091007,2
2023-12-30,TSLA,0.09440447,0.46960518,6
2023-12-31,TSLA,-0.00035383552,0.0,1
2024-01-01,AAPL,-0.20614725,0.3070499,2
2024-01-01,MSFT,0.46823823,0.27945837,2
2024-01-01,NVDA,0.19511275,0.60015017,3
2024-01-01,TSLA,0.22036806,0.26061085,4
2024-01-02,AAPL,-0.22009827,0.6236611,11
2024-01-02,MSFT,-0.14850594,0.63834727,12
2024-01-02,NVDA,-0.09490677,0.64137024,12
2024-01-02,TSLA,-0.11610109,0.69898736,13
2024-01-03,AAPL,-0.5310393,0.56441087,14
2024-01-03,MSFT,-0.2411207,0.5549559,14
2024-01-03,NVDA,-0.5323172,0.5016667,12
2024-01-03,TSLA,-0.12144228,0.61561865,14
2024-01-04,AAPL,-0.5958105,0.5368723,13
2024-01-04,MSFT,-0.24442054,0.48116758,8
2024-01-04,NVDA,0.01999993,0.743468,12
2024-01-04,TSLA,-0.10750649,0.6344147,12
2024-01-05,AAPL,-0.41016215,0.509258,15
2024-01-05,MSFT,-0.21236677,0.39306578,12
2024-01-05,NVDA,-0.18177198,0.5976533,14
2024-01-05,TSLA,-0.38331762,0.64329344,12
2024-01-06,AAPL,-0.4938748,0.6704882,2
2024-01-06,NVDA,-0.4938748,0.6704882,2
2024-01-06,TSLA,-0.70229,0.45775574,4
2024-01-07,AAPL,-0.33211118,0.9555174,3
2024-01-07,MSFT,-0.08285415,1.2055093,2
2024-01-07,TSLA,-0.75908595,0.24524966,3
2024-01-08,AAPL,-0.14593655,0.57206446,11
2024-01-08,MSFT,0.11778446,0.6785737,9
2024-01-08,NVDA,-0.05259696,0.73393226,15
2024-01-08,TSLA,-0.11414752,0.6546751,10
2024-01-09,AAPL,-0.03515358,0.6745836,10
2024-01-09,MSFT,0.045211338,0.6017603,14
2024-01-09,NVDA,0.0027249549,0.6902865,12
2024-01-09,TSLA,-0.088227145,0.7083456,11
2024-01-10,AAPL,-0.38097277,0.54017574,14
2024-01-10,MSFT,-0.2121525,0.62457037,11
2024-01-10,NVDA,0.05990111,0.6667982,13
2024-01-10,TSLA,-0.040390424,0.7213588,14
2024-01-11,AAPL,-0.57556695,0.4074353,11
2024-01-11,MSFT,-0.20040028,0.6105827,14
2024-01-11,NVDA,0.048574973,0.78446615,12
2024-01-11,TSLA,-0.24734564,0.8211464,10
2024-01-12,AAPL,0.02806784,0.5499979,14
2024-01-12,MSFT,-0.14992678,0.58066404,12
2024-01-12,NVDA,0.23471467,0.40409383,5
2024-01-12,TSLA,-0.15958183,0.4888324,15
2024-01-13,AAPL,-0.19500457,0.7986854,4
2024-01-13,MSFT,0.7924987,0.15766744,2
2024-01-13,NVDA,0.9039864,0.0,1
2024-01-13,TSLA,-0.011251271,0.7628694,4
2024-01-14,AAPL,0.1304589,0.0,1
2024-01-14,MSFT,0.1304589,0.0,1
2024-01-14,TSLA,-0.9560231,0.0,1
2024-01-15,AAPL,-0.3376223,0.78005236,5
2024-01-15,MSFT,0.30858263,0.7006057,5
2024-01-15,NVDA,0.20266716,0.42467403,3
2024-01-15,TSLA,0.2403503,0.526915,11
2024-01-16,AAPL,0.024532447,0.60653234,15
2024-01-16,MSFT,0.1533413,0.5657873,9
2024-01-16,NVDA,-0.13257907,0.6476171,9
2024-01-16,TSLA,-0.4657015,0.37517083,10
2024-01-17,AAPL,-0.13843212,0.66276973,14
2024-01-17,MSFT,-0.0691236,0.657178,13
2024-01-17,NVDA,0.124413356,0.6233032,7
2024-01-17,TSLA,-0.28805014,0.7377107,13
2024-01-18,AAPL,-0.047821794,0.7626047,15
2024-01-18,MSFT,0.039619878,0.73200333,13
2024-01-18,NVDA,-0.1898155,0.70174086,12
2024-01-18,TSLA,-0.24355677,0.51345545,10
2024-01-19,AAPL,-0.15179262,0.6926987,14
2024-01-19,MSFT,0.27816772,0.4410054,8
2024-01-19,NVDA,0.41952774,0.5638403,14
2024-01-19,TSLA,-0.07756557,0.71736264,7
2024-01-20,AAPL,-0.25793123,0.44149137,7
2024-01-20,MSFT,-0.3858422,0.75589836,3
2024-01-20,NVDA,0.054298323,0.14419058,3
2024-01-20,TSLA,-0.4509836,0.49390566,7
2024-01-21,MSFT,0.04529319,0.0,1
2024-01-21,NVDA,0.04529319,0.0,1
2024-01-21,TSLA,-0.35582656,0.567269,2
2024-01-22,AAPL,-0.03927478,0.4855158,14
2024-01-22,MSFT,-0.02779258,0.2836474,8
2024-01-22,NVDA,0.026611984,0.6737819,11
2024-01-22,TSLA,-0.0042611957,0.5474996,14
2024-01-23,AAPL,0.012307191,0.413167,17
2024-01-23,MSFT,-0.085513376,0.7309247,10
2024-01-23,NVDA,-0.09556795,0.7849635,13
2024-01-23,TSLA,-0.10265598,0.60649973,13
2024-01-24,AAPL,0.17650773,0.58908385,12
2024-01-24,MSFT,0.16213901,0.62414426,13
2024-01-24,NVDA,0.29252765,0.5771206,11
2024-01-24,TSLA,0.056610856,0.7509758,14
2024-01-25,AAPL,-0.06584794,0.63943696,18
2024-01-25,MSFT,0.036437783,0.6224463,14
2024-01-25,NVDA,0.11738006,0.7087601,14
2024-01-25,TSLA,-0.14198963,0.6426763,14
2024-01-26,AAPL,-0.0031912506,0.6551473,10
2024-01-26,MSFT,0.08035227,0.7353894,13
2024-01-26,NVDA,0.0728006,0.7482319,12
2024-01-26,TSLA,-0.27575293,0.84391654,11
2024-01-27,AAPL,-0.36733896,0.7663133,5
2024-01-27,MSFT,-0.38938373,0.76747924,2
2024-01-27,NVDA,0.067563094,0.66324437,5
2024-01-27,TSLA,-0.24051291,0.6691899,9
2024-01-28,AAPL,0.026801387,0.8139884,3
2024-01-28,MSFT,0.100260556,0.0,1
2024-01-28,NVDA,0.100260556,0.0,1
2024-01-28,TSLA,-0.4055856,0.71537447,2
2024-01-29,AAPL,-0.05870705,0.688429,17
2024-01-29,MSFT,-0.046709083,0.62414306,17
2024-01-29,NVDA,-0.01425159,0.7098569,14
2024-01-29,TSLA,0.06378245,0.6661357,16
2024-01-30,AAPL,0.2856439,0.5170871,16
2024-01-30,MSFT,0.29443228,0.6357458,18
2024-01-30,NVDA,-0.08937562,0.5612192,10
2024-01-30,TSLA,-0.04692298,0.68143886,12
